{"metadata":{"modules":{"imports":[],"exports":{"exported":[],"specifiers":[]}},"usedHelpers":[]},"ignored":false,"code":"// A dictionary mapping script URLs to a dictionary mapping\n// component key to component for all components that are waiting\n// for the script to load.\nvar scriptObservers = {};\n\n// A dictionary mapping script URL to a boolean value indicating if the script\n// has already been loaded.\nvar loadedScripts = {};\n\n// A dictionary mapping script URL to a boolean value indicating if the script\n// has failed to load.\nvar erroredScripts = {};\n\n// A counter used to generate a unique id for each component that uses\n// ScriptLoaderMixin.\nvar idCount = 0;\n\nvar ReactScriptLoader = {\n\tcomponentDidMount: function (key, component, scriptURL) {\n\t\tif (typeof component.onScriptLoaded !== 'function') {\n\t\t\tthrow new Error('ScriptLoader: Component class must implement onScriptLoaded()');\n\t\t}\n\t\tif (typeof component.onScriptError !== 'function') {\n\t\t\tthrow new Error('ScriptLoader: Component class must implement onScriptError()');\n\t\t}\n\t\tif (loadedScripts[scriptURL]) {\n\t\t\tcomponent.onScriptLoaded();\n\t\t\treturn;\n\t\t}\n\t\tif (erroredScripts[scriptURL]) {\n\t\t\tcomponent.onScriptError();\n\t\t\treturn;\n\t\t}\n\n\t\t// If the script is loading, add the component to the script's observers\n\t\t// and return. Otherwise, initialize the script's observers with the component\n\t\t// and start loading the script.\n\t\tif (scriptObservers[scriptURL]) {\n\t\t\tscriptObservers[scriptURL][key] = component;\n\t\t\treturn;\n\t\t}\n\n\t\tvar observers = {};\n\t\tobservers[key] = component;\n\t\tscriptObservers[scriptURL] = observers;\n\n\t\tvar script = document.createElement('script');\n\n\t\tif (typeof component.onScriptTagCreated === 'function') {\n\t\t\tcomponent.onScriptTagCreated(script);\n\t\t}\n\n\t\tscript.src = scriptURL;\n\t\tscript.async = 1;\n\n\t\tvar callObserverFuncAndRemoveObserver = function (func) {\n\t\t\tvar observers = scriptObservers[scriptURL];\n\t\t\tfor (var key in babelHelpers.sanitizeForInObject(observers)) {\n\t\t\t\tvar observer = observers[key];\n\t\t\t\tvar removeObserver = func(observer);\n\t\t\t\tif (removeObserver) {\n\t\t\t\t\tdelete scriptObservers[scriptURL][key];\n\t\t\t\t}\n\t\t\t}\n\t\t\t//delete scriptObservers[scriptURL];\n\t\t};\n\t\tscript.onload = function () {\n\t\t\tloadedScripts[scriptURL] = true;\n\t\t\tcallObserverFuncAndRemoveObserver(function (observer) {\n\t\t\t\tif (observer.deferOnScriptLoaded && observer.deferOnScriptLoaded()) {\n\t\t\t\t\treturn false;\n\t\t\t\t}\n\t\t\t\tobserver.onScriptLoaded();\n\t\t\t\treturn true;\n\t\t\t});\n\t\t};\n\t\tscript.onreadystatechange = function () {\n\t\t\tif (this.readyState == 'complete' || this.readyState == 'loaded') {\n\t\t\t\tscript.onload();\n\t\t\t}\n\t\t};\n\t\tscript.onerror = function (event) {\n\t\t\terroredScripts[scriptURL] = true;\n\t\t\tcallObserverFuncAndRemoveObserver(function (observer) {\n\t\t\t\tobserver.onScriptError();\n\t\t\t\treturn true;\n\t\t\t});\n\t\t};\n\t\t// (old) MSIE browsers may call 'onreadystatechange' instead of 'onload'\n\t\tscript.onreadystatechange = function () {\n\t\t\tif (this.readyState == 'loaded') {\n\t\t\t\t// wait for other events, then call onload if default onload hadn't been called\n\t\t\t\twindow.setTimeout(function () {\n\t\t\t\t\tif (loadedScripts[scriptURL] !== true) script.onload();\n\t\t\t\t}, 0);\n\t\t\t}\n\t\t};\n\n\t\tdocument.body.appendChild(script);\n\t},\n\tcomponentWillUnmount: function (key, scriptURL) {\n\t\t// If the component is waiting for the script to load, remove the\n\t\t// component from the script's observers before unmounting the component.\n\t\tvar observers = scriptObservers[scriptURL];\n\t\tif (observers) {\n\t\t\tdelete observers[key];\n\t\t}\n\t},\n\ttriggerOnScriptLoaded: function (scriptURL) {\n\t\tif (!loadedScripts[scriptURL]) {\n\t\t\tthrow new Error('Error: only call this function after the script has in fact loaded.');\n\t\t}\n\t\tvar observers = scriptObservers[scriptURL];\n\t\tfor (var key in babelHelpers.sanitizeForInObject(observers)) {\n\t\t\tvar observer = observers[key];\n\t\t\tobserver.onScriptLoaded();\n\t\t}\n\t\tdelete scriptObservers[scriptURL];\n\t}\n};\n\nvar ReactScriptLoaderMixin = {\n\tcomponentDidMount: function () {\n\t\tif (typeof this.getScriptURL !== 'function') {\n\t\t\tthrow new Error(\"ScriptLoaderMixin: Component class must implement getScriptURL().\");\n\t\t}\n\t\tReactScriptLoader.componentDidMount(this.__getScriptLoaderID(), this, this.getScriptURL());\n\t},\n\tcomponentWillUnmount: function () {\n\t\tReactScriptLoader.componentWillUnmount(this.__getScriptLoaderID(), this.getScriptURL());\n\t},\n\t__getScriptLoaderID: function () {\n\t\tif (typeof this.__reactScriptLoaderID === 'undefined') {\n\t\t\tthis.__reactScriptLoaderID = 'id' + idCount++;\n\t\t}\n\n\t\treturn this.__reactScriptLoaderID;\n\t}\n};\n\nexports.ReactScriptLoaderMixin = ReactScriptLoaderMixin;\nexports.ReactScriptLoader = ReactScriptLoader;","ast":null,"map":{"version":3,"sources":["/client/components/script/ReactScriptLoader.js"],"names":[],"mappings":";;;AAGA,IAAI,eAAe,GAAG,EAAE,CAAC;;;;AAIzB,IAAI,aAAa,GAAG,EAAE,CAAC;;;;AAIvB,IAAI,cAAc,GAAG,EAAE,CAAC;;;;AAIxB,IAAI,OAAO,GAAG,CAAC,CAAC;;AAEhB,IAAI,iBAAiB,GAAG;AACvB,kBAAiB,EAAE,UAAS,GAAG,EAAE,SAAS,EAAE,SAAS,EAAE;AACtD,MAAI,OAAO,SAAS,CAAC,cAAc,KAAK,UAAU,EAAE;AACnD,SAAM,IAAI,KAAK,CAAC,+DAA+D,CAAC,CAAC;GACjF;AACD,MAAI,OAAO,SAAS,CAAC,aAAa,KAAK,UAAU,EAAE;AAClD,SAAM,IAAI,KAAK,CAAC,8DAA8D,CAAC,CAAC;GAChF;AACD,MAAI,aAAa,CAAC,SAAS,CAAC,EAAE;AAC7B,YAAS,CAAC,cAAc,EAAE,CAAC;AAC3B,UAAO;GACP;AACD,MAAI,cAAc,CAAC,SAAS,CAAC,EAAE;AAC9B,YAAS,CAAC,aAAa,EAAE,CAAC;AAC1B,UAAO;GACP;;;;;AAKD,MAAI,eAAe,CAAC,SAAS,CAAC,EAAE;AAC/B,kBAAe,CAAC,SAAS,CAAC,CAAC,GAAG,CAAC,GAAG,SAAS,CAAC;AAC5C,UAAO;GACP;;AAED,MAAI,SAAS,GAAG,EAAE,CAAC;AACnB,WAAS,CAAC,GAAG,CAAC,GAAG,SAAS,CAAC;AAC3B,iBAAe,CAAC,SAAS,CAAC,GAAG,SAAS,CAAC;;AAEvC,MAAI,MAAM,GAAG,QAAQ,CAAC,aAAa,CAAC,QAAQ,CAAC,CAAC;;AAE9C,MAAI,OAAO,SAAS,CAAC,kBAAkB,KAAK,UAAU,EAAE;AACvD,YAAS,CAAC,kBAAkB,CAAC,MAAM,CAAC,CAAC;GACrC;;AAED,QAAM,CAAC,GAAG,GAAG,SAAS,CAAC;AACvB,QAAM,CAAC,KAAK,GAAG,CAAC,CAAC;;AAEjB,MAAI,iCAAiC,GAAG,UAAS,IAAI,EAAE;AACtD,OAAI,SAAS,GAAG,eAAe,CAAC,SAAS,CAAC,CAAC;AAC3C,QAAK,IAAI,GAAG,qCAAI,SAAS,GAAE;AAC1B,QAAI,QAAQ,GAAG,SAAS,CAAC,GAAG,CAAC,CAAC;AAC9B,QAAI,cAAc,GAAG,IAAI,CAAC,QAAQ,CAAC,CAAC;AACpC,QAAI,cAAc,EAAE;AACnB,YAAO,eAAe,CAAC,SAAS,CAAC,CAAC,GAAG,CAAC,CAAC;KACvC;IACD;;GAED,CAAA;AACD,QAAM,CAAC,MAAM,GAAG,YAAW;AAC1B,gBAAa,CAAC,SAAS,CAAC,GAAG,IAAI,CAAC;AAChC,oCAAiC,CAAC,UAAS,QAAQ,EAAE;AACpD,QAAI,QAAQ,CAAC,mBAAmB,IAAI,QAAQ,CAAC,mBAAmB,EAAE,EAAE;AACnE,YAAO,KAAK,CAAC;KACb;AACD,YAAQ,CAAC,cAAc,EAAE,CAAC;AAC1B,WAAO,IAAI,CAAC;IACZ,CAAC,CAAC;GACH,CAAC;AACF,QAAM,CAAC,kBAAkB,GAAG,YAAY;AAC9B,OAAI,IAAI,CAAC,UAAU,IAAI,UAAU,IAAI,IAAI,CAAC,UAAU,IAAI,QAAQ,EAAE;AAC9D,UAAM,CAAC,MAAM,EAAE,CAAC;IACnB;GACJ,CAAC;AACR,QAAM,CAAC,OAAO,GAAG,UAAS,KAAK,EAAE;AAChC,iBAAc,CAAC,SAAS,CAAC,GAAG,IAAI,CAAC;AACjC,oCAAiC,CAAC,UAAS,QAAQ,EAAE;AACpD,YAAQ,CAAC,aAAa,EAAE,CAAC;AACzB,WAAO,IAAI,CAAC;IACZ,CAAC,CAAC;GACH,CAAC;;AAEE,QAAM,CAAC,kBAAkB,GAAG,YAAW;AACpC,OAAI,IAAI,CAAC,UAAU,IAAI,QAAQ,EAAE;;AAE/B,UAAM,CAAC,UAAU,CAAC,YAAW;AAC1B,SAAI,aAAa,CAAC,SAAS,CAAC,KAAK,IAAI,EAAE,MAAM,CAAC,MAAM,EAAE,CAAC;KACzD,EAAE,CAAC,CAAC,CAAC;IACP;GACH,CAAC;;AAEN,UAAQ,CAAC,IAAI,CAAC,WAAW,CAAC,MAAM,CAAC,CAAC;EAClC;AACD,qBAAoB,EAAE,UAAS,GAAG,EAAE,SAAS,EAAE;;;AAG9C,MAAI,SAAS,GAAG,eAAe,CAAC,SAAS,CAAC,CAAC;AAC3C,MAAI,SAAS,EAAE;AACd,UAAO,SAAS,CAAC,GAAG,CAAC,CAAC;GACtB;EACD;AACD,sBAAqB,EAAE,UAAS,SAAS,EAAE;AAC1C,MAAI,CAAC,aAAa,CAAC,SAAS,CAAC,EAAE;AAC9B,SAAM,IAAI,KAAK,CAAC,qEAAqE,CAAC,CAAC;GACvF;AACD,MAAI,SAAS,GAAG,eAAe,CAAC,SAAS,CAAC,CAAC;AAC3C,OAAK,IAAI,GAAG,qCAAI,SAAS,GAAE;AAC1B,OAAI,QAAQ,GAAG,SAAS,CAAC,GAAG,CAAC,CAAC;AAC9B,WAAQ,CAAC,cAAc,EAAE,CAAC;GAC1B;AACD,SAAO,eAAe,CAAC,SAAS,CAAC,CAAC;EAClC;CACD,CAAC;;AAEF,IAAI,sBAAsB,GAAG;AAC5B,kBAAiB,EAAE,YAAW;AAC7B,MAAI,OAAO,IAAI,CAAC,YAAY,KAAK,UAAU,EAAE;AAC5C,SAAM,IAAI,KAAK,CAAC,mEAAmE,CAAC,CAAA;GACpF;AACD,mBAAiB,CAAC,iBAAiB,CAAC,IAAI,CAAC,mBAAmB,EAAE,EAAE,IAAI,EAAE,IAAI,CAAC,YAAY,EAAE,CAAC,CAAC;EAC3F;AACD,qBAAoB,EAAE,YAAW;AAChC,mBAAiB,CAAC,oBAAoB,CAAC,IAAI,CAAC,mBAAmB,EAAE,EAAE,IAAI,CAAC,YAAY,EAAE,CAAC,CAAC;EACxF;AACD,oBAAmB,EAAE,YAAW;AAC/B,MAAI,OAAO,IAAI,CAAC,qBAAqB,KAAK,WAAW,EAAE;AACtD,OAAI,CAAC,qBAAqB,GAAG,IAAI,GAAG,OAAO,EAAE,CAAC;GAC9C;;AAED,SAAO,IAAI,CAAC,qBAAqB,CAAC;EAClC;CACD,CAAC;;AAEF,OAAO,CAAC,sBAAsB,GAAG,sBAAsB,CAAC;AACxD,OAAO,CAAC,iBAAiB,GAAG,iBAAiB,CAAC","file":"/client/components/script/ReactScriptLoader.js.map","sourcesContent":["// A dictionary mapping script URLs to a dictionary mapping\n// component key to component for all components that are waiting\n// for the script to load.\nvar scriptObservers = {};\n\n// A dictionary mapping script URL to a boolean value indicating if the script\n// has already been loaded.\nvar loadedScripts = {};\n\n// A dictionary mapping script URL to a boolean value indicating if the script\n// has failed to load.\nvar erroredScripts = {};\n\n// A counter used to generate a unique id for each component that uses\n// ScriptLoaderMixin.\nvar idCount = 0;\n\nvar ReactScriptLoader = {\n\tcomponentDidMount: function(key, component, scriptURL) {\n\t\tif (typeof component.onScriptLoaded !== 'function') {\n\t\t\tthrow new Error('ScriptLoader: Component class must implement onScriptLoaded()');\n\t\t}\n\t\tif (typeof component.onScriptError !== 'function') {\n\t\t\tthrow new Error('ScriptLoader: Component class must implement onScriptError()');\n\t\t}\n\t\tif (loadedScripts[scriptURL]) {\n\t\t\tcomponent.onScriptLoaded();\n\t\t\treturn;\n\t\t}\n\t\tif (erroredScripts[scriptURL]) {\n\t\t\tcomponent.onScriptError();\n\t\t\treturn;\n\t\t}\n\n\t\t// If the script is loading, add the component to the script's observers\n\t\t// and return. Otherwise, initialize the script's observers with the component\n\t\t// and start loading the script.\n\t\tif (scriptObservers[scriptURL]) {\n\t\t\tscriptObservers[scriptURL][key] = component;\n\t\t\treturn;\n\t\t}\n\n\t\tvar observers = {};\n\t\tobservers[key] = component;\n\t\tscriptObservers[scriptURL] = observers;\n\n\t\tvar script = document.createElement('script');\n\n\t\tif (typeof component.onScriptTagCreated === 'function') {\n\t\t\tcomponent.onScriptTagCreated(script);\n\t\t}\n\n\t\tscript.src = scriptURL;\n\t\tscript.async = 1;\n\n\t\tvar callObserverFuncAndRemoveObserver = function(func) {\n\t\t\tvar observers = scriptObservers[scriptURL];\n\t\t\tfor (var key in observers) {\n\t\t\t\tvar observer = observers[key];\n\t\t\t\tvar removeObserver = func(observer);\n\t\t\t\tif (removeObserver) {\n\t\t\t\t\tdelete scriptObservers[scriptURL][key];\n\t\t\t\t}\n\t\t\t}\n\t\t\t//delete scriptObservers[scriptURL];\n\t\t}\n\t\tscript.onload = function() {\n\t\t\tloadedScripts[scriptURL] = true;\n\t\t\tcallObserverFuncAndRemoveObserver(function(observer) {\n\t\t\t\tif (observer.deferOnScriptLoaded && observer.deferOnScriptLoaded()) {\n\t\t\t\t\treturn false;\n\t\t\t\t}\n\t\t\t\tobserver.onScriptLoaded();\n\t\t\t\treturn true;\n\t\t\t});\n\t\t};\n\t\tscript.onreadystatechange = function () {\n            if (this.readyState == 'complete' || this.readyState == 'loaded') {\n                script.onload();\n            }\n        };\n\t\tscript.onerror = function(event) {\n\t\t\terroredScripts[scriptURL] = true;\n\t\t\tcallObserverFuncAndRemoveObserver(function(observer) {\n\t\t\t\tobserver.onScriptError();\n\t\t\t\treturn true;\n\t\t\t});\n\t\t};\n\t\t// (old) MSIE browsers may call 'onreadystatechange' instead of 'onload'\n    \t\tscript.onreadystatechange = function() {\n      \t\t\tif (this.readyState == 'loaded') {\n        \t\t\t// wait for other events, then call onload if default onload hadn't been called\n        \t\t\twindow.setTimeout(function() {\n          \t\t\t\tif (loadedScripts[scriptURL] !== true) script.onload();\n        \t\t\t}, 0);\n      \t\t\t}\n    \t\t};\n\n\t\tdocument.body.appendChild(script);\n\t},\n\tcomponentWillUnmount: function(key, scriptURL) {\n\t\t// If the component is waiting for the script to load, remove the\n\t\t// component from the script's observers before unmounting the component.\n\t\tvar observers = scriptObservers[scriptURL];\n\t\tif (observers) {\n\t\t\tdelete observers[key];\n\t\t}\n\t},\n\ttriggerOnScriptLoaded: function(scriptURL) {\n\t\tif (!loadedScripts[scriptURL]) {\n\t\t\tthrow new Error('Error: only call this function after the script has in fact loaded.');\n\t\t}\n\t\tvar observers = scriptObservers[scriptURL];\n\t\tfor (var key in observers) {\n\t\t\tvar observer = observers[key];\n\t\t\tobserver.onScriptLoaded();\n\t\t}\n\t\tdelete scriptObservers[scriptURL];\n\t}\n};\n\nvar ReactScriptLoaderMixin = {\n\tcomponentDidMount: function() {\n\t\tif (typeof this.getScriptURL !== 'function') {\n\t\t\tthrow new Error(\"ScriptLoaderMixin: Component class must implement getScriptURL().\")\n\t\t}\n\t\tReactScriptLoader.componentDidMount(this.__getScriptLoaderID(), this, this.getScriptURL());\n\t},\n\tcomponentWillUnmount: function() {\n\t\tReactScriptLoader.componentWillUnmount(this.__getScriptLoaderID(), this.getScriptURL());\n\t},\n\t__getScriptLoaderID: function() {\n\t\tif (typeof this.__reactScriptLoaderID === 'undefined') {\n\t\t\tthis.__reactScriptLoaderID = 'id' + idCount++;\n\t\t}\n\n\t\treturn this.__reactScriptLoaderID;\n\t},\n};\n\nexports.ReactScriptLoaderMixin = ReactScriptLoaderMixin;\nexports.ReactScriptLoader = ReactScriptLoader;\n"]},"hash":"01d7a50eb1960bbe8368d57b09fdf72e26a3c23f"}
