{"metadata":{"modules":{"imports":[],"exports":{"exported":[],"specifiers":[]}},"usedHelpers":[]},"ignored":false,"code":"if (Meteor.isServer) {\n  //SensorCollection = new Mongo.Collection('testCollection')\n  Meteor.publish('test', function () {\n    return SensorCollection.find({});\n  });\n}","ast":null,"map":{"version":3,"sources":["/dbData.js"],"names":[],"mappings":"AAAA,IAAG,MAAM,CAAC,QAAQ,EAAC;;AAEjB,QAAM,CAAC,OAAO,CAAC,MAAM,EAAC,YAAU;AAC9B,WAAO,gBAAgB,CAAC,IAAI,CAAC,EAAE,CAAC,CAAC;GAClC,CAAC,CAAC;CACJ","file":"/dbData.js.map","sourcesContent":["if(Meteor.isServer){\n  //SensorCollection = new Mongo.Collection('testCollection')\n  Meteor.publish('test',function(){\n    return SensorCollection.find({});\n  });\n}\n"]},"hash":"0356439562f12aef7d5074aea623abd264635211"}
