{"metadata":{"modules":{"imports":[],"exports":{"exported":[],"specifiers":[]}},"usedHelpers":[]},"ignored":false,"code":"<script src=\"//cdnjs.cloudflare.com/ajax/libs/dygraph/1.1.1/dygraph-combined.js\"></script>;","ast":null,"map":{"version":3,"sources":["/client/components/dashboard/graph/dygraphsScript.js"],"names":[],"mappings":"AAAE,CAAC,MAAM,CAAC,GAAG,CAAC,oEAAoE,CAAC,EAAE,MAAM,CAAC,CAAA","file":"/client/components/dashboard/graph/dygraphsScript.js.map","sourcesContent":["  <script src=\"//cdnjs.cloudflare.com/ajax/libs/dygraph/1.1.1/dygraph-combined.js\"></script>\n"]},"hash":"0382eae9cb10e6bbb514dc85314f3cd763fffb44"}
