{"metadata":{"modules":{"imports":[],"exports":{"exported":[],"specifiers":[]}},"usedHelpers":[]},"ignored":false,"code":"\nSites = new Mongo.Collection('sites');\nHubs = new Mongo.Collection('hubs');\nFirmwares = new Mongo.Collection('firmware');\nSensors1 = new Mongo.Collection('sensors1');\nThings = new Mongo.Collection('things');\nReadings = new Mongo.Collection('readings');\n\nif (Meteor.isServer) {\n  Sensors = new Mongo.Collection('sensors');\n  Meteor.publish('sensors', function () {\n    return Sensors.find();\n    /*return Sensors.find({day:{\n                          $gte: \"2016-02-19\",\n                          $lt: \"2016-03-11\"\n                        }});*/\n  });\n\n  //TODO pass userID as argument in function\n  Meteor.publish('sites', function () {\n    return Sites.find();\n  });\n\n  //Publish from hub\n  /*Meteor.publish(\"hubs\", function(siteId){\n    return Hubs.find({siteId:siteId});\n  });*/\n}","ast":null,"map":{"version":3,"sources":["/lib/collections/_collections.js"],"names":[],"mappings":";AACA,KAAK,GAAG,IAAI,KAAK,CAAC,UAAU,CAAC,OAAO,CAAC,CAAC;AACtC,IAAI,GAAG,IAAI,KAAK,CAAC,UAAU,CAAC,MAAM,CAAC,CAAC;AACpC,SAAS,GAAG,IAAI,KAAK,CAAC,UAAU,CAAC,UAAU,CAAC,CAAC;AAC7C,QAAQ,GAAG,IAAI,KAAK,CAAC,UAAU,CAAC,UAAU,CAAC,CAAC;AAC5C,MAAM,GAAG,IAAI,KAAK,CAAC,UAAU,CAAC,QAAQ,CAAC,CAAC;AACxC,QAAQ,GAAG,IAAI,KAAK,CAAC,UAAU,CAAC,UAAU,CAAC,CAAC;;AAE5C,IAAG,MAAM,CAAC,QAAQ,EAAC;AACjB,SAAO,GAAG,IAAI,KAAK,CAAC,UAAU,CAAC,SAAS,CAAC,CAAC;AAC1C,QAAM,CAAC,OAAO,CAAC,SAAS,EAAC,YAAU;AACjC,WAAO,OAAO,CAAC,IAAI,EAAE,CAAC;;;;;GAKvB,CAAC,CAAC;;;AAGH,QAAM,CAAC,OAAO,CAAC,OAAO,EAAE,YAAU;AAChC,WAAO,KAAK,CAAC,IAAI,EAAE,CAAC;GACrB,CAAC,CAAC;;;;;;CAMJ","file":"/lib/collections/_collections.js.map","sourcesContent":["\nSites = new Mongo.Collection('sites');\nHubs = new Mongo.Collection('hubs');\nFirmwares = new Mongo.Collection('firmware');\nSensors1 = new Mongo.Collection('sensors1');\nThings = new Mongo.Collection('things');\nReadings = new Mongo.Collection('readings');\n\nif(Meteor.isServer){\n  Sensors = new Mongo.Collection('sensors');\n  Meteor.publish('sensors',function(){\n    return Sensors.find();\n    /*return Sensors.find({day:{\n                          $gte: \"2016-02-19\",\n                          $lt: \"2016-03-11\"\n                        }});*/\n  });\n\n  //TODO pass userID as argument in function\n  Meteor.publish('sites', function(){\n    return Sites.find();\n  });\n\n  //Publish from hub\n  /*Meteor.publish(\"hubs\", function(siteId){\n    return Hubs.find({siteId:siteId});\n  });*/\n}\n"]},"hash":"07e4079a43bbc6a50639e6231b197774ab08032f"}
