{"metadata":{"modules":{"imports":[],"exports":{"exported":[],"specifiers":[]}},"usedHelpers":[]},"ignored":false,"code":"if (Meteor.isServer) {\n  Sensors = new Mongo.Collection('sensors');\n\n  Meteor.publish('sensors', function () {\n    return Sensors.find();\n    /*return Sensors.find({day:{\n                          $gte: \"2016-02-19\",\n                          $lt: \"2016-03-11\"\n                        }});*/\n  });\n}","ast":null,"map":{"version":3,"sources":["/server/dbConnect.js"],"names":[],"mappings":"AAAA,IAAG,MAAM,CAAC,QAAQ,EAAC;AACjB,SAAO,GAAG,IAAI,KAAK,CAAC,UAAU,CAAC,SAAS,CAAC,CAAC;;AAE1C,QAAM,CAAC,OAAO,CAAC,SAAS,EAAC,YAAU;AACjC,WAAO,OAAO,CAAC,IAAI,EAAE,CAAC;;;;;GAKvB,CAAC,CAAC;CACJ","file":"/server/dbConnect.js.map","sourcesContent":["if(Meteor.isServer){\n  Sensors = new Mongo.Collection('sensors');\n\n  Meteor.publish('sensors',function(){\n    return Sensors.find();\n    /*return Sensors.find({day:{\n                          $gte: \"2016-02-19\",\n                          $lt: \"2016-03-11\"\n                        }});*/\n  });\n}\n"]},"hash":"09a977d739f6543c1fed179aaf619d276d2d6ccf"}
