{"metadata":{"modules":{"imports":[],"exports":{"exported":[],"specifiers":[]}},"usedHelpers":[]},"ignored":false,"code":"Sensors = new Mongo.Collection('sensors');\nMeteor.subscribe('sensors');","ast":null,"map":{"version":3,"sources":["/client/components/dashboard/graph/getCollection.js"],"names":[],"mappings":"AAAA,OAAO,GAAG,IAAI,KAAK,CAAC,UAAU,CAAC,SAAS,CAAC,CAAC;AAC1C,MAAM,CAAC,SAAS,CAAC,SAAS,CAAC,CAAC","file":"/client/components/dashboard/graph/getCollection.js.map","sourcesContent":["Sensors = new Mongo.Collection('sensors');\nMeteor.subscribe('sensors');\n"]},"hash":"15fe7aa2fc84d4a10e9e4b7428fc7e58a8ac011c"}
