{"metadata":{"modules":{"imports":[],"exports":{"exported":[],"specifiers":[]}},"usedHelpers":[]},"ignored":false,"code":"if (Meteor.isServer) {\n  var d = new MongoInternals.RemoteCollectionDriver(\"mongodb://192.168.99.100:27017/biogrid\");\n  C = new Mongo.Collection(\"values\", { _driver: d });\n\n  Meteor.publish('values', function () {\n    return C.find({});\n  });\n}\n\nif (Meteor.isClient) {\n  C = new Mongo.Collection(\"values\");\n}","ast":null,"map":{"version":3,"sources":["/server/dbData.js"],"names":[],"mappings":"AAAA,IAAG,MAAM,CAAC,QAAQ,EAAC;AACjB,MAAI,CAAC,GAAG,IAAI,cAAc,CAAC,sBAAsB,CAAC,wCAAwC,CAAC,CAAC;AAC5F,GAAC,GAAG,IAAI,KAAK,CAAC,UAAU,CAAC,QAAQ,EAAE,EAAC,OAAO,EAAE,CAAC,EAAC,CAAC,CAAC;;AAEjD,QAAM,CAAC,OAAO,CAAC,QAAQ,EAAC,YAAU;AAChC,WAAO,CAAC,CAAC,IAAI,CAAC,EAAE,CAAC,CAAC;GACnB,CAAC,CAAC;CACJ;;AAED,IAAG,MAAM,CAAC,QAAQ,EAAC;AACjB,GAAC,GAAG,IAAI,KAAK,CAAC,UAAU,CAAC,QAAQ,CAAC,CAAC;CACpC","file":"/server/dbData.js.map","sourcesContent":["if(Meteor.isServer){\n  var d = new MongoInternals.RemoteCollectionDriver(\"mongodb://192.168.99.100:27017/biogrid\");\n  C = new Mongo.Collection(\"values\", {_driver: d});\n\n  Meteor.publish('values',function(){\n    return C.find({});\n  });\n}\n\nif(Meteor.isClient){\n  C = new Mongo.Collection(\"values\");\n}\n"]},"hash":"1d5348f1a0222d948f3a63424742f06aa5a363dc"}
