{"metadata":{"modules":{"imports":[],"exports":{"exported":[],"specifiers":[]}},"usedHelpers":[]},"ignored":false,"code":"// The schema is based on the Parent links pattern since it seems most suitable\n// for the document support in Meteor.\n\n// todo: add indexes as necessary\n\nvar Schemas = {};\n\nSchemas.Site = new SimpleSchema({\n  // todo: add client\n  name: { type: String, max: 200 }\n});\nSites.attachSchema(Schemas.Site);\n\nSchemas.Hub = new SimpleSchema({\n  hardware: { type: String, max: 200, optional: true },\n  hardware: { type: String, max: 200, optional: true },\n  uuid: { type: String, label: 'UUID', regEx: /^[0-9a-f]{8}-[0-9a-f]{4}-[1-5][0-9a-f]{3}-[89ab][0-9a-f]{3}-[0-9a-f]{12}$/i },\n  siteId: { type: String, regEx: SimpleSchema.RegEx.Id, optional: true },\n  firmwareId: { type: String, regEx: SimpleSchema.RegEx.Id, optional: true }\n});\nHubs.attachSchema(Schemas.Hub);\n\nSchemas.Sensor = new SimpleSchema({\n  sensorType: { type: String, max: 200 },\n  // todo: validation of graph properties\n  graph: { type: Object, optional: true },\n  uuid: { type: String, label: 'UUID', regEx: /^[0-9a-f]{8}-[0-9a-f]{4}-[1-5][0-9a-f]{3}-[89ab][0-9a-f]{3}-[0-9a-f]{12}$/i },\n  thingId: { type: String, regEx: SimpleSchema.RegEx.Id, optional: true },\n  hubId: { type: String, regEx: SimpleSchema.RegEx.Id, optional: true }\n});\nSensors1.attachSchema(Schemas.Sensor);\n\nSchemas.Reading = new SimpleSchema({\n  day: { type: String, min: 10, max: 10 },\n  values: { type: Object, optional: true },\n  sensorId: { type: String, regEx: SimpleSchema.RegEx.Id, optional: true }\n});\nReadings.attachSchema(Schemas.Reading);\n\nSchemas.Firmware = new SimpleSchema({\n  name: { type: String, max: 200 },\n  version: { type: String, max: 200 },\n  files: { type: [Object] }\n});\nFirmwares.attachSchema(Schemas.Firmware);","ast":null,"map":{"version":3,"sources":["/lib/schemas.js"],"names":[],"mappings":";;;;;AAKA,IAAI,OAAO,GAAG,EAAE,CAAA;;AAEhB,OAAO,CAAC,IAAI,GAAG,IAAI,YAAY,CAAC;;AAE9B,MAAI,EAAE,EAAE,IAAI,EAAE,MAAM,EAAE,GAAG,EAAE,GAAG,EAAE;CACjC,CAAC,CAAA;AACF,KAAK,CAAC,YAAY,CAAC,OAAO,CAAC,IAAI,CAAC,CAAA;;AAEhC,OAAO,CAAC,GAAG,GAAG,IAAI,YAAY,CAAC;AAC7B,UAAQ,EAAE,EAAE,IAAI,EAAE,MAAM,EAAE,GAAG,EAAE,GAAG,EAAE,QAAQ,EAAE,IAAI,EAAE;AACpD,UAAQ,EAAE,EAAE,IAAI,EAAE,MAAM,EAAE,GAAG,EAAE,GAAG,EAAE,QAAQ,EAAE,IAAI,EAAE;AACpD,MAAI,EAAE,EAAE,IAAI,EAAE,MAAM,EAAE,KAAK,EAAE,MAAM,EAAE,KAAK,EAAE,4EAA4E,EAAE;AAC1H,QAAM,EAAE,EAAE,IAAI,EAAE,MAAM,EAAE,KAAK,EAAE,YAAY,CAAC,KAAK,CAAC,EAAE,EAAE,QAAQ,EAAE,IAAI,EAAE;AACtE,YAAU,EAAE,EAAE,IAAI,EAAE,MAAM,EAAE,KAAK,EAAE,YAAY,CAAC,KAAK,CAAC,EAAE,EAAE,QAAQ,EAAE,IAAI,EAAE;CAC3E,CAAC,CAAA;AACF,IAAI,CAAC,YAAY,CAAC,OAAO,CAAC,GAAG,CAAC,CAAA;;AAE9B,OAAO,CAAC,MAAM,GAAG,IAAI,YAAY,CAAC;AAChC,YAAU,EAAE,EAAE,IAAI,EAAE,MAAM,EAAE,GAAG,EAAE,GAAG,EAAE;;AAEtC,OAAK,EAAE,EAAE,IAAI,EAAE,MAAM,EAAE,QAAQ,EAAE,IAAI,EAAE;AACvC,MAAI,EAAE,EAAE,IAAI,EAAE,MAAM,EAAE,KAAK,EAAE,MAAM,EAAE,KAAK,EAAE,4EAA4E,EAAE;AAC1H,SAAO,EAAE,EAAE,IAAI,EAAE,MAAM,EAAE,KAAK,EAAE,YAAY,CAAC,KAAK,CAAC,EAAE,EAAE,QAAQ,EAAE,IAAI,EAAE;AACvE,OAAK,EAAE,EAAE,IAAI,EAAE,MAAM,EAAE,KAAK,EAAE,YAAY,CAAC,KAAK,CAAC,EAAE,EAAE,QAAQ,EAAE,IAAI,EAAE;CACtE,CAAC,CAAA;AACF,QAAQ,CAAC,YAAY,CAAC,OAAO,CAAC,MAAM,CAAC,CAAA;;AAErC,OAAO,CAAC,OAAO,GAAG,IAAI,YAAY,CAAC;AACjC,KAAG,EAAE,EAAE,IAAI,EAAE,MAAM,EAAE,GAAG,EAAE,EAAE,EAAE,GAAG,EAAE,EAAE,EAAE;AACvC,QAAM,EAAE,EAAE,IAAI,EAAE,MAAM,EAAE,QAAQ,EAAE,IAAI,EAAE;AACxC,UAAQ,EAAE,EAAE,IAAI,EAAE,MAAM,EAAE,KAAK,EAAE,YAAY,CAAC,KAAK,CAAC,EAAE,EAAE,QAAQ,EAAE,IAAI,EAAE;CACzE,CAAC,CAAA;AACF,QAAQ,CAAC,YAAY,CAAC,OAAO,CAAC,OAAO,CAAC,CAAA;;AAEtC,OAAO,CAAC,QAAQ,GAAG,IAAI,YAAY,CAAC;AAClC,MAAI,EAAE,EAAE,IAAI,EAAE,MAAM,EAAE,GAAG,EAAE,GAAG,EAAE;AAChC,SAAO,EAAE,EAAE,IAAI,EAAE,MAAM,EAAE,GAAG,EAAE,GAAG,EAAE;AACnC,OAAK,EAAE,EAAE,IAAI,EAAE,CAAC,MAAM,CAAC,EAAE;CAC1B,CAAC,CAAA;AACF,SAAS,CAAC,YAAY,CAAC,OAAO,CAAC,QAAQ,CAAC,CAAA","file":"/lib/schemas.js.map","sourcesContent":["// The schema is based on the Parent links pattern since it seems most suitable\n// for the document support in Meteor.\n\n// todo: add indexes as necessary\n\nvar Schemas = {}\n\nSchemas.Site = new SimpleSchema({\n  // todo: add client\n  name: { type: String, max: 200 },\n})\nSites.attachSchema(Schemas.Site)\n\nSchemas.Hub = new SimpleSchema({\n  hardware: { type: String, max: 200, optional: true },\n  hardware: { type: String, max: 200, optional: true },\n  uuid: { type: String, label: 'UUID', regEx: /^[0-9a-f]{8}-[0-9a-f]{4}-[1-5][0-9a-f]{3}-[89ab][0-9a-f]{3}-[0-9a-f]{12}$/i },\n  siteId: { type: String, regEx: SimpleSchema.RegEx.Id, optional: true },\n  firmwareId: { type: String, regEx: SimpleSchema.RegEx.Id, optional: true }\n})\nHubs.attachSchema(Schemas.Hub)\n\nSchemas.Sensor = new SimpleSchema({\n  sensorType: { type: String, max: 200 },\n  // todo: validation of graph properties\n  graph: { type: Object, optional: true },\n  uuid: { type: String, label: 'UUID', regEx: /^[0-9a-f]{8}-[0-9a-f]{4}-[1-5][0-9a-f]{3}-[89ab][0-9a-f]{3}-[0-9a-f]{12}$/i },\n  thingId: { type: String, regEx: SimpleSchema.RegEx.Id, optional: true },\n  hubId: { type: String, regEx: SimpleSchema.RegEx.Id, optional: true }\n})\nSensors1.attachSchema(Schemas.Sensor)\n\nSchemas.Reading = new SimpleSchema({\n  day: { type: String, min: 10, max: 10 },\n  values: { type: Object, optional: true },\n  sensorId: { type: String, regEx: SimpleSchema.RegEx.Id, optional: true }\n})\nReadings.attachSchema(Schemas.Reading)\n\nSchemas.Firmware = new SimpleSchema({\n  name: { type: String, max: 200 },\n  version: { type: String, max: 200 },\n  files: { type: [Object] }\n})\nFirmwares.attachSchema(Schemas.Firmware)\n"]},"hash":"22fdfbcb31680fb01000753f3f3d0955f3b11c75"}
