{"metadata":{"modules":{"imports":[],"exports":{"exported":[],"specifiers":[]}},"usedHelpers":[]},"ignored":false,"code":"<script src=\"//cdnjs.cloudflare.com/ajax/libs/dygraph/1.1.1/dygraph-combined.js\"></script>;","ast":null,"map":{"version":3,"sources":["/client/dygraphsScript.js"],"names":[],"mappings":"AAAA,CAAC,MAAM,CAAC,GAAG,CAAC,oEAAoE,CAAC,EAAE,MAAM,CAAC,CAAA","file":"/client/dygraphsScript.js.map","sourcesContent":["<script src=\"//cdnjs.cloudflare.com/ajax/libs/dygraph/1.1.1/dygraph-combined.js\"></script>\n"]},"hash":"24bd5bc44e8d32b7876d35f2476f61c3cbc5e214"}
