{"metadata":{"modules":{"imports":[],"exports":{"exported":[],"specifiers":[]}},"usedHelpers":[]},"ignored":false,"code":"if (Meteor.isServer) {\n  Sensors = new Mongo.Collection('testCollection');\n  Meteor.publish('sensors', function () {\n    console.log(Sensors.find({ name: \"Peter\" }));\n    return Sensors.find({ name: \"Peter\" });\n  });\n}","ast":null,"map":{"version":3,"sources":["/test.js"],"names":[],"mappings":"AAAA,IAAG,MAAM,CAAC,QAAQ,EAAC;AACjB,SAAO,GAAG,IAAI,KAAK,CAAC,UAAU,CAAC,gBAAgB,CAAC,CAAA;AAChD,QAAM,CAAC,OAAO,CAAC,SAAS,EAAC,YAAU;AACjC,WAAO,CAAC,GAAG,CAAC,OAAO,CAAC,IAAI,CAAC,EAAC,IAAI,EAAC,OAAO,EAAC,CAAC,CAAC,CAAC;AAC1C,WAAO,OAAO,CAAC,IAAI,CAAC,EAAC,IAAI,EAAC,OAAO,EAAC,CAAC,CAAC;GACrC,CAAC,CAAC;CACJ","file":"/test.js.map","sourcesContent":["if(Meteor.isServer){\n  Sensors = new Mongo.Collection('testCollection')\n  Meteor.publish('sensors',function(){\n    console.log(Sensors.find({name:\"Peter\"}));\n    return Sensors.find({name:\"Peter\"});\n  });\n}\n"]},"hash":"28c0c0b20dfe702fa04a978650a3e84d2ce7ff5c"}
