{"metadata":{"modules":{"imports":[],"exports":{"exported":[],"specifiers":[]}},"usedHelpers":[]},"ignored":false,"code":"if (process.env.DDP_DEFAULT_CONNECTION_URL) {\n  __meteor_runtime_config__.DDP_DEFAULT_CONNECTION_URL = process.env.DDP_DEFAULT_CONNECTION_URL;\n}\n\nMeteor.server = new Server();\n\nMeteor.refresh = function (notification) {\n  DDPServer._InvalidationCrossbar.fire(notification);\n};\n\n// Proxy the public methods of Meteor.server so they can\n// be called directly on Meteor.\n_.each(['publish', 'methods', 'call', 'apply', 'onConnection'], function (name) {\n  Meteor[name] = _.bind(Meteor.server[name], Meteor.server);\n});\n\n// Meteor.server used to be called Meteor.default_server. Provide\n// backcompat as a courtesy even though it was never documented.\n// XXX COMPAT WITH 0.6.4\nMeteor.default_server = Meteor.server;","ast":null,"map":{"version":3,"sources":["/server_convenience.js"],"names":[],"mappings":"AAAA,IAAI,OAAO,CAAC,GAAG,CAAC,0BAA0B,EAAE;AAC1C,2BAAyB,CAAC,0BAA0B,GAClD,OAAO,CAAC,GAAG,CAAC,0BAA0B,CAAC;CAC1C;;AAED,MAAM,CAAC,MAAM,GAAG,IAAI,MAAM,EAAA,CAAC;;AAE3B,MAAM,CAAC,OAAO,GAAG,UAAU,YAAY,EAAE;AACvC,WAAS,CAAC,qBAAqB,CAAC,IAAI,CAAC,YAAY,CAAC,CAAC;CACpD,CAAC;;;;AAIF,CAAC,CAAC,IAAI,CAAC,CAAC,SAAS,EAAE,SAAS,EAAE,MAAM,EAAE,OAAO,EAAE,cAAc,CAAC,EACvD,UAAU,IAAI,EAAE;AACd,QAAM,CAAC,IAAI,CAAC,GAAG,CAAC,CAAC,IAAI,CAAC,MAAM,CAAC,MAAM,CAAC,IAAI,CAAC,EAAE,MAAM,CAAC,MAAM,CAAC,CAAC;CAC3D,CAAC,CAAC;;;;;AAKV,MAAM,CAAC,cAAc,GAAG,MAAM,CAAC,MAAM,CAAC","file":"/server_convenience.js.map","sourcesContent":["if (process.env.DDP_DEFAULT_CONNECTION_URL) {\n  __meteor_runtime_config__.DDP_DEFAULT_CONNECTION_URL =\n    process.env.DDP_DEFAULT_CONNECTION_URL;\n}\n\nMeteor.server = new Server;\n\nMeteor.refresh = function (notification) {\n  DDPServer._InvalidationCrossbar.fire(notification);\n};\n\n// Proxy the public methods of Meteor.server so they can\n// be called directly on Meteor.\n_.each(['publish', 'methods', 'call', 'apply', 'onConnection'],\n       function (name) {\n         Meteor[name] = _.bind(Meteor.server[name], Meteor.server);\n       });\n\n// Meteor.server used to be called Meteor.default_server. Provide\n// backcompat as a courtesy even though it was never documented.\n// XXX COMPAT WITH 0.6.4\nMeteor.default_server = Meteor.server;\n"]},"hash":"2b174b28914960a0af36eb9edd3ce290517eb552"}
