{"metadata":{"modules":{"imports":[],"exports":{"exported":[],"specifiers":[]}},"usedHelpers":[]},"ignored":false,"code":"if (Meteor.isServer) {\n  Sensors = new Mongo.Collection('sensors');\n  Meteor.publish('sensors', function () {\n    return Sensors.find({ day: \"2016-03-04\", type: \"co2\" });\n  });\n}","ast":null,"map":{"version":3,"sources":["/server/dbConnect.js"],"names":[],"mappings":"AAAA,IAAG,MAAM,CAAC,QAAQ,EAAC;AACjB,SAAO,GAAG,IAAI,KAAK,CAAC,UAAU,CAAC,SAAS,CAAC,CAAC;AAC1C,QAAM,CAAC,OAAO,CAAC,SAAS,EAAC,YAAU;AACjC,WAAO,OAAO,CAAC,IAAI,CAAC,EAAC,GAAG,EAAC,YAAY,EAAC,IAAI,EAAC,KAAK,EAAC,CAAC,CAAC;GACpD,CAAC,CAAC;CACJ","file":"/server/dbConnect.js.map","sourcesContent":["if(Meteor.isServer){\n  Sensors = new Mongo.Collection('sensors');\n  Meteor.publish('sensors',function(){\n    return Sensors.find({day:\"2016-03-04\",type:\"co2\"});\n  });\n}\n"]},"hash":"30500dbff13995305735ff6b469a3ef71958562d"}
