{"metadata":{"modules":{"imports":[],"exports":{"exported":[],"specifiers":[]}},"usedHelpers":[]},"ignored":false,"code":"var database = new MongoInternals.RemoteCollectionDriver(\"mongodb://192.168.99.100:27017/biogrid\");\nSensors = new Mongo.Collection(\"sensors\", { _driver: database });\n\nMeteor.publish('sensors', function () {\n  return Sensors.find({});\n});","ast":null,"map":{"version":3,"sources":["/server/dbData.js"],"names":[],"mappings":"AAAA,IAAI,QAAQ,GAAG,IAAI,cAAc,CAAC,sBAAsB,CAAC,wCAAwC,CAAC,CAAC;AACnG,OAAO,GAAG,IAAI,KAAK,CAAC,UAAU,CAAC,SAAS,EAAE,EAAC,OAAO,EAAE,QAAQ,EAAC,CAAC,CAAC;;AAE/D,MAAM,CAAC,OAAO,CAAC,SAAS,EAAC,YAAU;AACjC,SAAO,OAAO,CAAC,IAAI,CAAC,EAAE,CAAC,CAAC;CACzB,CAAC,CAAA","file":"/server/dbData.js.map","sourcesContent":["var database = new MongoInternals.RemoteCollectionDriver(\"mongodb://192.168.99.100:27017/biogrid\");\nSensors = new Mongo.Collection(\"sensors\", {_driver: database});\n\nMeteor.publish('sensors',function(){\n  return Sensors.find({});\n})\n"]},"hash":"3089aaf1bda87dab75ea3d8a576d25be41d0ed90"}
