{"metadata":{"modules":{"imports":[],"exports":{"exported":[],"specifiers":[]}},"usedHelpers":[]},"ignored":false,"code":"if (Meteor.isServer) {\n  SensorCollection = new Mongo.Collection('testCollection');\n  console.log(SensorCollection.find({ firstName: \"Peter\" }));\n  Meteor.publish('test', function () {\n    return SensorCollection.find();\n  });\n}","ast":null,"map":{"version":3,"sources":["/dbData.js"],"names":[],"mappings":"AAAA,IAAG,MAAM,CAAC,QAAQ,EAAC;AACjB,kBAAgB,GAAG,IAAI,KAAK,CAAC,UAAU,CAAC,gBAAgB,CAAC,CAAA;AACzD,SAAO,CAAC,GAAG,CAAC,gBAAgB,CAAC,IAAI,CAAC,EAAC,SAAS,EAAC,OAAO,EAAC,CAAC,CAAC,CAAC;AACxD,QAAM,CAAC,OAAO,CAAC,MAAM,EAAC,YAAU;AAC9B,WAAO,gBAAgB,CAAC,IAAI,EAAE,CAAC;GAChC,CAAC,CAAC;CACJ","file":"/dbData.js.map","sourcesContent":["if(Meteor.isServer){\n  SensorCollection = new Mongo.Collection('testCollection')\n  console.log(SensorCollection.find({firstName:\"Peter\"}));\n  Meteor.publish('test',function(){\n    return SensorCollection.find();\n  });\n}\n"]},"hash":"3226cd76f1e1adc3c7b017d66ebf7d07ec8e87a1"}
