{"metadata":{"modules":{"imports":[],"exports":{"exported":[],"specifiers":[]}},"usedHelpers":[]},"ignored":false,"code":"<script src=\"//cdnjs.cloudflare.com/ajax/libs/dygraph/1.1.1/dygraph-combined.js\" />;","ast":null,"map":{"version":3,"sources":["/client/dygraphsScript.js"],"names":[],"mappings":"AAAA,CAAC,MAAM,CAAC,GAAG,CAAC,oEAAoE,GAAE,CAAA","file":"/client/dygraphsScript.js.map","sourcesContent":["<script src=\"//cdnjs.cloudflare.com/ajax/libs/dygraph/1.1.1/dygraph-combined.js\"/>\n"]},"hash":"336a8459f58315265b2af91db2edf813333861ad"}
