{"metadata":{"modules":{"imports":[],"exports":{"exported":[],"specifiers":[]}},"usedHelpers":[]},"ignored":false,"code":"Sites = new Mongo.Collection('sites');\nHubs = new Mongo.Collection('hubs');\nFirmwares = new Mongo.Collection('firmware');\nSensors1 = new Mongo.Collection('sensors1');\nThings = new Mongo.Collection('things');\nReadings = new Mongo.Collection('readings');\n\nif (Meteor.isServer) {\n\n  //TODO pass userID as argument in function\n  Meteor.publish('sites', function () {\n    return Sites.find();\n  });\n\n  //Publish from Hubs\n  Meteor.publish('hubs', function (siteId) {\n    return Hubs.find({ siteId: siteId });\n  });\n\n  //Publish from Sensors1\n  Meteor.publish('sensors1', function (hubId) {\n    return Sensors1.find({ hubId: hubId });\n  });\n\n  //Publish from Things\n  Meteor.publish('things', function (thingId) {\n    return Things.find({ _id: thingId });\n  });\n\n  //Publish from Readings\n  Meteor.publish('readings', function (sensorId) {\n    return Readings.find({ sensorId: sensorId });\n  });\n}","ast":null,"map":{"version":3,"sources":["/lib/collections/_collections.js"],"names":[],"mappings":"AAAA,KAAK,GAAG,IAAI,KAAK,CAAC,UAAU,CAAC,OAAO,CAAC,CAAC;AACtC,IAAI,GAAG,IAAI,KAAK,CAAC,UAAU,CAAC,MAAM,CAAC,CAAC;AACpC,SAAS,GAAG,IAAI,KAAK,CAAC,UAAU,CAAC,UAAU,CAAC,CAAC;AAC7C,QAAQ,GAAG,IAAI,KAAK,CAAC,UAAU,CAAC,UAAU,CAAC,CAAC;AAC5C,MAAM,GAAG,IAAI,KAAK,CAAC,UAAU,CAAC,QAAQ,CAAC,CAAC;AACxC,QAAQ,GAAG,IAAI,KAAK,CAAC,UAAU,CAAC,UAAU,CAAC,CAAC;;AAE5C,IAAG,MAAM,CAAC,QAAQ,EAAC;;;AAGjB,QAAM,CAAC,OAAO,CAAC,OAAO,EAAE,YAAU;AAChC,WAAO,KAAK,CAAC,IAAI,EAAE,CAAC;GACrB,CAAC,CAAC;;;AAGH,QAAM,CAAC,OAAO,CAAC,MAAM,EAAE,UAAS,MAAM,EAAC;AACrC,WAAO,IAAI,CAAC,IAAI,CAAC,EAAC,MAAM,EAAC,MAAM,EAAC,CAAC,CAAC;GACnC,CAAC,CAAC;;;AAGH,QAAM,CAAC,OAAO,CAAC,UAAU,EAAE,UAAS,KAAK,EAAC;AACxC,WAAO,QAAQ,CAAC,IAAI,CAAC,EAAC,KAAK,EAAC,KAAK,EAAC,CAAC,CAAC;GACrC,CAAC,CAAC;;;AAGH,QAAM,CAAC,OAAO,CAAC,QAAQ,EAAE,UAAS,OAAO,EAAC;AACxC,WAAO,MAAM,CAAC,IAAI,CAAC,EAAC,GAAG,EAAC,OAAO,EAAC,CAAC,CAAC;GACnC,CAAC,CAAC;;;AAGH,QAAM,CAAC,OAAO,CAAC,UAAU,EAAE,UAAS,QAAQ,EAAC;AAC3C,WAAO,QAAQ,CAAC,IAAI,CAAC,EAAC,QAAQ,EAAC,QAAQ,EAAC,CAAC,CAAC;GAC3C,CAAC,CAAC;CACJ","file":"/lib/collections/_collections.js.map","sourcesContent":["Sites = new Mongo.Collection('sites');\nHubs = new Mongo.Collection('hubs');\nFirmwares = new Mongo.Collection('firmware');\nSensors1 = new Mongo.Collection('sensors1');\nThings = new Mongo.Collection('things');\nReadings = new Mongo.Collection('readings');\n\nif(Meteor.isServer){\n\n  //TODO pass userID as argument in function\n  Meteor.publish('sites', function(){\n    return Sites.find();\n  });\n\n  //Publish from Hubs\n  Meteor.publish('hubs', function(siteId){\n    return Hubs.find({siteId:siteId});\n  });\n\n  //Publish from Sensors1\n  Meteor.publish('sensors1', function(hubId){\n    return Sensors1.find({hubId:hubId});\n  });\n\n  //Publish from Things\n  Meteor.publish('things', function(thingId){\n    return Things.find({_id:thingId});\n  });\n\n  //Publish from Readings\n  Meteor.publish('readings', function(sensorId){\n    return Readings.find({sensorId:sensorId});\n  });\n}\n"]},"hash":"4a3ab21c8712ed3f0cbad542b5d096855257037a"}
