{"metadata":{"modules":{"imports":[],"exports":{"exported":[],"specifiers":[]}},"usedHelpers":[]},"ignored":false,"code":"if (Meteor.isServer) {\n  testC = new Mongo.Collection('testCollection');\n  Meteor.publish('test', function () {\n    return testC.find({});\n  });\n}","ast":null,"map":{"version":3,"sources":["/dbData.js"],"names":[],"mappings":"AAAA,IAAG,MAAM,CAAC,QAAQ,EAAC;AACjB,OAAK,GAAG,IAAI,KAAK,CAAC,UAAU,CAAC,gBAAgB,CAAC,CAAA;AAC9C,QAAM,CAAC,OAAO,CAAC,MAAM,EAAC,YAAU;AAC9B,WAAO,KAAK,CAAC,IAAI,CAAC,EAAE,CAAC,CAAC;GACvB,CAAC,CAAC;CACJ","file":"/dbData.js.map","sourcesContent":["if(Meteor.isServer){\n  testC = new Mongo.Collection('testCollection')\n  Meteor.publish('test',function(){\n    return testC.find({});\n  });\n}\n"]},"hash":"4cdabec875286389ee88e9d2b64311d0b487a404"}
