{"metadata":{"modules":{"imports":[],"exports":{"exported":[],"specifiers":[]}},"usedHelpers":[]},"ignored":false,"code":"if (Meteor.isClient) {\n  C = new Mongo.Collection(\"values\");\n}","ast":null,"map":{"version":3,"sources":["/client/dbClient.js"],"names":[],"mappings":"AAAA,IAAG,MAAM,CAAC,QAAQ,EAAC;AACjB,GAAC,GAAG,IAAI,KAAK,CAAC,UAAU,CAAC,QAAQ,CAAC,CAAC;CACpC","file":"/client/dbClient.js.map","sourcesContent":["if(Meteor.isClient){\n  C = new Mongo.Collection(\"values\");\n}\n"]},"hash":"4d62936cbbe5403e22a8d6223771125d4f456f3c"}
