{"metadata":{"modules":{"imports":[],"exports":{"exported":[],"specifiers":[]}},"usedHelpers":[]},"ignored":false,"code":"<script type=\"text/javascript\" src=\"//cdnjs.cloudflare.com/ajax/libs/dygraph/1.1.1/dygraph-combined.js\"></script>;","ast":null,"map":{"version":3,"sources":["/client/components/dashboard/graph/dygraphsScript.js"],"names":[],"mappings":"AAAA,CAAC,MAAM,CAAC,IAAI,CAAC,iBAAiB,CAAC,GAAG,CAAC,oEAAoE,CAAC,EAAE,MAAM,CAAC,CAAA","file":"/client/components/dashboard/graph/dygraphsScript.js.map","sourcesContent":["<script type=\"text/javascript\" src=\"//cdnjs.cloudflare.com/ajax/libs/dygraph/1.1.1/dygraph-combined.js\"></script>\n"]},"hash":"5195662746c659e28b36ea8c08ae83b4ce9f0689"}
