{"metadata":{"modules":{"imports":[],"exports":{"exported":[],"specifiers":[]}},"usedHelpers":[]},"ignored":false,"code":"var Ap = AccountsClient.prototype;\n\n// All of the special hash URLs we support for accounts interactions\nvar accountsPaths = [\"reset-password\", \"verify-email\", \"enroll-account\"];\n\nvar savedHash = window.location.hash;\n\nAp._initUrlMatching = function () {\n  // By default, allow the autologin process to happen.\n  this._autoLoginEnabled = true;\n\n  // We only support one callback per URL.\n  this._accountsCallbacks = {};\n\n  // Try to match the saved value of window.location.hash.\n  this._attemptToMatchHash();\n};\n\n// Separate out this functionality for testing\n\nAp._attemptToMatchHash = function () {\n  attemptToMatchHash(this, savedHash, defaultSuccessHandler);\n};\n\n// Note that both arguments are optional and are currently only passed by\n// accounts_url_tests.js.\nfunction attemptToMatchHash(accounts, hash, success) {\n  _.each(accountsPaths, function (urlPart) {\n    var token;\n\n    var tokenRegex = new RegExp(\"^\\\\#\\\\/\" + urlPart + \"\\\\/(.*)$\");\n    var match = hash.match(tokenRegex);\n\n    if (match) {\n      token = match[1];\n\n      // XXX COMPAT WITH 0.9.3\n      if (urlPart === \"reset-password\") {\n        accounts._resetPasswordToken = token;\n      } else if (urlPart === \"verify-email\") {\n        accounts._verifyEmailToken = token;\n      } else if (urlPart === \"enroll-account\") {\n        accounts._enrollAccountToken = token;\n      }\n    } else {\n      return;\n    }\n\n    // If no handlers match the hash, then maybe it's meant to be consumed\n    // by some entirely different code, so we only clear it the first time\n    // a handler successfully matches. Note that later handlers reuse the\n    // savedHash, so clearing window.location.hash here will not interfere\n    // with their needs.\n    window.location.hash = \"\";\n\n    // Do some stuff with the token we matched\n    success.call(accounts, token, urlPart);\n  });\n}\n\nfunction defaultSuccessHandler(token, urlPart) {\n  var self = this;\n\n  // put login in a suspended state to wait for the interaction to finish\n  self._autoLoginEnabled = false;\n\n  // wait for other packages to register callbacks\n  Meteor.startup(function () {\n    // if a callback has been registered for this kind of token, call it\n    if (self._accountsCallbacks[urlPart]) {\n      self._accountsCallbacks[urlPart](token, function () {\n        self._enableAutoLogin();\n      });\n    }\n  });\n}\n\n// Export for testing\nAccountsTest = {\n  attemptToMatchHash: function (hash, success) {\n    return attemptToMatchHash(Accounts, hash, success);\n  }\n};\n\n// XXX these should be moved to accounts-password eventually. Right now\n// this is prevented by the need to set autoLoginEnabled=false, but in\n// some bright future we won't need to do that anymore.\n\n/**\n * @summary Register a function to call when a reset password link is clicked\n * in an email sent by\n * [`Accounts.sendResetPasswordEmail`](#accounts_sendresetpasswordemail).\n * This function should be called in top-level code, not inside\n * `Meteor.startup()`.\n * @memberof! Accounts\n * @name onResetPasswordLink\n * @param  {Function} callback The function to call. It is given two arguments:\n *\n * 1. `token`: A password reset token that can be passed to\n * [`Accounts.resetPassword`](#accounts_resetpassword).\n * 2. `done`: A function to call when the password reset UI flow is complete. The normal\n * login process is suspended until this function is called, so that the\n * password for user A can be reset even if user B was logged in.\n * @locus Client\n */\nAp.onResetPasswordLink = function (callback) {\n  if (this._accountsCallbacks[\"reset-password\"]) {\n    Meteor._debug(\"Accounts.onResetPasswordLink was called more than once. \" + \"Only one callback added will be executed.\");\n  }\n\n  this._accountsCallbacks[\"reset-password\"] = callback;\n};\n\n/**\n * @summary Register a function to call when an email verification link is\n * clicked in an email sent by\n * [`Accounts.sendVerificationEmail`](#accounts_sendverificationemail).\n * This function should be called in top-level code, not inside\n * `Meteor.startup()`.\n * @memberof! Accounts\n * @name onEmailVerificationLink\n * @param  {Function} callback The function to call. It is given two arguments:\n *\n * 1. `token`: An email verification token that can be passed to\n * [`Accounts.verifyEmail`](#accounts_verifyemail).\n * 2. `done`: A function to call when the email verification UI flow is complete.\n * The normal login process is suspended until this function is called, so\n * that the user can be notified that they are verifying their email before\n * being logged in.\n * @locus Client\n */\nAp.onEmailVerificationLink = function (callback) {\n  if (this._accountsCallbacks[\"verify-email\"]) {\n    Meteor._debug(\"Accounts.onEmailVerificationLink was called more than once. \" + \"Only one callback added will be executed.\");\n  }\n\n  this._accountsCallbacks[\"verify-email\"] = callback;\n};\n\n/**\n * @summary Register a function to call when an account enrollment link is\n * clicked in an email sent by\n * [`Accounts.sendEnrollmentEmail`](#accounts_sendenrollmentemail).\n * This function should be called in top-level code, not inside\n * `Meteor.startup()`.\n * @memberof! Accounts\n * @name onEnrollmentLink\n * @param  {Function} callback The function to call. It is given two arguments:\n *\n * 1. `token`: A password reset token that can be passed to\n * [`Accounts.resetPassword`](#accounts_resetpassword) to give the newly\n * enrolled account a password.\n * 2. `done`: A function to call when the enrollment UI flow is complete.\n * The normal login process is suspended until this function is called, so that\n * user A can be enrolled even if user B was logged in.\n * @locus Client\n */\nAp.onEnrollmentLink = function (callback) {\n  if (this._accountsCallbacks[\"enroll-account\"]) {\n    Meteor._debug(\"Accounts.onEnrollmentLink was called more than once. \" + \"Only one callback added will be executed.\");\n  }\n\n  this._accountsCallbacks[\"enroll-account\"] = callback;\n};","ast":null,"map":{"version":3,"sources":["/url_client.js"],"names":[],"mappings":"AAAA,IAAI,EAAE,GAAG,cAAc,CAAC,SAAS,CAAC;;;AAGlC,IAAI,aAAa,GAAG,CAAC,gBAAgB,EAAE,cAAc,EAAE,gBAAgB,CAAC,CAAC;;AAEzE,IAAI,SAAS,GAAG,MAAM,CAAC,QAAQ,CAAC,IAAI,CAAC;;AAErC,EAAE,CAAC,gBAAgB,GAAG,YAAY;;AAEhC,MAAI,CAAC,iBAAiB,GAAG,IAAI,CAAC;;;AAG9B,MAAI,CAAC,kBAAkB,GAAG,EAAE,CAAC;;;AAG7B,MAAI,CAAC,mBAAmB,EAAE,CAAC;CAC5B,CAAC;;;;AAIF,EAAE,CAAC,mBAAmB,GAAG,YAAY;AACnC,oBAAkB,CAAC,IAAI,EAAE,SAAS,EAAE,qBAAqB,CAAC,CAAC;CAC5D,CAAC;;;;AAIF,SAAS,kBAAkB,CAAC,QAAQ,EAAE,IAAI,EAAE,OAAO,EAAE;AACnD,GAAC,CAAC,IAAI,CAAC,aAAa,EAAE,UAAU,OAAO,EAAE;AACvC,QAAI,KAAK,CAAC;;AAEV,QAAI,UAAU,GAAG,IAAI,MAAM,CAAC,SAAS,GAAG,OAAO,GAAG,UAAU,CAAC,CAAC;AAC9D,QAAI,KAAK,GAAG,IAAI,CAAC,KAAK,CAAC,UAAU,CAAC,CAAC;;AAEnC,QAAI,KAAK,EAAE;AACT,WAAK,GAAG,KAAK,CAAC,CAAC,CAAC,CAAC;;;AAGjB,UAAI,OAAO,KAAK,gBAAgB,EAAE;AAChC,gBAAQ,CAAC,mBAAmB,GAAG,KAAK,CAAC;OACtC,MAAM,IAAI,OAAO,KAAK,cAAc,EAAE;AACrC,gBAAQ,CAAC,iBAAiB,GAAG,KAAK,CAAC;OACpC,MAAM,IAAI,OAAO,KAAK,gBAAgB,EAAE;AACvC,gBAAQ,CAAC,mBAAmB,GAAG,KAAK,CAAC;OACtC;KACF,MAAM;AACL,aAAO;KACR;;;;;;;AAOD,UAAM,CAAC,QAAQ,CAAC,IAAI,GAAG,EAAE,CAAC;;;AAG1B,WAAO,CAAC,IAAI,CAAC,QAAQ,EAAE,KAAK,EAAE,OAAO,CAAC,CAAC;GACxC,CAAC,CAAC;CACJ;;AAED,SAAS,qBAAqB,CAAC,KAAK,EAAE,OAAO,EAAE;AAC7C,MAAI,IAAI,GAAG,IAAI,CAAC;;;AAGhB,MAAI,CAAC,iBAAiB,GAAG,KAAK,CAAC;;;AAG/B,QAAM,CAAC,OAAO,CAAC,YAAY;;AAEzB,QAAI,IAAI,CAAC,kBAAkB,CAAC,OAAO,CAAC,EAAE;AACpC,UAAI,CAAC,kBAAkB,CAAC,OAAO,CAAC,CAAC,KAAK,EAAE,YAAY;AAClD,YAAI,CAAC,gBAAgB,EAAE,CAAC;OACzB,CAAC,CAAC;KACJ;GACF,CAAC,CAAC;CACJ;;;AAGD,YAAY,GAAG;AACb,oBAAkB,EAAE,UAAU,IAAI,EAAE,OAAO,EAAE;AAC3C,WAAO,kBAAkB,CAAC,QAAQ,EAAE,IAAI,EAAE,OAAO,CAAC,CAAC;GACpD;CACF,CAAC;;;;;;;;;;;;;;;;;;;;;;;AAuBF,EAAE,CAAC,mBAAmB,GAAG,UAAU,QAAQ,EAAE;AAC3C,MAAI,IAAI,CAAC,kBAAkB,CAAC,gBAAgB,CAAC,EAAE;AAC7C,UAAM,CAAC,MAAM,CAAC,0DAA0D,GACtE,2CAA2C,CAAC,CAAC;GAChD;;AAED,MAAI,CAAC,kBAAkB,CAAC,gBAAgB,CAAC,GAAG,QAAQ,CAAC;CACtD,CAAC;;;;;;;;;;;;;;;;;;;;AAoBF,EAAE,CAAC,uBAAuB,GAAG,UAAU,QAAQ,EAAE;AAC/C,MAAI,IAAI,CAAC,kBAAkB,CAAC,cAAc,CAAC,EAAE;AAC3C,UAAM,CAAC,MAAM,CAAC,8DAA8D,GAC1E,2CAA2C,CAAC,CAAC;GAChD;;AAED,MAAI,CAAC,kBAAkB,CAAC,cAAc,CAAC,GAAG,QAAQ,CAAC;CACpD,CAAC;;;;;;;;;;;;;;;;;;;;AAoBF,EAAE,CAAC,gBAAgB,GAAG,UAAU,QAAQ,EAAE;AACxC,MAAI,IAAI,CAAC,kBAAkB,CAAC,gBAAgB,CAAC,EAAE;AAC7C,UAAM,CAAC,MAAM,CAAC,uDAAuD,GACnE,2CAA2C,CAAC,CAAC;GAChD;;AAED,MAAI,CAAC,kBAAkB,CAAC,gBAAgB,CAAC,GAAG,QAAQ,CAAC;CACtD,CAAC","file":"/url_client.js.map","sourcesContent":["var Ap = AccountsClient.prototype;\n\n// All of the special hash URLs we support for accounts interactions\nvar accountsPaths = [\"reset-password\", \"verify-email\", \"enroll-account\"];\n\nvar savedHash = window.location.hash;\n\nAp._initUrlMatching = function () {\n  // By default, allow the autologin process to happen.\n  this._autoLoginEnabled = true;\n\n  // We only support one callback per URL.\n  this._accountsCallbacks = {};\n\n  // Try to match the saved value of window.location.hash.\n  this._attemptToMatchHash();\n};\n\n// Separate out this functionality for testing\n\nAp._attemptToMatchHash = function () {\n  attemptToMatchHash(this, savedHash, defaultSuccessHandler);\n};\n\n// Note that both arguments are optional and are currently only passed by\n// accounts_url_tests.js.\nfunction attemptToMatchHash(accounts, hash, success) {\n  _.each(accountsPaths, function (urlPart) {\n    var token;\n\n    var tokenRegex = new RegExp(\"^\\\\#\\\\/\" + urlPart + \"\\\\/(.*)$\");\n    var match = hash.match(tokenRegex);\n\n    if (match) {\n      token = match[1];\n\n      // XXX COMPAT WITH 0.9.3\n      if (urlPart === \"reset-password\") {\n        accounts._resetPasswordToken = token;\n      } else if (urlPart === \"verify-email\") {\n        accounts._verifyEmailToken = token;\n      } else if (urlPart === \"enroll-account\") {\n        accounts._enrollAccountToken = token;\n      }\n    } else {\n      return;\n    }\n\n    // If no handlers match the hash, then maybe it's meant to be consumed\n    // by some entirely different code, so we only clear it the first time\n    // a handler successfully matches. Note that later handlers reuse the\n    // savedHash, so clearing window.location.hash here will not interfere\n    // with their needs.\n    window.location.hash = \"\";\n\n    // Do some stuff with the token we matched\n    success.call(accounts, token, urlPart);\n  });\n}\n\nfunction defaultSuccessHandler(token, urlPart) {\n  var self = this;\n\n  // put login in a suspended state to wait for the interaction to finish\n  self._autoLoginEnabled = false;\n\n  // wait for other packages to register callbacks\n  Meteor.startup(function () {\n    // if a callback has been registered for this kind of token, call it\n    if (self._accountsCallbacks[urlPart]) {\n      self._accountsCallbacks[urlPart](token, function () {\n        self._enableAutoLogin();\n      });\n    }\n  });\n}\n\n// Export for testing\nAccountsTest = {\n  attemptToMatchHash: function (hash, success) {\n    return attemptToMatchHash(Accounts, hash, success);\n  }\n};\n\n// XXX these should be moved to accounts-password eventually. Right now\n// this is prevented by the need to set autoLoginEnabled=false, but in\n// some bright future we won't need to do that anymore.\n\n/**\n * @summary Register a function to call when a reset password link is clicked\n * in an email sent by\n * [`Accounts.sendResetPasswordEmail`](#accounts_sendresetpasswordemail).\n * This function should be called in top-level code, not inside\n * `Meteor.startup()`.\n * @memberof! Accounts\n * @name onResetPasswordLink\n * @param  {Function} callback The function to call. It is given two arguments:\n *\n * 1. `token`: A password reset token that can be passed to\n * [`Accounts.resetPassword`](#accounts_resetpassword).\n * 2. `done`: A function to call when the password reset UI flow is complete. The normal\n * login process is suspended until this function is called, so that the\n * password for user A can be reset even if user B was logged in.\n * @locus Client\n */\nAp.onResetPasswordLink = function (callback) {\n  if (this._accountsCallbacks[\"reset-password\"]) {\n    Meteor._debug(\"Accounts.onResetPasswordLink was called more than once. \" +\n      \"Only one callback added will be executed.\");\n  }\n\n  this._accountsCallbacks[\"reset-password\"] = callback;\n};\n\n/**\n * @summary Register a function to call when an email verification link is\n * clicked in an email sent by\n * [`Accounts.sendVerificationEmail`](#accounts_sendverificationemail).\n * This function should be called in top-level code, not inside\n * `Meteor.startup()`.\n * @memberof! Accounts\n * @name onEmailVerificationLink\n * @param  {Function} callback The function to call. It is given two arguments:\n *\n * 1. `token`: An email verification token that can be passed to\n * [`Accounts.verifyEmail`](#accounts_verifyemail).\n * 2. `done`: A function to call when the email verification UI flow is complete.\n * The normal login process is suspended until this function is called, so\n * that the user can be notified that they are verifying their email before\n * being logged in.\n * @locus Client\n */\nAp.onEmailVerificationLink = function (callback) {\n  if (this._accountsCallbacks[\"verify-email\"]) {\n    Meteor._debug(\"Accounts.onEmailVerificationLink was called more than once. \" +\n      \"Only one callback added will be executed.\");\n  }\n\n  this._accountsCallbacks[\"verify-email\"] = callback;\n};\n\n/**\n * @summary Register a function to call when an account enrollment link is\n * clicked in an email sent by\n * [`Accounts.sendEnrollmentEmail`](#accounts_sendenrollmentemail).\n * This function should be called in top-level code, not inside\n * `Meteor.startup()`.\n * @memberof! Accounts\n * @name onEnrollmentLink\n * @param  {Function} callback The function to call. It is given two arguments:\n *\n * 1. `token`: A password reset token that can be passed to\n * [`Accounts.resetPassword`](#accounts_resetpassword) to give the newly\n * enrolled account a password.\n * 2. `done`: A function to call when the enrollment UI flow is complete.\n * The normal login process is suspended until this function is called, so that\n * user A can be enrolled even if user B was logged in.\n * @locus Client\n */\nAp.onEnrollmentLink = function (callback) {\n  if (this._accountsCallbacks[\"enroll-account\"]) {\n    Meteor._debug(\"Accounts.onEnrollmentLink was called more than once. \" +\n      \"Only one callback added will be executed.\");\n  }\n\n  this._accountsCallbacks[\"enroll-account\"] = callback;\n};\n"]},"hash":"54ac8b8cd8d013d764f821e46dd3a1f7403d341b"}
