{"metadata":{"modules":{"imports":[],"exports":{"exported":[],"specifiers":[]}},"usedHelpers":[]},"ignored":false,"code":"if (Meteor.isServer) {\n  SensorCollection = new Mongo.Collection('testCollection');\n  console.log(SensorCollection.find({ firstName: \"Peter\" })).pretty();\n  Meteor.publish('testCollection', function () {\n    return SensorCollection.find();\n  });\n}","ast":null,"map":{"version":3,"sources":["/dbData.js"],"names":[],"mappings":"AAAA,IAAG,MAAM,CAAC,QAAQ,EAAC;AACjB,kBAAgB,GAAG,IAAI,KAAK,CAAC,UAAU,CAAC,gBAAgB,CAAC,CAAA;AACzD,SAAO,CAAC,GAAG,CAAC,gBAAgB,CAAC,IAAI,CAAC,EAAC,SAAS,EAAC,OAAO,EAAC,CAAC,CAAC,CAAC,MAAM,EAAE,CAAC;AACjE,QAAM,CAAC,OAAO,CAAC,gBAAgB,EAAC,YAAU;AACxC,WAAO,gBAAgB,CAAC,IAAI,EAAE,CAAC;GAChC,CAAC,CAAC;CACJ","file":"/dbData.js.map","sourcesContent":["if(Meteor.isServer){\n  SensorCollection = new Mongo.Collection('testCollection')\n  console.log(SensorCollection.find({firstName:\"Peter\"})).pretty();\n  Meteor.publish('testCollection',function(){\n    return SensorCollection.find();\n  });\n}\n"]},"hash":"5669bb319163ee18e04a3f54b93db5b3553df109"}
