{"metadata":{"modules":{"imports":[],"exports":{"exported":[],"specifiers":[]}},"usedHelpers":[]},"ignored":false,"code":"if (Meteor.isServer) {\n  Sensors = new Mongo.Collection('sensors');\n  Meteor.publish('sensors', function () {\n    return Sensors.find({ day: \"2016-02-09\", type: \"rh\" });\n  });\n}","ast":null,"map":{"version":3,"sources":["/dbConnect.js"],"names":[],"mappings":"AAAA,IAAG,MAAM,CAAC,QAAQ,EAAC;AACjB,SAAO,GAAG,IAAI,KAAK,CAAC,UAAU,CAAC,SAAS,CAAC,CAAA;AACzC,QAAM,CAAC,OAAO,CAAC,SAAS,EAAC,YAAU;AACjC,WAAO,OAAO,CAAC,IAAI,CAAC,EAAC,GAAG,EAAC,YAAY,EAAC,IAAI,EAAC,IAAI,EAAC,CAAC,CAAC;GACnD,CAAC,CAAC;CACJ","file":"/dbConnect.js.map","sourcesContent":["if(Meteor.isServer){\n  Sensors = new Mongo.Collection('sensors')\n  Meteor.publish('sensors',function(){\n    return Sensors.find({day:\"2016-02-09\",type:\"rh\"});\n  });\n}\n"]},"hash":"5f31c74cc6d4ace2b32fe662493e3685509bcb62"}
