{"metadata":{"modules":{"imports":[],"exports":{"exported":[],"specifiers":[]}},"usedHelpers":[]},"ignored":false,"code":"// Sites = new Mongo.Collection('sites')\n// Hubs = new Mongo.Collection('hubs')\n// Firmware = new Mongo.Collection('firmware')\n// Sensors = new Mongo.Collection('sensors')\n// Things = new Mongo.Collection('things')\n// Readings = new Mongo.Collection('readings')\n\nif (Sites.find().count() === 0) {\n  console.log(\"Seeding database...\");\n\n  try {\n    // firmware\n    var luaGatewayId = Firmwares.insert({\n      name: 'LUA Gateway',\n      architecture: 'NodeMCU',\n      version: '0.9.1',\n      files: [{\n        name: 'init.lua',\n        content: 'uart.setup(0, 115200, 8, 0, 1, 1)'\n      }]\n    });\n\n    // sites\n    var greenSenseId = Sites.insert({ name: 'Green Sense Oslo' });\n    var holyCowId = Sites.insert({ name: 'Holy Cow Breeding Farm Oslo' });\n\n    // hubs\n    hubOneId = Hubs.insert({\n      hardware: 'ESP8266',\n      firmwareId: luaGatewayId,\n      siteId: greenSenseId,\n      uuid: 'D1707F4B-9E29-48C0-9A98-5C6E40FDAA7A'\n    });\n\n    hubTwoId = Hubs.insert({\n      hardware: 'ESP8266',\n      firmwareId: luaGatewayId,\n      siteId: greenSenseId,\n      uuid: '04FF1140-6108-45F8-A0F4-88B05DF4C1C4'\n    });\n\n    hubThreeId = Hubs.insert({\n      hardware: 'ESP8266',\n      firmwareId: luaGatewayId,\n      siteId: holyCowId,\n      uuid: '1F40FBB4-9715-4D65-8DB2-A7C330A07C86'\n    });\n\n    // things that the sensors are monitoring\n    basilId = Things.insert({ description: 'Basil leaf zone' });\n    nutrientsId = Things.insert({ description: 'Nutrient solution' });\n    cow1Id = Things.insert({ description: 'Cow named Kargo' });\n    cow2Id = Things.insert({ description: 'Cow named Blitz' });\n    cow3Id = Things.insert({ description: 'Cow named Duke' });\n\n    // sensors\n\n    var phId = Sensors.insert({\n      sensorType: 'pH sensor probe',\n      graph: { graphType: 'ph' },\n      uuid: '39000A7F-1847-4464-B3BC-F57FF0DF0F2E',\n      hubId: hubOneId,\n      thingId: nutrientsId });\n\n    var ecId = Sensors.insert({\n      sensorType: 'EC sensor probe',\n      graph: { graphType: 'sme' },\n      uuid: '0EE043A0-DA83-43F1-AFF9-C08762F60F43',\n      hubId: hubOneId,\n      thingId: nutrientsId });\n\n    var rhId = Sensors.insert({\n      sensorType: 'RH sensor',\n      graph: { graphType: 'percentage' },\n      uuid: 'E84D553D-C18E-4402-92A7-B3B56921F4DF',\n      hubId: hubTwoId,\n      thingId: basilId });\n\n    var cowMotion1Id = Sensors.insert({\n      sensorType: 'Cow activity detector',\n      graph: { graphType: 'percentage' },\n      uuid: '4F04F9F1-9392-46E3-B570-2A992663D67A',\n      hubId: hubThreeId,\n      thingId: cow1Id });\n\n    var cowMotion2Id = Sensors.insert({\n      sensorType: 'Cow activity detector',\n      graph: { graphType: 'percentage' },\n      uuid: 'D13B4889-7DE0-4E4E-AE79-248141209EA5',\n      hubId: hubThreeId,\n      thingId: cow2Id });\n\n    var cowMotion3Id = Sensors.insert({\n      sensorType: 'Cow activity detector',\n      graph: { graphType: 'percentage' },\n      uuid: 'FF47E9D3-BD17-447D-8E1C-EA6DB61D53A3',\n      hubId: hubThreeId,\n      thingId: cow3Id });\n\n    var tempId = Sensors.insert({\n      sensorType: 'Temperature sensor',\n      graph: { graphType: 'celcius' },\n      uuid: '553F4632-70A1-4BAB-A7DD-014CA91D9B03',\n      hubId: hubThreeId,\n      thingId: cow1Id });\n\n    Readings.insert({\n      day: '2016-02-09',\n      sensorId: ecId,\n      values: {\n        '11': {\n          '0': {\n            '1': 100,\n            '2': 101\n          }\n        }\n      }\n    });\n  } catch (err) {\n    console.error(\"Seeding error. Please drop the database and try again: \" + err.message);\n  }\n} else {\n  console.log(\"Using existing database\");\n}","ast":null,"map":{"version":3,"sources":["/lib/fixtures.js"],"names":[],"mappings":";;;;;;;AAOA,IAAI,KAAK,CAAC,IAAI,EAAE,CAAC,KAAK,EAAE,KAAK,CAAC,EAAE;AAC9B,SAAO,CAAC,GAAG,CAAC,qBAAqB,CAAC,CAAA;;AAElC,MAAI;;AAEF,QAAI,YAAY,GAAG,SAAS,CAAC,MAAM,CAAC;AAClC,UAAI,EAAE,aAAa;AACnB,kBAAY,EAAE,SAAS;AACvB,aAAO,EAAE,OAAO;AAChB,WAAK,EAAE,CAAC;AACN,YAAI,EAAE,UAAU;AAChB,eAAO,EAAE,mCAAmC;OAC7C,CAAC;KACH,CAAC,CAAA;;;AAGF,QAAI,YAAY,GAAG,KAAK,CAAC,MAAM,CAAC,EAAC,IAAI,EAAE,kBAAkB,EAAC,CAAC,CAAA;AAC3D,QAAI,SAAS,GAAG,KAAK,CAAC,MAAM,CAAC,EAAC,IAAI,EAAE,6BAA6B,EAAC,CAAC,CAAA;;;AAGnE,YAAQ,GAAG,IAAI,CAAC,MAAM,CAAC;AACrB,cAAQ,EAAE,SAAS;AACnB,gBAAU,EAAE,YAAY;AACxB,YAAM,EAAE,YAAY;AACpB,UAAI,EAAE,sCAAsC;KAC7C,CAAC,CAAA;;AAEF,YAAQ,GAAG,IAAI,CAAC,MAAM,CAAC;AACrB,cAAQ,EAAE,SAAS;AACnB,gBAAU,EAAE,YAAY;AACxB,YAAM,EAAE,YAAY;AACpB,UAAI,EAAE,sCAAsC;KAC7C,CAAC,CAAA;;AAEF,cAAU,GAAG,IAAI,CAAC,MAAM,CAAC;AACvB,cAAQ,EAAE,SAAS;AACnB,gBAAU,EAAE,YAAY;AACxB,YAAM,EAAE,SAAS;AACjB,UAAI,EAAE,sCAAsC;KAC7C,CAAC,CAAA;;;AAGF,WAAO,GAAG,MAAM,CAAC,MAAM,CAAC,EAAC,WAAW,EAAE,iBAAiB,EAAC,CAAC,CAAA;AACzD,eAAW,GAAG,MAAM,CAAC,MAAM,CAAC,EAAC,WAAW,EAAE,mBAAmB,EAAC,CAAC,CAAA;AAC/D,UAAM,GAAG,MAAM,CAAC,MAAM,CAAC,EAAC,WAAW,EAAE,iBAAiB,EAAC,CAAC,CAAA;AACxD,UAAM,GAAG,MAAM,CAAC,MAAM,CAAC,EAAC,WAAW,EAAE,iBAAiB,EAAC,CAAC,CAAA;AACxD,UAAM,GAAG,MAAM,CAAC,MAAM,CAAC,EAAC,WAAW,EAAE,gBAAgB,EAAC,CAAC,CAAA;;;;AAIvD,QAAI,IAAI,GAAG,OAAO,CAAC,MAAM,CAAC;AACxB,gBAAU,EAAE,iBAAiB;AAC7B,WAAK,EAAE,EAAC,SAAS,EAAE,IAAI,EAAC;AACxB,UAAI,EAAE,sCAAsC;AAC5C,WAAK,EAAE,QAAQ;AACf,aAAO,EAAE,WAAW,EAAC,CAAC,CAAA;;AAExB,QAAI,IAAI,GAAG,OAAO,CAAC,MAAM,CAAC;AACxB,gBAAU,EAAE,iBAAiB;AAC7B,WAAK,EAAE,EAAC,SAAS,EAAE,KAAK,EAAC;AACzB,UAAI,EAAE,sCAAsC;AAC5C,WAAK,EAAE,QAAQ;AACf,aAAO,EAAE,WAAW,EAAC,CAAC,CAAA;;AAExB,QAAI,IAAI,GAAG,OAAO,CAAC,MAAM,CAAC;AACxB,gBAAU,EAAE,WAAW;AACvB,WAAK,EAAE,EAAC,SAAS,EAAE,YAAY,EAAC;AAChC,UAAI,EAAE,sCAAsC;AAC5C,WAAK,EAAE,QAAQ;AACf,aAAO,EAAE,OAAO,EAAC,CAAC,CAAA;;AAEpB,QAAI,YAAY,GAAG,OAAO,CAAC,MAAM,CAAC;AAChC,gBAAU,EAAE,uBAAuB;AACnC,WAAK,EAAE,EAAC,SAAS,EAAE,YAAY,EAAC;AAChC,UAAI,EAAE,sCAAsC;AAC5C,WAAK,EAAE,UAAU;AACjB,aAAO,EAAE,MAAM,EAAC,CAAC,CAAA;;AAEnB,QAAI,YAAY,GAAG,OAAO,CAAC,MAAM,CAAC;AAChC,gBAAU,EAAE,uBAAuB;AACnC,WAAK,EAAE,EAAC,SAAS,EAAE,YAAY,EAAC;AAChC,UAAI,EAAE,sCAAsC;AAC5C,WAAK,EAAE,UAAU;AACjB,aAAO,EAAE,MAAM,EAAC,CAAC,CAAA;;AAEnB,QAAI,YAAY,GAAG,OAAO,CAAC,MAAM,CAAC;AAChC,gBAAU,EAAE,uBAAuB;AACnC,WAAK,EAAE,EAAC,SAAS,EAAE,YAAY,EAAC;AAChC,UAAI,EAAE,sCAAsC;AAC5C,WAAK,EAAE,UAAU;AACjB,aAAO,EAAE,MAAM,EAAC,CAAC,CAAA;;AAEnB,QAAI,MAAM,GAAG,OAAO,CAAC,MAAM,CAAC;AAC1B,gBAAU,EAAE,oBAAoB;AAChC,WAAK,EAAE,EAAC,SAAS,EAAE,SAAS,EAAC;AAC7B,UAAI,EAAE,sCAAsC;AAC5C,WAAK,EAAE,UAAU;AACjB,aAAO,EAAE,MAAM,EAAC,CAAC,CAAA;;AAEnB,YAAQ,CAAC,MAAM,CAAC;AACd,SAAG,EAAE,YAAY;AACjB,cAAQ,EAAE,IAAI;AACd,YAAM,EAAE;AACN,YAAI,EAAE;AACJ,aAAG,EAAE;AACH,eAAG,EAAE,GAAG;AACR,eAAG,EAAE,GAAG;WACT;SACF;OACF;KACF,CAAC,CAAA;GACH,CACD,OAAO,GAAG,EAAE;AACV,WAAO,CAAC,KAAK,CAAC,yDAAyD,GAAG,GAAG,CAAC,OAAO,CAAC,CAAA;GACvF;CACF,MACI;AACH,SAAO,CAAC,GAAG,CAAC,yBAAyB,CAAC,CAAA;CACvC","file":"/lib/fixtures.js.map","sourcesContent":["// Sites = new Mongo.Collection('sites')\n// Hubs = new Mongo.Collection('hubs')\n// Firmware = new Mongo.Collection('firmware')\n// Sensors = new Mongo.Collection('sensors')\n// Things = new Mongo.Collection('things')\n// Readings = new Mongo.Collection('readings')\n\nif (Sites.find().count() === 0) {\n  console.log(\"Seeding database...\")\n\n  try {\n    // firmware\n    var luaGatewayId = Firmwares.insert({\n      name: 'LUA Gateway',\n      architecture: 'NodeMCU',\n      version: '0.9.1',\n      files: [{\n        name: 'init.lua',\n        content: 'uart.setup(0, 115200, 8, 0, 1, 1)'\n      }]\n    })\n\n    // sites\n    var greenSenseId = Sites.insert({name: 'Green Sense Oslo'})\n    var holyCowId = Sites.insert({name: 'Holy Cow Breeding Farm Oslo'})\n\n    // hubs\n    hubOneId = Hubs.insert({\n      hardware: 'ESP8266',\n      firmwareId: luaGatewayId,\n      siteId: greenSenseId,\n      uuid: 'D1707F4B-9E29-48C0-9A98-5C6E40FDAA7A',\n    })\n\n    hubTwoId = Hubs.insert({\n      hardware: 'ESP8266',\n      firmwareId: luaGatewayId,\n      siteId: greenSenseId,\n      uuid: '04FF1140-6108-45F8-A0F4-88B05DF4C1C4',\n    })\n\n    hubThreeId = Hubs.insert({\n      hardware: 'ESP8266',\n      firmwareId: luaGatewayId,\n      siteId: holyCowId,\n      uuid: '1F40FBB4-9715-4D65-8DB2-A7C330A07C86',\n    })\n\n    // things that the sensors are monitoring\n    basilId = Things.insert({description: 'Basil leaf zone'})\n    nutrientsId = Things.insert({description: 'Nutrient solution'})\n    cow1Id = Things.insert({description: 'Cow named Kargo'})\n    cow2Id = Things.insert({description: 'Cow named Blitz'})\n    cow3Id = Things.insert({description: 'Cow named Duke'})\n\n    // sensors\n\n    var phId = Sensors.insert({\n      sensorType: 'pH sensor probe',\n      graph: {graphType: 'ph'},\n      uuid: '39000A7F-1847-4464-B3BC-F57FF0DF0F2E',\n      hubId: hubOneId,\n      thingId: nutrientsId})\n\n    var ecId = Sensors.insert({\n      sensorType: 'EC sensor probe',\n      graph: {graphType: 'sme'},\n      uuid: '0EE043A0-DA83-43F1-AFF9-C08762F60F43',\n      hubId: hubOneId,\n      thingId: nutrientsId})\n\n    var rhId = Sensors.insert({\n      sensorType: 'RH sensor',\n      graph: {graphType: 'percentage'},\n      uuid: 'E84D553D-C18E-4402-92A7-B3B56921F4DF',\n      hubId: hubTwoId,\n      thingId: basilId})\n\n    var cowMotion1Id = Sensors.insert({\n      sensorType: 'Cow activity detector',\n      graph: {graphType: 'percentage'},\n      uuid: '4F04F9F1-9392-46E3-B570-2A992663D67A',\n      hubId: hubThreeId,\n      thingId: cow1Id})\n\n    var cowMotion2Id = Sensors.insert({\n      sensorType: 'Cow activity detector',\n      graph: {graphType: 'percentage'},\n      uuid: 'D13B4889-7DE0-4E4E-AE79-248141209EA5',\n      hubId: hubThreeId,\n      thingId: cow2Id})\n\n    var cowMotion3Id = Sensors.insert({\n      sensorType: 'Cow activity detector',\n      graph: {graphType: 'percentage'},\n      uuid: 'FF47E9D3-BD17-447D-8E1C-EA6DB61D53A3',\n      hubId: hubThreeId,\n      thingId: cow3Id})\n\n    var tempId = Sensors.insert({\n      sensorType: 'Temperature sensor',\n      graph: {graphType: 'celcius'},\n      uuid: '553F4632-70A1-4BAB-A7DD-014CA91D9B03',\n      hubId: hubThreeId,\n      thingId: cow1Id})\n\n    Readings.insert({\n      day: '2016-02-09',\n      sensorId: ecId,\n      values: {\n        '11': {\n          '0': {\n            '1': 100,\n            '2': 101\n          }\n        }\n      }\n    })\n  }\n  catch (err) {\n    console.error(\"Seeding error. Please drop the database and try again: \" + err.message)\n  }\n}\nelse {\n  console.log(\"Using existing database\")\n}\n"]},"hash":"601f7979508f750d5b958172d28782d53ae23d50"}
