{"metadata":{"modules":{"imports":[],"exports":{"exported":[],"specifiers":[]}},"usedHelpers":[]},"ignored":false,"code":"if (Meteor.isServer) {\n  var d = new MongoInternals.RemoteCollectionDriver(\"mongodb://192.168.99.100:27017/biogrid/sensors\");\n  C = new Mongo.Collection('sensors', { _driver: d });\n  console.log(C.find({ \"type\": \"rh\" }, { \"values\": 1 }));\n  Meteor.publish('values', function () {\n    return C.find({});\n  });\n}","ast":null,"map":{"version":3,"sources":["/server/dbData.js"],"names":[],"mappings":"AAAA,IAAG,MAAM,CAAC,QAAQ,EAAC;AACjB,MAAI,CAAC,GAAG,IAAI,cAAc,CAAC,sBAAsB,CAAC,gDAAgD,CAAC,CAAC;AACpG,GAAC,GAAG,IAAI,KAAK,CAAC,UAAU,CAAC,SAAS,EAAE,EAAC,OAAO,EAAE,CAAC,EAAC,CAAC,CAAC;AAClD,SAAO,CAAC,GAAG,CAAC,CAAC,CAAC,IAAI,CAAC,EAAC,MAAM,EAAC,IAAI,EAAC,EAAC,EAAC,QAAQ,EAAC,CAAC,EAAC,CAAC,CAAC,CAAC;AAChD,QAAM,CAAC,OAAO,CAAC,QAAQ,EAAC,YAAU;AAChC,WAAO,CAAC,CAAC,IAAI,CAAC,EAAE,CAAC,CAAC;GACnB,CAAC,CAAC;CACJ","file":"/server/dbData.js.map","sourcesContent":["if(Meteor.isServer){\n  var d = new MongoInternals.RemoteCollectionDriver(\"mongodb://192.168.99.100:27017/biogrid/sensors\");\n  C = new Mongo.Collection('sensors', {_driver: d});\n  console.log(C.find({\"type\":\"rh\"},{\"values\":1}));\n  Meteor.publish('values',function(){\n    return C.find({});\n  });\n}\n"]},"hash":"60f843c4d208bbde75b4775cb960d1f85df5b64c"}
