{"metadata":{"modules":{"imports":[],"exports":{"exported":[],"specifiers":[]}},"usedHelpers":[]},"ignored":false,"code":"Sensors = new Mongo.Collection('sensors');","ast":null,"map":{"version":3,"sources":["/client/components/dashboard/graph/getCollection.js"],"names":[],"mappings":"AAAA,OAAO,GAAG,IAAI,KAAK,CAAC,UAAU,CAAC,SAAS,CAAC,CAAC","file":"/client/components/dashboard/graph/getCollection.js.map","sourcesContent":["Sensors = new Mongo.Collection('sensors');\n"]},"hash":"6320182ce5371ddae05a0efa9778f708f4c94b93"}
