{"metadata":{"modules":{"imports":[],"exports":{"exported":[],"specifiers":[]}},"usedHelpers":[]},"ignored":false,"code":"var d = new MongoInternals.RemoteCollectionDriver(\"mongodb://192.168.99.100:27017/biogrid\");\nC = new Mongo.Collection(\"values\", { _driver: d });\n\nMeteor.publish('SensorsTest', function () {\n  return SensorsTest.find({});\n});","ast":null,"map":{"version":3,"sources":["/server/dbData.js"],"names":[],"mappings":"AAAA,IAAI,CAAC,GAAG,IAAI,cAAc,CAAC,sBAAsB,CAAC,wCAAwC,CAAC,CAAC;AAC5F,CAAC,GAAG,IAAI,KAAK,CAAC,UAAU,CAAC,QAAQ,EAAE,EAAC,OAAO,EAAE,CAAC,EAAC,CAAC,CAAC;;AAEjD,MAAM,CAAC,OAAO,CAAC,aAAa,EAAC,YAAU;AACrC,SAAO,WAAW,CAAC,IAAI,CAAC,EAAE,CAAC,CAAC;CAC7B,CAAC,CAAA","file":"/server/dbData.js.map","sourcesContent":["var d = new MongoInternals.RemoteCollectionDriver(\"mongodb://192.168.99.100:27017/biogrid\");\nC = new Mongo.Collection(\"values\", {_driver: d});\n\nMeteor.publish('SensorsTest',function(){\n  return SensorsTest.find({});\n})\n"]},"hash":"6d71c9f031915e5e690642bb631d4e491c486b90"}
