{"metadata":{"modules":{"imports":[],"exports":{"exported":[],"specifiers":[]}},"usedHelpers":[]},"ignored":false,"code":"//Sensors = new Mongo.Collection(\"sensors\");\n\nMeteor.publish('sensors', function () {\n  return Sensors.find({});\n});","ast":null,"map":{"version":3,"sources":["/server/dbData.js"],"names":[],"mappings":";;AAEA,MAAM,CAAC,OAAO,CAAC,SAAS,EAAC,YAAU;AACjC,SAAO,OAAO,CAAC,IAAI,CAAC,EAAE,CAAC,CAAC;CACzB,CAAC,CAAA","file":"/server/dbData.js.map","sourcesContent":["//Sensors = new Mongo.Collection(\"sensors\");\n\nMeteor.publish('sensors',function(){\n  return Sensors.find({});\n})\n"]},"hash":"6e12e6ef31b3740b97837d8a418277b91891c86f"}
