{"metadata":{"modules":{"imports":[],"exports":{"exported":[],"specifiers":[]}},"usedHelpers":[]},"ignored":false,"code":"if (Meteor.isServer) {\n  var d = new MongoInternals.RemoteCollectionDriver(\"mongodb://192.168.99.100:27017/biogrid\");\n  C = new Mongo.Collection(\"values\", { _driver: d });\n\n  Meteor.publish('SensorsTest', function () {\n    return SensorsTest.find({});\n  });\n}","ast":null,"map":{"version":3,"sources":["/server/dbData.js"],"names":[],"mappings":"AAAA,IAAG,MAAM,CAAC,QAAQ,EAAC;AACjB,MAAI,CAAC,GAAG,IAAI,cAAc,CAAC,sBAAsB,CAAC,wCAAwC,CAAC,CAAC;AAC5F,GAAC,GAAG,IAAI,KAAK,CAAC,UAAU,CAAC,QAAQ,EAAE,EAAC,OAAO,EAAE,CAAC,EAAC,CAAC,CAAC;;AAEjD,QAAM,CAAC,OAAO,CAAC,aAAa,EAAC,YAAU;AACrC,WAAO,WAAW,CAAC,IAAI,CAAC,EAAE,CAAC,CAAC;GAC7B,CAAC,CAAC;CACJ","file":"/server/dbData.js.map","sourcesContent":["if(Meteor.isServer){\n  var d = new MongoInternals.RemoteCollectionDriver(\"mongodb://192.168.99.100:27017/biogrid\");\n  C = new Mongo.Collection(\"values\", {_driver: d});\n\n  Meteor.publish('SensorsTest',function(){\n    return SensorsTest.find({});\n  });\n}\n"]},"hash":"72754b305a1980c1918e490a67fcd14c3045ee01"}
