{"metadata":{"modules":{"imports":[],"exports":{"exported":[],"specifiers":[]}},"usedHelpers":[]},"ignored":false,"code":"if (Meteor.isServer) {\n  Sensors = new Mongo.Collection('sensors');\n  Meteor.publish('sensors', function () {\n    //return Sensors.find({day:\"2016-02-19\",type:\"co2\"});\n    return Sensors.find({ day: \"2016-03-08\" });\n  });\n}","ast":null,"map":{"version":3,"sources":["/server/dbConnect.js"],"names":[],"mappings":"AAAA,IAAG,MAAM,CAAC,QAAQ,EAAC;AACjB,SAAO,GAAG,IAAI,KAAK,CAAC,UAAU,CAAC,SAAS,CAAC,CAAC;AAC1C,QAAM,CAAC,OAAO,CAAC,SAAS,EAAC,YAAU;;AAEjC,WAAO,OAAO,CAAC,IAAI,CAAC,EAAC,GAAG,EAAC,YAAY,EAAC,CAAC,CAAC;GACzC,CAAC,CAAC;CACJ","file":"/server/dbConnect.js.map","sourcesContent":["if(Meteor.isServer){\n  Sensors = new Mongo.Collection('sensors');\n  Meteor.publish('sensors',function(){\n    //return Sensors.find({day:\"2016-02-19\",type:\"co2\"});\n    return Sensors.find({day:\"2016-03-08\"});\n  });\n}\n"]},"hash":"758731d054d5a7ac674bb60f7e4f5f2cecc8a023"}
