{"metadata":{"modules":{"imports":[],"exports":{"exported":[],"specifiers":[]}},"usedHelpers":[]},"ignored":false,"code":"Meteor.startup(function () {\n  $.getScript('//cdnjs.cloudflare.com/ajax/libs/dygraph/1.1.1/dygraph-combined.js');\n});","ast":null,"map":{"version":3,"sources":["/client/dygraphsScript.js"],"names":[],"mappings":"AAAA,MAAM,CAAC,OAAO,CAAC,YAAU;AACvB,GAAC,CAAC,SAAS,CAAC,oEAAoE,CAAC,CAAC;CACnF,CAAC,CAAC","file":"/client/dygraphsScript.js.map","sourcesContent":["Meteor.startup(function(){\n  $.getScript('//cdnjs.cloudflare.com/ajax/libs/dygraph/1.1.1/dygraph-combined.js');\n});\n"]},"hash":"80db011461086911a3226362b8810a282c26f58c"}
