{"metadata":{"modules":{"imports":[],"exports":{"exported":[],"specifiers":[]}},"usedHelpers":[]},"ignored":false,"code":"if (Meteor.isServer) {\n  Sensors = new Mongo.Collection('sensors');\n  Sites = new Mongo.Collection('sites');\n  Hubs = new Mongo.Collection('hubs');\n  Firmwares = new Mongo.Collection('firmware');\n  Sensors1 = new Mongo.Collection('sensors1');\n  Things = new Mongo.Collection('things');\n  Readings = new Mongo.Collection('readings');\n\n  Meteor.publish('sensors', function () {\n    return Sensors.find();\n    /*return Sensors.find({day:{\n                          $gte: \"2016-02-19\",\n                          $lt: \"2016-03-11\"\n                        }});*/\n  });\n\n  //TODO pass userID as argument in function\n  Meteor.publish('sites', function () {\n    return Sites.find();\n  });\n}","ast":null,"map":{"version":3,"sources":["/lib/collections/_collections.js"],"names":[],"mappings":"AAAA,IAAG,MAAM,CAAC,QAAQ,EAAC;AACjB,SAAO,GAAG,IAAI,KAAK,CAAC,UAAU,CAAC,SAAS,CAAC,CAAC;AAC1C,OAAK,GAAG,IAAI,KAAK,CAAC,UAAU,CAAC,OAAO,CAAC,CAAC;AACtC,MAAI,GAAG,IAAI,KAAK,CAAC,UAAU,CAAC,MAAM,CAAC,CAAC;AACpC,WAAS,GAAG,IAAI,KAAK,CAAC,UAAU,CAAC,UAAU,CAAC,CAAC;AAC7C,UAAQ,GAAG,IAAI,KAAK,CAAC,UAAU,CAAC,UAAU,CAAC,CAAC;AAC5C,QAAM,GAAG,IAAI,KAAK,CAAC,UAAU,CAAC,QAAQ,CAAC,CAAC;AACxC,UAAQ,GAAG,IAAI,KAAK,CAAC,UAAU,CAAC,UAAU,CAAC,CAAC;;AAE5C,QAAM,CAAC,OAAO,CAAC,SAAS,EAAC,YAAU;AACjC,WAAO,OAAO,CAAC,IAAI,EAAE,CAAC;;;;;GAKvB,CAAC,CAAC;;;AAGH,QAAM,CAAC,OAAO,CAAC,OAAO,EAAE,YAAU;AAChC,WAAO,KAAK,CAAC,IAAI,EAAE,CAAC;GACrB,CAAC,CAAC;CACJ","file":"/lib/collections/_collections.js.map","sourcesContent":["if(Meteor.isServer){\n  Sensors = new Mongo.Collection('sensors');\n  Sites = new Mongo.Collection('sites');\n  Hubs = new Mongo.Collection('hubs');\n  Firmwares = new Mongo.Collection('firmware');\n  Sensors1 = new Mongo.Collection('sensors1');\n  Things = new Mongo.Collection('things');\n  Readings = new Mongo.Collection('readings');\n\n  Meteor.publish('sensors',function(){\n    return Sensors.find();\n    /*return Sensors.find({day:{\n                          $gte: \"2016-02-19\",\n                          $lt: \"2016-03-11\"\n                        }});*/\n  });\n\n  //TODO pass userID as argument in function\n  Meteor.publish('sites', function(){\n    return Sites.find();\n  });\n}\n"]},"hash":"81323011d13abfeb5eecbf2d56212adc8d4602f2"}
