{"metadata":{"modules":{"imports":[],"exports":{"exported":[],"specifiers":[]}},"usedHelpers":[]},"ignored":false,"code":"AccountsTemplates.configure({\n    texts: {\n        button: {}\n    }\n});\n\nAccountsTemplates.configure({\n    texts: {\n        title: {\n            signIn: \"Please sign in to access the Biogrid Cortex\"\n        }\n    }\n});","ast":null,"map":{"version":3,"sources":["/lib/at_config.js"],"names":[],"mappings":"AAAA,iBAAiB,CAAC,SAAS,CAAC;AACxB,SAAK,EAAE;AACH,cAAM,EAAE,EACP;KACJ;CACJ,CAAC,CAAC;;AAEH,iBAAiB,CAAC,SAAS,CAAC;AACxB,SAAK,EAAE;AACL,aAAK,EAAE;AACL,kBAAM,EAAE,6CAA6C;SACtD;KACF;CACJ,CAAC,CAAC","file":"/lib/at_config.js.map","sourcesContent":["AccountsTemplates.configure({\n    texts: {\n        button: {\n        }\n    }\n});\n\nAccountsTemplates.configure({\n    texts: {\n      title: {\n        signIn: \"Please sign in to access the Biogrid Cortex\",\n      }\n    }\n});\n"]},"hash":"81603e7b8af2636655cb077ec938f78f70382895"}
