{"metadata":{"modules":{"imports":[],"exports":{"exported":[],"specifiers":[]}},"usedHelpers":[]},"ignored":false,"code":"Meteor.startup(function () {\n  $.getScriptURL('//cdnjs.cloudflare.com/ajax/libs/dygraph/1.1.1/dygraph-combined.js');\n});","ast":null,"map":{"version":3,"sources":["/client/dygraphsScript.js"],"names":[],"mappings":"AAAA,MAAM,CAAC,OAAO,CAAC,YAAU;AACvB,GAAC,CAAC,YAAY,CAAC,oEAAoE,CAAC,CAAC;CACtF,CAAC,CAAC","file":"/client/dygraphsScript.js.map","sourcesContent":["Meteor.startup(function(){\n  $.getScriptURL('//cdnjs.cloudflare.com/ajax/libs/dygraph/1.1.1/dygraph-combined.js');\n});\n"]},"hash":"870260fea4116f34140875fa897272067fe692ab"}
