{"metadata":{"modules":{"imports":[],"exports":{"exported":[],"specifiers":[]}},"usedHelpers":[]},"ignored":false,"code":"<script src=\"//cdnjs.cloudflare.com/ajax/libs/dygraph/1.1.1/dygraph-combined.js\"></script>;","ast":null,"map":{"version":3,"sources":["/client/components/dashboard/graph/dygraphsScript.js"],"names":[],"mappings":"AAAA,CAAC,MAAM,CAAC,GAAG,CAAC,oEAAoE,CAAC,EAAE,MAAM,CAAC,CAAA","file":"/client/components/dashboard/graph/dygraphsScript.js.map","sourcesContent":["<script src=\"//cdnjs.cloudflare.com/ajax/libs/dygraph/1.1.1/dygraph-combined.js\"></script>\n"]},"hash":"872ecee85422851928836809f83e11af60459a1c"}
