{"metadata":{"modules":{"imports":[],"exports":{"exported":[],"specifiers":[]}},"usedHelpers":[]},"ignored":false,"code":"if (Meteor.isServer) {\n  Sensors = new Mongo.Collection('testCollection');\n  Meteor.publish('sensors', function () {\n    return Sensors.find({ name: \"Peter\" });\n  });\n}","ast":null,"map":{"version":3,"sources":["/test.js"],"names":[],"mappings":"AAAA,IAAG,MAAM,CAAC,QAAQ,EAAC;AACjB,SAAO,GAAG,IAAI,KAAK,CAAC,UAAU,CAAC,gBAAgB,CAAC,CAAA;AAChD,QAAM,CAAC,OAAO,CAAC,SAAS,EAAC,YAAU;AACjC,WAAO,OAAO,CAAC,IAAI,CAAC,EAAC,IAAI,EAAC,OAAO,EAAC,CAAC,CAAC;GACrC,CAAC,CAAC;CACJ","file":"/test.js.map","sourcesContent":["if(Meteor.isServer){\n  Sensors = new Mongo.Collection('testCollection')\n  Meteor.publish('sensors',function(){\n    return Sensors.find({name:\"Peter\"});\n  });\n}\n"]},"hash":"8b1ea2ba8492a3a360259a221b72741229419137"}
