{"metadata":{"modules":{"imports":[],"exports":{"exported":[],"specifiers":[]}},"usedHelpers":[]},"ignored":false,"code":"if (Meteor.isServer) {\n  SensorCollection = new Mongo.Collection('testCollection');\n  Meteor.publish('testCollection', function () {\n    console.log(SensorCollection.find({}));\n    return SensorCollection.find();\n  });\n}","ast":null,"map":{"version":3,"sources":["/dbData.js"],"names":[],"mappings":"AAAA,IAAG,MAAM,CAAC,QAAQ,EAAC;AACjB,kBAAgB,GAAG,IAAI,KAAK,CAAC,UAAU,CAAC,gBAAgB,CAAC,CAAA;AACzD,QAAM,CAAC,OAAO,CAAC,gBAAgB,EAAC,YAAU;AACxC,WAAO,CAAC,GAAG,CAAC,gBAAgB,CAAC,IAAI,CAAC,EAAE,CAAC,CAAC,CAAC;AACvC,WAAO,gBAAgB,CAAC,IAAI,EAAE,CAAC;GAChC,CAAC,CAAC;CACJ","file":"/dbData.js.map","sourcesContent":["if(Meteor.isServer){\n  SensorCollection = new Mongo.Collection('testCollection')\n  Meteor.publish('testCollection',function(){\n    console.log(SensorCollection.find({}));\n    return SensorCollection.find();\n  });\n}\n"]},"hash":"90d825dc63bb047c2b37d92a71b626f86cfb435d"}
