{"metadata":{"modules":{"imports":[],"exports":{"exported":[],"specifiers":[]}},"usedHelpers":[]},"ignored":false,"code":"if (Meteor.isServer) {\n  SensorCollection = new Mongo.Collection('sensors');\n  Meteor.publish('sensors', function () {\n    return SensorCollection.find({ day: \"2016-02-20\", type: \"rh\" });\n  });\n}","ast":null,"map":{"version":3,"sources":["/dbData.js"],"names":[],"mappings":"AAAA,IAAG,MAAM,CAAC,QAAQ,EAAC;AACjB,kBAAgB,GAAG,IAAI,KAAK,CAAC,UAAU,CAAC,SAAS,CAAC,CAAA;AAClD,QAAM,CAAC,OAAO,CAAC,SAAS,EAAC,YAAU;AACjC,WAAO,gBAAgB,CAAC,IAAI,CAAC,EAAC,GAAG,EAAC,YAAY,EAAE,IAAI,EAAC,IAAI,EAAC,CAAC,CAAC;GAC7D,CAAC,CAAC;CACJ","file":"/dbData.js.map","sourcesContent":["if(Meteor.isServer){\n  SensorCollection = new Mongo.Collection('sensors')\n  Meteor.publish('sensors',function(){\n    return SensorCollection.find({day:\"2016-02-20\", type:\"rh\"});\n  });\n}\n"]},"hash":"9142e3659ae7af8eb0a7c9213f3c3b9b687d17f6"}
