{"metadata":{"modules":{"imports":[],"exports":{"exported":[],"specifiers":[]}},"usedHelpers":[]},"ignored":false,"code":"if (Meteor.isServer) {\n  Sensors = new Mongo.Collection('sensors');\n  Meteor.publish('sensors', function () {\n    //return Sensors.find({day:\"2016-02-19\"});\n    return Sensors.find({ day: {\n        $gte: \"2016-02-19\",\n        $lt: \"2016-03-11\"\n      } });\n  });\n}","ast":null,"map":{"version":3,"sources":["/server/dbConnect.js"],"names":[],"mappings":"AAAA,IAAG,MAAM,CAAC,QAAQ,EAAC;AACjB,SAAO,GAAG,IAAI,KAAK,CAAC,UAAU,CAAC,SAAS,CAAC,CAAC;AAC1C,QAAM,CAAC,OAAO,CAAC,SAAS,EAAC,YAAU;;AAEjC,WAAO,OAAO,CAAC,IAAI,CAAC,EAAC,GAAG,EAAC;AACH,YAAI,EAAE,YAAY;AAClB,WAAG,EAAE,YAAY;OAClB,EAAC,CAAC,CAAC;GACzB,CAAC,CAAC;CACJ","file":"/server/dbConnect.js.map","sourcesContent":["if(Meteor.isServer){\n  Sensors = new Mongo.Collection('sensors');\n  Meteor.publish('sensors',function(){\n    //return Sensors.find({day:\"2016-02-19\"});\n    return Sensors.find({day:{\n                          $gte: \"2016-02-19\",\n                          $lt: \"2016-03-11\"\n                        }});\n  });\n}\n"]},"hash":"98dfd3d6c9604bf1a1a114de5f16d21e2a910007"}
