{"metadata":{"modules":{"imports":[],"exports":{"exported":[],"specifiers":[]}},"usedHelpers":[]},"ignored":false,"code":"\n\nHubs = new Mongo.Collection('hubs');\nFirmwares = new Mongo.Collection('firmware');\nSensors1 = new Mongo.Collection('sensors1');\nThings = new Mongo.Collection('things');\nReadings = new Mongo.Collection('readings');\n\nif (Meteor.isServer) {\n  Sensors = new Mongo.Collection('sensors');\n  Meteor.publish('sensors', function () {\n    return Sensors.find();\n    /*return Sensors.find({day:{\n                          $gte: \"2016-02-19\",\n                          $lt: \"2016-03-11\"\n                        }});*/\n  });\n\n  Sites = new Mongo.Collection('sites');\n  //TODO pass userID as argument in function\n  Meteor.publish('sites', function () {\n    return Sites.find();\n  });\n}","ast":null,"map":{"version":3,"sources":["/lib/collections/_collections.js"],"names":[],"mappings":";;AAEA,IAAI,GAAG,IAAI,KAAK,CAAC,UAAU,CAAC,MAAM,CAAC,CAAC;AACpC,SAAS,GAAG,IAAI,KAAK,CAAC,UAAU,CAAC,UAAU,CAAC,CAAC;AAC7C,QAAQ,GAAG,IAAI,KAAK,CAAC,UAAU,CAAC,UAAU,CAAC,CAAC;AAC5C,MAAM,GAAG,IAAI,KAAK,CAAC,UAAU,CAAC,QAAQ,CAAC,CAAC;AACxC,QAAQ,GAAG,IAAI,KAAK,CAAC,UAAU,CAAC,UAAU,CAAC,CAAC;;AAE5C,IAAG,MAAM,CAAC,QAAQ,EAAC;AACjB,SAAO,GAAG,IAAI,KAAK,CAAC,UAAU,CAAC,SAAS,CAAC,CAAC;AAC1C,QAAM,CAAC,OAAO,CAAC,SAAS,EAAC,YAAU;AACjC,WAAO,OAAO,CAAC,IAAI,EAAE,CAAC;;;;;GAKvB,CAAC,CAAC;;AAEL,OAAK,GAAG,IAAI,KAAK,CAAC,UAAU,CAAC,OAAO,CAAC,CAAC;;AAEpC,QAAM,CAAC,OAAO,CAAC,OAAO,EAAE,YAAU;AAChC,WAAO,KAAK,CAAC,IAAI,EAAE,CAAC;GACrB,CAAC,CAAC;CACJ","file":"/lib/collections/_collections.js.map","sourcesContent":["\n\nHubs = new Mongo.Collection('hubs');\nFirmwares = new Mongo.Collection('firmware');\nSensors1 = new Mongo.Collection('sensors1');\nThings = new Mongo.Collection('things');\nReadings = new Mongo.Collection('readings');\n\nif(Meteor.isServer){\n  Sensors = new Mongo.Collection('sensors');\n  Meteor.publish('sensors',function(){\n    return Sensors.find();\n    /*return Sensors.find({day:{\n                          $gte: \"2016-02-19\",\n                          $lt: \"2016-03-11\"\n                        }});*/\n  });\n\nSites = new Mongo.Collection('sites');\n  //TODO pass userID as argument in function\n  Meteor.publish('sites', function(){\n    return Sites.find();\n  });\n}\n"]},"hash":"9912fcb69c74a8eba51f5cfcb8523b96d265635f"}
