{"metadata":{"modules":{"imports":[],"exports":{"exported":[],"specifiers":[]}},"usedHelpers":[]},"ignored":false,"code":"Sensors = new Mongo.Collection(\"sensors\");\n\nMeteor.publish('sensors', function () {\n  return Sensors.find({});\n});","ast":null,"map":{"version":3,"sources":["/server/dbData.js"],"names":[],"mappings":"AAAA,OAAO,GAAG,IAAI,KAAK,CAAC,UAAU,CAAC,SAAS,CAAC,CAAC;;AAE1C,MAAM,CAAC,OAAO,CAAC,SAAS,EAAC,YAAU;AACjC,SAAO,OAAO,CAAC,IAAI,CAAC,EAAE,CAAC,CAAC;CACzB,CAAC,CAAA","file":"/server/dbData.js.map","sourcesContent":["Sensors = new Mongo.Collection(\"sensors\");\n\nMeteor.publish('sensors',function(){\n  return Sensors.find({});\n})\n"]},"hash":"a119d92f56878665de9d334530c76b3b7dff820d"}
