{"metadata":{"modules":{"imports":[],"exports":{"exported":[],"specifiers":[]}},"usedHelpers":[]},"ignored":false,"code":"Meteor.startup(function () {\n  $.getScript('//cdnjs.cloudflare.com/ajax/libs/dygraph/1.1.1/dygraph-combined.js');\n});","ast":null,"map":{"version":3,"sources":["/client/script/dygraphsScript.js"],"names":[],"mappings":"AAAA,MAAM,CAAC,OAAO,CAAC,YAAU;AACvB,GAAC,CAAC,SAAS,CAAC,oEAAoE,CAAC,CAAC;CACnF,CAAC,CAAC","file":"/client/script/dygraphsScript.js.map","sourcesContent":["Meteor.startup(function(){\n  $.getScript('//cdnjs.cloudflare.com/ajax/libs/dygraph/1.1.1/dygraph-combined.js');\n});\n"]},"hash":"a3662a574f94ce21ae0005c7ca58528d8783a6c8"}
