{"metadata":{"modules":{"imports":[],"exports":{"exported":[],"specifiers":[]}},"usedHelpers":[]},"ignored":false,"code":"if (Meteor.isServer) {\n  sensors = new Mongo.Collection('testCollection');\n  Meteor.publish('sensors', function () {\n    return sensors.find({});\n  });\n}","ast":null,"map":{"version":3,"sources":["/test.js"],"names":[],"mappings":"AAAA,IAAG,MAAM,CAAC,QAAQ,EAAC;AACjB,SAAO,GAAG,IAAI,KAAK,CAAC,UAAU,CAAC,gBAAgB,CAAC,CAAA;AAChD,QAAM,CAAC,OAAO,CAAC,SAAS,EAAC,YAAU;AACjC,WAAO,OAAO,CAAC,IAAI,CAAC,EAAE,CAAC,CAAC;GACzB,CAAC,CAAC;CACJ","file":"/test.js.map","sourcesContent":["if(Meteor.isServer){\n  sensors = new Mongo.Collection('testCollection')\n  Meteor.publish('sensors',function(){\n    return sensors.find({});\n  });\n}\n"]},"hash":"ae2aca26e3d8a5fc39815fac7caa92cbead23730"}
