{"metadata":{"modules":{"imports":[],"exports":{"exported":[],"specifiers":[]}},"usedHelpers":[]},"ignored":false,"code":"Sensors = new Mongo.Collection('sensors');","ast":null,"map":{"version":3,"sources":["/client/components/dashboard/graph/clientDBconnect.js"],"names":[],"mappings":"AAAA,OAAO,GAAG,IAAI,KAAK,CAAC,UAAU,CAAC,SAAS,CAAC,CAAC","file":"/client/components/dashboard/graph/clientDBconnect.js.map","sourcesContent":["Sensors = new Mongo.Collection('sensors');\n"]},"hash":"ae7767201a59965e0521069a60ef645d99179fb3"}
