{"metadata":{"modules":{"imports":[],"exports":{"exported":[],"specifiers":[]}},"usedHelpers":[]},"ignored":false,"code":"if (Meteor.isServer) {\n  Sensors = new Mongo.Collection('sensors');\n  Meteor.publish('sensors', function () {\n    return Sensors.find({});\n  });\n}","ast":null,"map":{"version":3,"sources":["/test.js"],"names":[],"mappings":"AAAA,IAAG,MAAM,CAAC,QAAQ,EAAC;AACjB,SAAO,GAAG,IAAI,KAAK,CAAC,UAAU,CAAC,SAAS,CAAC,CAAA;AACzC,QAAM,CAAC,OAAO,CAAC,SAAS,EAAC,YAAU;AACjC,WAAO,OAAO,CAAC,IAAI,CAAC,EAAE,CAAC,CAAC;GACzB,CAAC,CAAC;CACJ","file":"/test.js.map","sourcesContent":["if(Meteor.isServer){\n  Sensors = new Mongo.Collection('sensors')\n  Meteor.publish('sensors',function(){\n    return Sensors.find({});\n  });\n}\n"]},"hash":"b14bee0e7add110ed30c54eba8db5bfe403c942e"}
