{"metadata":{"modules":{"imports":[],"exports":{"exported":[],"specifiers":[]}},"usedHelpers":[]},"ignored":false,"code":"Sensors = new Mongo.Collection(\"sensors\");\n\nMeteor.publish('sensors', function () {\n  return SensorsTest.find({});\n});","ast":null,"map":{"version":3,"sources":["/server/dbData.js"],"names":[],"mappings":"AAAA,OAAO,GAAG,IAAI,KAAK,CAAC,UAAU,CAAC,SAAS,CAAC,CAAC;;AAE1C,MAAM,CAAC,OAAO,CAAC,SAAS,EAAC,YAAU;AACjC,SAAO,WAAW,CAAC,IAAI,CAAC,EAAE,CAAC,CAAC;CAC7B,CAAC,CAAA","file":"/server/dbData.js.map","sourcesContent":["Sensors = new Mongo.Collection(\"sensors\");\n\nMeteor.publish('sensors',function(){\n  return SensorsTest.find({});\n})\n"]},"hash":"bda49a195f3119e9b8ae4da08d5c30e8b79891e9"}
