{"metadata":{"modules":{"imports":[],"exports":{"exported":[],"specifiers":[]}},"usedHelpers":[]},"ignored":false,"code":"<script src=\"http://cdnjs.cloudflare.com/ajax/libs/dygraph/1.1.1/dygraph-combined.js\"></script>;","ast":null,"map":{"version":3,"sources":["/client/components/dashboard/graph/dygraphsScript.js"],"names":[],"mappings":"AAAA,CAAC,MAAM,CAAC,GAAG,CAAC,yEAAyE,CAAC,EAAE,MAAM,CAAC,CAAA","file":"/client/components/dashboard/graph/dygraphsScript.js.map","sourcesContent":["<script src=\"http://cdnjs.cloudflare.com/ajax/libs/dygraph/1.1.1/dygraph-combined.js\"></script>\n"]},"hash":"beafa05067b77113924d1600562b353081945b0f"}
