{"metadata":{"modules":{"imports":[],"exports":{"exported":[],"specifiers":[]}},"usedHelpers":[]},"ignored":false,"code":"if (Meteor.isServer) {\n  //SensorCollection = new Mongo.Collection('testCollection')\n  Meteor.publish('sensors', function () {\n    return SensorCollection.find({});\n  });\n}","ast":null,"map":{"version":3,"sources":["/dbData.js"],"names":[],"mappings":"AAAA,IAAG,MAAM,CAAC,QAAQ,EAAC;;AAEjB,QAAM,CAAC,OAAO,CAAC,SAAS,EAAC,YAAU;AACjC,WAAO,gBAAgB,CAAC,IAAI,CAAC,EAAE,CAAC,CAAC;GAClC,CAAC,CAAC;CACJ","file":"/dbData.js.map","sourcesContent":["if(Meteor.isServer){\n  //SensorCollection = new Mongo.Collection('testCollection')\n  Meteor.publish('sensors',function(){\n    return SensorCollection.find({});\n  });\n}\n"]},"hash":"ca11cc6e24475042803072ea5efbf5744fae5b39"}
