{"metadata":{"modules":{"imports":[],"exports":{"exported":[],"specifiers":[]}},"usedHelpers":[]},"ignored":false,"code":"if (Meteor.isServer) {\n  var d = new MongoInternals.RemoteCollectionDriver(\"mongodb://192.168.99.100:27017/biogrid/sensors\");\n  C = new Mongo.Collection(\"values\", { _driver: d });\n  console.log(C.find({ \"type\": \"rh\" }));\n  Meteor.publish('values', function () {\n    return C.find({});\n  });\n}","ast":null,"map":{"version":3,"sources":["/server/dbData.js"],"names":[],"mappings":"AAAA,IAAG,MAAM,CAAC,QAAQ,EAAC;AACjB,MAAI,CAAC,GAAG,IAAI,cAAc,CAAC,sBAAsB,CAAC,gDAAgD,CAAC,CAAC;AACpG,GAAC,GAAG,IAAI,KAAK,CAAC,UAAU,CAAC,QAAQ,EAAE,EAAC,OAAO,EAAE,CAAC,EAAC,CAAC,CAAC;AACjD,SAAO,CAAC,GAAG,CAAC,CAAC,CAAC,IAAI,CAAC,EAAC,MAAM,EAAC,IAAI,EAAC,CAAC,CAAC,CAAC;AACnC,QAAM,CAAC,OAAO,CAAC,QAAQ,EAAC,YAAU;AAChC,WAAO,CAAC,CAAC,IAAI,CAAC,EAAE,CAAC,CAAC;GACnB,CAAC,CAAC;CACJ","file":"/server/dbData.js.map","sourcesContent":["if(Meteor.isServer){\n  var d = new MongoInternals.RemoteCollectionDriver(\"mongodb://192.168.99.100:27017/biogrid/sensors\");\n  C = new Mongo.Collection(\"values\", {_driver: d});\n  console.log(C.find({\"type\":\"rh\"}));\n  Meteor.publish('values',function(){\n    return C.find({});\n  });\n}\n"]},"hash":"d48ee093f60143c6df362ccda83f90127f6d8b90"}
