{"metadata":{"modules":{"imports":[],"exports":{"exported":[],"specifiers":[]}},"usedHelpers":[]},"ignored":false,"code":"Sensors = new Mongo.Collection('sensors');","ast":null,"map":{"version":3,"sources":["/client/components/graph/clientDBconnect.js"],"names":[],"mappings":"AAAA,OAAO,GAAG,IAAI,KAAK,CAAC,UAAU,CAAC,SAAS,CAAC,CAAC","file":"/client/components/graph/clientDBconnect.js.map","sourcesContent":["Sensors = new Mongo.Collection('sensors');\n"]},"hash":"d68492f38283396101abf989b23fa2acd17b020b"}
