{"metadata":{"modules":{"imports":[],"exports":{"exported":[],"specifiers":[]}},"usedHelpers":[]},"ignored":false,"code":"if (Meteor.isServer) {\n  Sensors = new Mongo.Collection('sensors');\n  Meteor.publish('sensors', function () {\n    return Sensors.find({ day: \"2016-02-09\", type: \"rh\" }).fetch();\n  });\n}","ast":null,"map":{"version":3,"sources":["/test.js"],"names":[],"mappings":"AAAA,IAAG,MAAM,CAAC,QAAQ,EAAC;AACjB,SAAO,GAAG,IAAI,KAAK,CAAC,UAAU,CAAC,SAAS,CAAC,CAAA;AACzC,QAAM,CAAC,OAAO,CAAC,SAAS,EAAC,YAAU;AACjC,WAAO,OAAO,CAAC,IAAI,CAAC,EAAC,GAAG,EAAC,YAAY,EAAC,IAAI,EAAC,IAAI,EAAC,CAAC,CAAC,KAAK,EAAE,CAAC;GAC3D,CAAC,CAAC;CACJ","file":"/test.js.map","sourcesContent":["if(Meteor.isServer){\n  Sensors = new Mongo.Collection('sensors')\n  Meteor.publish('sensors',function(){\n    return Sensors.find({day:\"2016-02-09\",type:\"rh\"}).fetch();\n  });\n}\n"]},"hash":"db3187b835554d2a06d7e38c0f1a923484338015"}
