{"metadata":{"modules":{"imports":[],"exports":{"exported":[],"specifiers":[]}},"usedHelpers":[]},"ignored":false,"code":"var database = new MongoInternals.RemoteCollectionDriver(\"mongodb://192.168.99.100:27017/biogrid\");\nSensorsTest = new Mongo.Collection(\"SensorsTest\", { _driver: database });\n\nMeteor.publish('SensorsTest', function () {\n  return SensorsTest.find({});\n});","ast":null,"map":{"version":3,"sources":["/server/dbData.js"],"names":[],"mappings":"AAAA,IAAI,QAAQ,GAAG,IAAI,cAAc,CAAC,sBAAsB,CAAC,wCAAwC,CAAC,CAAC;AACnG,WAAW,GAAG,IAAI,KAAK,CAAC,UAAU,CAAC,aAAa,EAAE,EAAC,OAAO,EAAE,QAAQ,EAAC,CAAC,CAAC;;AAEvE,MAAM,CAAC,OAAO,CAAC,aAAa,EAAC,YAAU;AACrC,SAAO,WAAW,CAAC,IAAI,CAAC,EAAE,CAAC,CAAC;CAC7B,CAAC,CAAA","file":"/server/dbData.js.map","sourcesContent":["var database = new MongoInternals.RemoteCollectionDriver(\"mongodb://192.168.99.100:27017/biogrid\");\nSensorsTest = new Mongo.Collection(\"SensorsTest\", {_driver: database});\n\nMeteor.publish('SensorsTest',function(){\n  return SensorsTest.find({});\n})\n"]},"hash":"dbd9985afd9b412a74f06124d7c2fcce6b8226d1"}
