{"metadata":{"modules":{"imports":[],"exports":{"exported":[],"specifiers":[]}},"usedHelpers":[]},"ignored":false,"code":"if (Meteor.isServer) {\n  SensorCollection = new Mongo.Collection('testCollection');\n  console.log(SensorCollection.find());\n  Meteor.publish('test', function () {\n    return SensorCollection.find();\n  });\n}","ast":null,"map":{"version":3,"sources":["/dbData.js"],"names":[],"mappings":"AAAA,IAAG,MAAM,CAAC,QAAQ,EAAC;AACjB,kBAAgB,GAAG,IAAI,KAAK,CAAC,UAAU,CAAC,gBAAgB,CAAC,CAAA;AACzD,SAAO,CAAC,GAAG,CAAC,gBAAgB,CAAC,IAAI,EAAE,CAAC,CAAC;AACrC,QAAM,CAAC,OAAO,CAAC,MAAM,EAAC,YAAU;AAC9B,WAAO,gBAAgB,CAAC,IAAI,EAAE,CAAC;GAChC,CAAC,CAAC;CACJ","file":"/dbData.js.map","sourcesContent":["if(Meteor.isServer){\n  SensorCollection = new Mongo.Collection('testCollection')\n  console.log(SensorCollection.find());\n  Meteor.publish('test',function(){\n    return SensorCollection.find();\n  });\n}\n"]},"hash":"e2549046cc065715a9436f1662030d72eb92a375"}
