{"metadata":{"modules":{"imports":[],"exports":{"exported":[],"specifiers":[]}},"usedHelpers":[]},"ignored":false,"code":"<script type=\"text/javascript\" src=\"http://cdnjs.cloudflare.com/ajax/libs/dygraph/1.1.1/dygraph-combined.js\"></script>;","ast":null,"map":{"version":3,"sources":["/client/components/dashboard/graph/dygraphsScript.js"],"names":[],"mappings":"AAAA,CAAC,MAAM,CAAC,IAAI,CAAC,iBAAiB,CAAC,GAAG,CAAC,yEAAyE,CAAC,EAAE,MAAM,CAAC,CAAA","file":"/client/components/dashboard/graph/dygraphsScript.js.map","sourcesContent":["<script type=\"text/javascript\" src=\"http://cdnjs.cloudflare.com/ajax/libs/dygraph/1.1.1/dygraph-combined.js\"></script>\n"]},"hash":"e463b5f8347074d2a2ab68fe535003e9109ad5e8"}
