{"metadata":{"modules":{"imports":[],"exports":{"exported":[],"specifiers":[]}},"usedHelpers":[]},"ignored":false,"code":"if (Meteor.isServer) {\n  SensorCollection = new Mongo.Collection('testCollection');\n  Meteor.publish('test', function () {\n    return SensorCollection.find();\n  });\n}","ast":null,"map":{"version":3,"sources":["/dbData.js"],"names":[],"mappings":"AAAA,IAAG,MAAM,CAAC,QAAQ,EAAC;AACjB,kBAAgB,GAAG,IAAI,KAAK,CAAC,UAAU,CAAC,gBAAgB,CAAC,CAAA;AACzD,QAAM,CAAC,OAAO,CAAC,MAAM,EAAC,YAAU;AAC9B,WAAO,gBAAgB,CAAC,IAAI,EAAE,CAAC;GAChC,CAAC,CAAC;CACJ","file":"/dbData.js.map","sourcesContent":["if(Meteor.isServer){\n  SensorCollection = new Mongo.Collection('testCollection')\n  Meteor.publish('test',function(){\n    return SensorCollection.find();\n  });\n}\n"]},"hash":"eb99d6b34031352c9b703bc5881a07c7e0052369"}
