{"metadata":{"modules":{"imports":[],"exports":{"exported":[],"specifiers":[]}},"usedHelpers":[]},"ignored":false,"code":"Meteor.publish('data', function () {\n  return sensors.find({});\n});","ast":null,"map":{"version":3,"sources":["/server/dbData.js"],"names":[],"mappings":"AAAA,MAAM,CAAC,OAAO,CAAC,MAAM,EAAC,YAAU;AAC9B,SAAO,OAAO,CAAC,IAAI,CAAC,EAAE,CAAC,CAAC;CACzB,CAAC,CAAA","file":"/server/dbData.js.map","sourcesContent":["Meteor.publish('data',function(){\n  return sensors.find({});\n})\n"]},"hash":"f3970492493090717f927692552162b772664606"}
