{"metadata":{"modules":{"imports":[],"exports":{"exported":[],"specifiers":[]}},"usedHelpers":[]},"ignored":false,"code":"Sites = new Mongo.Collection('sites');\nHubs = new Mongo.Collection('hubs');\nFirmwares = new Mongo.Collection('firmware');\nSensors1 = new Mongo.Collection('sensors1');\nThings = new Mongo.Collection('things');\nReadings = new Mongo.Collection('readings');","ast":null,"map":{"version":3,"sources":["/lib/collections/_collections.js"],"names":[],"mappings":"AAAA,KAAK,GAAG,IAAI,KAAK,CAAC,UAAU,CAAC,OAAO,CAAC,CAAA;AACrC,IAAI,GAAG,IAAI,KAAK,CAAC,UAAU,CAAC,MAAM,CAAC,CAAA;AACnC,SAAS,GAAG,IAAI,KAAK,CAAC,UAAU,CAAC,UAAU,CAAC,CAAA;AAC5C,QAAQ,GAAG,IAAI,KAAK,CAAC,UAAU,CAAC,UAAU,CAAC,CAAA;AAC3C,MAAM,GAAG,IAAI,KAAK,CAAC,UAAU,CAAC,QAAQ,CAAC,CAAA;AACvC,QAAQ,GAAG,IAAI,KAAK,CAAC,UAAU,CAAC,UAAU,CAAC,CAAA","file":"/lib/collections/_collections.js.map","sourcesContent":["Sites = new Mongo.Collection('sites')\nHubs = new Mongo.Collection('hubs')\nFirmwares = new Mongo.Collection('firmware')\nSensors1 = new Mongo.Collection('sensors1')\nThings = new Mongo.Collection('things')\nReadings = new Mongo.Collection('readings')\n"]},"hash":"f5334a7d48afb3a7b49fc67a0551b1429da15377"}
