{"metadata":{"modules":{"imports":[],"exports":{"exported":[],"specifiers":[]}},"usedHelpers":[]},"ignored":false,"code":"var database = new MongoInternals.RemoteCollectionDriver(\"mongodb://192.168.99.100:27017/biogrid\");\nSensorsTest = new Mongo.Collection(\"test\", { _driver: database });\n\nMeteor.publish('test', function () {\n  return SensorsTest.find({});\n});","ast":null,"map":{"version":3,"sources":["/server/dbData.js"],"names":[],"mappings":"AAAA,IAAI,QAAQ,GAAG,IAAI,cAAc,CAAC,sBAAsB,CAAC,wCAAwC,CAAC,CAAC;AACnG,WAAW,GAAG,IAAI,KAAK,CAAC,UAAU,CAAC,MAAM,EAAE,EAAC,OAAO,EAAE,QAAQ,EAAC,CAAC,CAAC;;AAEhE,MAAM,CAAC,OAAO,CAAC,MAAM,EAAC,YAAU;AAC9B,SAAO,WAAW,CAAC,IAAI,CAAC,EAAE,CAAC,CAAC;CAC7B,CAAC,CAAA","file":"/server/dbData.js.map","sourcesContent":["var database = new MongoInternals.RemoteCollectionDriver(\"mongodb://192.168.99.100:27017/biogrid\");\nSensorsTest = new Mongo.Collection(\"test\", {_driver: database});\n\nMeteor.publish('test',function(){\n  return SensorsTest.find({});\n})\n"]},"hash":"fb1f40b91c6252765b87328fc5fbc8796428c856"}
