{"metadata":{"modules":{"imports":[],"exports":{"exported":[],"specifiers":[]}},"usedHelpers":[]},"ignored":false,"code":"if (Meteor.isServer) {\n  //sensors = new Mongo.Collection('testCollection')\n  Meteor.publish('sensors', function () {\n    return sensors.find({});\n  });\n}","ast":null,"map":{"version":3,"sources":["/dbData.js"],"names":[],"mappings":"AAAA,IAAG,MAAM,CAAC,QAAQ,EAAC;;AAEjB,QAAM,CAAC,OAAO,CAAC,SAAS,EAAC,YAAU;AACjC,WAAO,OAAO,CAAC,IAAI,CAAC,EAAE,CAAC,CAAC;GACzB,CAAC,CAAC;CACJ","file":"/dbData.js.map","sourcesContent":["if(Meteor.isServer){\n  //sensors = new Mongo.Collection('testCollection')\n  Meteor.publish('sensors',function(){\n    return sensors.find({});\n  });\n}\n"]},"hash":"fbb25d678a74a714a213cc19c3cf721009b776ce"}
