{"metadata":{"modules":{"imports":[],"exports":{"exported":[],"specifiers":[]}},"usedHelpers":[]},"ignored":false,"code":"if (Meteor.isServer) {\n  SensorCollection = new Mongo.Collection('sensors');\n  Meteor.publish('sensors', function () {\n    return SensorCollection.find();\n  });\n}","ast":null,"map":{"version":3,"sources":["/server/dbData.js"],"names":[],"mappings":"AAAA,IAAG,MAAM,CAAC,QAAQ,EAAC;AACjB,kBAAgB,GAAG,IAAI,KAAK,CAAC,UAAU,CAAC,SAAS,CAAC,CAAA;AAClD,QAAM,CAAC,OAAO,CAAC,SAAS,EAAC,YAAU;AACjC,WAAO,gBAAgB,CAAC,IAAI,EAAE,CAAC;GAChC,CAAC,CAAC;CACJ","file":"/server/dbData.js.map","sourcesContent":["if(Meteor.isServer){\n  SensorCollection = new Mongo.Collection('sensors')\n  Meteor.publish('sensors',function(){\n    return SensorCollection.find();\n  });\n}\n"]},"hash":"fec30202302e49488632be7b10f365c1fde5d540"}
