{"metadata":{"modules":{"imports":[],"exports":{"exported":[],"specifiers":[]}},"usedHelpers":[]},"ignored":false,"code":"CustomRange = React.createClass({\n  displayName: \"CustomRange\",\n\n  componentWillMount: function () {\n    var date = [];\n    date[0] = this.getTodaysDate();\n    date[1] = this.getTodaysDate();\n    Session.set('timePeriod', date);\n  },\n\n  componentDidMount: function () {\n    $(\"#subNavbarToday\").css(\"border-color\", \"red\");\n    $('#datepicker').datepicker();\n  },\n\n  handleButtonClicks: function (period) {\n    //timePeriod = new ReactiveVar();\n    var date = [];\n    var today = new Date();\n    switch (period) {\n      case 'today':\n        date[0] = this.getTodaysDate();\n        date[1] = this.getTodaysDate();\n        Session.set('timePeriod', date);\n        $(\"#subNavbarToday\").css(\"border-color\", \"red\");\n        $(\"#subNavbarWeek\").css(\"border-color\", \"#1f1f1f\");\n        $(\"#subNavbarMonth\").css(\"border-color\", \"#1f1f1f\");\n        $(\"#subNavbarCustom\").css(\"border-color\", \"#1f1f1f\");\n        break;\n      case 'week':\n        date[0] = this.getRequestedDate(new Date(today.getFullYear(), today.getMonth(), today.getDate() - 7));\n        date[1] = this.getTodaysDate();\n        Session.set('timePeriod', date);\n        $(\"#subNavbarToday\").css(\"border-color\", \"#1f1f1f\");\n        $(\"#subNavbarWeek\").css(\"border-color\", \"red\");\n        $(\"#subNavbarMonth\").css(\"border-color\", \"#1f1f1f\");\n        $(\"#subNavbarCustom\").css(\"border-color\", \"#1f1f1f\");\n        break;\n      case 'month':\n        date[0] = this.getRequestedDate(new Date(today.getFullYear(), today.getMonth() - 1, today.getDate()));\n        date[1] = this.getTodaysDate();\n        Session.set('timePeriod', date);\n        $(\"#subNavbarToday\").css(\"border-color\", \"#1f1f1f\");\n        $(\"#subNavbarWeek\").css(\"border-color\", \"#1f1f1f\");\n        $(\"#subNavbarMonth\").css(\"border-color\", \"red\");\n        $(\"#subNavbarCustom\").css(\"border-color\", \"#1f1f1f\");\n        break;\n      case 'custom':\n        date[0] = this.getRequestedDate(this.refs.from.value);\n        date[1] = this.getRequestedDate(this.refs.end.value);\n        Session.set('timePeriod', date);\n        $(\"#subNavbarToday\").css(\"border-color\", \"#1f1f1f\");\n        $(\"#subNavbarWeek\").css(\"border-color\", \"#1f1f1f\");\n        $(\"#subNavbarMonth\").css(\"border-color\", \"#1f1f1f\");\n        $(\"#subNavbarCustom\").css(\"border-color\", \"#red\");\n        break;\n      default:\n        //todays date\n        date[0] = this.getTodaysDate();\n        date[1] = this.getTodaysDate();\n        Session.set('timePeriod', date);\n        break;\n    }\n  },\n\n  dateRangeHandler: function () {\n    $('#datepicker').datepicker();\n  },\n\n  getTodaysDate: function () {\n    var date = new Date();\n    return date.getFullYear() + \"-\" + ('0' + (date.getMonth() + 1)).slice(-2) + \"-\" + ('0' + date.getDate()).slice(-2);\n  },\n\n  getRequestedDate: function (inDate) {\n    var date = new Date(inDate);\n    return date.getFullYear() + \"-\" + ('0' + (date.getMonth() + 1)).slice(-2) + \"-\" + ('0' + date.getDate()).slice(-2);\n  },\n  render: function () {\n    return React.createElement(\n      \"ul\",\n      { className: \"nav navbar-nav\" },\n      React.createElement(\n        \"li\",\n        { className: \"subNavbarLi\", id: \"subNavbarToday\" },\n        React.createElement(\n          \"a\",\n          { href: \"\", onClick: this.handleButtonClicks.bind(this, 'today') },\n          \"Today\"\n        )\n      ),\n      React.createElement(\n        \"li\",\n        { className: \"subNavbarLi\", id: \"subNavbarWeek\" },\n        React.createElement(\n          \"a\",\n          { href: \"\", onClick: this.handleButtonClicks.bind(this, 'week') },\n          \"Last week\"\n        )\n      ),\n      React.createElement(\n        \"li\",\n        { className: \"subNavbarLi\", id: \"subNavbarMonth\" },\n        React.createElement(\n          \"a\",\n          { href: \"\", onClick: this.handleButtonClicks.bind(this, 'month') },\n          \"Last month\"\n        )\n      ),\n      React.createElement(\n        \"li\",\n        { className: \"subNavbarLi\", id: \"subNavbarCustom\" },\n        React.createElement(\n          \"div\",\n          { className: \"input-group input-group-sm input-daterange\", id: \"datepicker\" },\n          React.createElement(\"input\", { type: \"text\", className: \"input-sm form-control dateRangeInput\", ref: \"from\", onClick: this.dateRangeHandler }),\n          React.createElement(\"input\", { type: \"text\", className: \"input-sm form-control dateRangeInput\", ref: \"end\", onClick: this.dateRangeHandler })\n        )\n      ),\n      React.createElement(\n        \"li\",\n        null,\n        React.createElement(\"i\", { className: \"fa fa-search fa-lg\", onClick: this.handleButtonClicks.bind(this, 'custom') })\n      )\n    );\n  }\n});","ast":null,"map":{"version":3,"sources":["/client/components/navbar/customRange.jsx"],"names":[],"mappings":"AAAA,WAAW,GAAG,KAAK,CAAC,WAAW,CAAC;;;AAC9B,oBAAkB,EAAA,YAAG;AACnB,QAAI,IAAI,GAAG,EAAE,CAAC;AACd,QAAI,CAAC,CAAC,CAAC,GAAG,IAAI,CAAC,aAAa,EAAE,CAAC;AAC/B,QAAI,CAAC,CAAC,CAAC,GAAG,IAAI,CAAC,aAAa,EAAE,CAAC;AAC/B,WAAO,CAAC,GAAG,CAAC,YAAY,EAAE,IAAI,CAAC,CAAC;GACjC;;AAED,mBAAiB,EAAA,YAAG;AAClB,KAAC,CAAC,iBAAiB,CAAC,CAAC,GAAG,CAAC,cAAc,EAAE,KAAK,CAAC,CAAC;AAChD,KAAC,CAAC,aAAa,CAAC,CAAC,UAAU,EAAE,CAAC;GAC/B;;AAED,oBAAkB,EAAA,UAAC,MAAM,EAAE;;AAEzB,QAAI,IAAI,GAAG,EAAE,CAAC;AACd,QAAI,KAAK,GAAG,IAAI,IAAI,EAAE,CAAC;AACvB,YAAQ,MAAM;AACZ,WAAK,OAAO;AACV,YAAI,CAAC,CAAC,CAAC,GAAG,IAAI,CAAC,aAAa,EAAE,CAAC;AAC/B,YAAI,CAAC,CAAC,CAAC,GAAG,IAAI,CAAC,aAAa,EAAE,CAAC;AAC/B,eAAO,CAAC,GAAG,CAAC,YAAY,EAAE,IAAI,CAAC,CAAC;AAChC,SAAC,CAAC,iBAAiB,CAAC,CAAC,GAAG,CAAC,cAAc,EAAE,KAAK,CAAC,CAAC;AAChD,SAAC,CAAC,gBAAgB,CAAC,CAAC,GAAG,CAAC,cAAc,EAAE,SAAS,CAAC,CAAC;AACnD,SAAC,CAAC,iBAAiB,CAAC,CAAC,GAAG,CAAC,cAAc,EAAE,SAAS,CAAC,CAAC;AACpD,SAAC,CAAC,kBAAkB,CAAC,CAAC,GAAG,CAAC,cAAc,EAAE,SAAS,CAAC,CAAC;AACrD,cAAM;AAAA,AACR,WAAK,MAAM;AACT,YAAI,CAAC,CAAC,CAAC,GAAG,IAAI,CAAC,gBAAgB,CAAC,IAAI,IAAI,CAAC,KAAK,CAAC,WAAW,EAAE,EAAE,KAAK,CAAC,QAAQ,EAAE,EAAE,KAAK,CAAC,OAAO,EAAE,GAAG,CAAC,CAAC,CAAC,CAAC;AACtG,YAAI,CAAC,CAAC,CAAC,GAAG,IAAI,CAAC,aAAa,EAAE,CAAC;AAC/B,eAAO,CAAC,GAAG,CAAC,YAAY,EAAE,IAAI,CAAC,CAAC;AAChC,SAAC,CAAC,iBAAiB,CAAC,CAAC,GAAG,CAAC,cAAc,EAAE,SAAS,CAAC,CAAC;AACpD,SAAC,CAAC,gBAAgB,CAAC,CAAC,GAAG,CAAC,cAAc,EAAE,KAAK,CAAC,CAAC;AAC/C,SAAC,CAAC,iBAAiB,CAAC,CAAC,GAAG,CAAC,cAAc,EAAE,SAAS,CAAC,CAAC;AACpD,SAAC,CAAC,kBAAkB,CAAC,CAAC,GAAG,CAAC,cAAc,EAAE,SAAS,CAAC,CAAC;AACrD,cAAM;AAAA,AACR,WAAK,OAAO;AACV,YAAI,CAAC,CAAC,CAAC,GAAG,IAAI,CAAC,gBAAgB,CAAC,IAAI,IAAI,CAAC,KAAK,CAAC,WAAW,EAAE,EAAE,KAAK,CAAC,QAAQ,EAAE,GAAG,CAAC,EAAE,KAAK,CAAC,OAAO,EAAE,CAAC,CAAC,CAAC;AACtG,YAAI,CAAC,CAAC,CAAC,GAAG,IAAI,CAAC,aAAa,EAAE,CAAC;AAC/B,eAAO,CAAC,GAAG,CAAC,YAAY,EAAE,IAAI,CAAC,CAAC;AAChC,SAAC,CAAC,iBAAiB,CAAC,CAAC,GAAG,CAAC,cAAc,EAAE,SAAS,CAAC,CAAC;AACpD,SAAC,CAAC,gBAAgB,CAAC,CAAC,GAAG,CAAC,cAAc,EAAE,SAAS,CAAC,CAAC;AACnD,SAAC,CAAC,iBAAiB,CAAC,CAAC,GAAG,CAAC,cAAc,EAAE,KAAK,CAAC,CAAC;AAChD,SAAC,CAAC,kBAAkB,CAAC,CAAC,GAAG,CAAC,cAAc,EAAE,SAAS,CAAC,CAAC;AACrD,cAAM;AAAA,AACR,WAAK,QAAQ;AACX,YAAI,CAAC,CAAC,CAAC,GAAG,IAAI,CAAC,gBAAgB,CAAC,IAAI,CAAC,IAAI,CAAC,IAAI,CAAC,KAAK,CAAC,CAAC;AACtD,YAAI,CAAC,CAAC,CAAC,GAAG,IAAI,CAAC,gBAAgB,CAAC,IAAI,CAAC,IAAI,CAAC,GAAG,CAAC,KAAK,CAAC,CAAC;AACrD,eAAO,CAAC,GAAG,CAAC,YAAY,EAAE,IAAI,CAAC,CAAC;AAChC,SAAC,CAAC,iBAAiB,CAAC,CAAC,GAAG,CAAC,cAAc,EAAE,SAAS,CAAC,CAAC;AACpD,SAAC,CAAC,gBAAgB,CAAC,CAAC,GAAG,CAAC,cAAc,EAAE,SAAS,CAAC,CAAC;AACnD,SAAC,CAAC,iBAAiB,CAAC,CAAC,GAAG,CAAC,cAAc,EAAE,SAAS,CAAC,CAAC;AACpD,SAAC,CAAC,kBAAkB,CAAC,CAAC,GAAG,CAAC,cAAc,EAAE,MAAM,CAAC,CAAC;AAClD,cAAM;AAAA,AACR;;AAEE,YAAI,CAAC,CAAC,CAAC,GAAG,IAAI,CAAC,aAAa,EAAE,CAAC;AAC/B,YAAI,CAAC,CAAC,CAAC,GAAG,IAAI,CAAC,aAAa,EAAE,CAAC;AAC/B,eAAO,CAAC,GAAG,CAAC,YAAY,EAAE,IAAI,CAAC,CAAC;AAChC,cAAM;AAAA,KACT;GACF;;AAED,kBAAgB,EAAA,YAAG;AACjB,KAAC,CAAC,aAAa,CAAC,CAAC,UAAU,EAAE,CAAC;GAC/B;;AAED,eAAa,EAAA,YAAG;AACd,QAAI,IAAI,GAAG,IAAI,IAAI,EAAE,CAAC;AACtB,WAAO,IAAI,CAAC,WAAW,EAAE,GAAG,GAAG,GAC/B,CAAC,GAAG,IAAI,IAAI,CAAC,QAAQ,EAAE,GAAG,CAAC,CAAA,CAAC,CAAE,KAAK,CAAC,CAAC,CAAC,CAAC,GAAG,GAAG,GAC7C,CAAC,GAAG,GAAG,IAAI,CAAC,OAAO,EAAE,CAAA,CAAE,KAAK,CAAC,CAAC,CAAC,CAAC,CAAC;GAClC;;AAED,kBAAgB,EAAA,UAAC,MAAM,EAAE;AACvB,QAAI,IAAI,GAAG,IAAI,IAAI,CAAC,MAAM,CAAC,CAAC;AAC5B,WAAO,IAAI,CAAC,WAAW,EAAE,GAAG,GAAG,GAC/B,CAAC,GAAG,IAAI,IAAI,CAAC,QAAQ,EAAE,GAAG,CAAC,CAAA,CAAC,CAAE,KAAK,CAAC,CAAC,CAAC,CAAC,GAAG,GAAG,GAC7C,CAAC,GAAG,GAAG,IAAI,CAAC,OAAO,EAAE,CAAA,CAAE,KAAK,CAAC,CAAC,CAAC,CAAC,CAAC;GAClC;AACD,QAAM,EAAA,YAAE;AACN,WACE;;QAAI,SAAS,EAAC,gBAAgB;MAC5B;;UAAI,SAAS,EAAC,aAAa,EAAC,EAAE,EAAC,gBAAgB;QAAC;;YAAG,IAAI,EAAC,EAAE,EAAC,OAAO,EAAE,IAAI,CAAC,kBAAkB,CAAC,IAAI,CAAC,IAAI,EAAE,OAAO,CAAC,AAAC;;SAAU;OAAK;MAC/H;;UAAI,SAAS,EAAC,aAAa,EAAC,EAAE,EAAC,eAAe;QAAC;;YAAG,IAAI,EAAC,EAAE,EAAC,OAAO,EAAE,IAAI,CAAC,kBAAkB,CAAC,IAAI,CAAC,IAAI,EAAE,MAAM,CAAC,AAAC;;SAAc;OAAK;MACjI;;UAAI,SAAS,EAAC,aAAa,EAAC,EAAE,EAAC,gBAAgB;QAAC;;YAAG,IAAI,EAAC,EAAE,EAAC,OAAO,EAAE,IAAI,CAAC,kBAAkB,CAAC,IAAI,CAAC,IAAI,EAAE,OAAO,CAAC,AAAC;;SAAe;OAAK;MACpI;;UAAI,SAAS,EAAC,aAAa,EAAC,EAAE,EAAC,iBAAiB;QAC9C;;YAAK,SAAS,EAAC,4CAA4C,EAAC,EAAE,EAAC,YAAY;UACzE,+BAAO,IAAI,EAAC,MAAM,EAAC,SAAS,EAAC,sCAAsC,EAAC,GAAG,EAAC,MAAM,EAAC,OAAO,EAAE,IAAI,CAAC,gBAAgB,AAAC,GAAE;UAChH,+BAAO,IAAI,EAAC,MAAM,EAAC,SAAS,EAAC,sCAAsC,EAAC,GAAG,EAAC,KAAK,EAAC,OAAO,EAAE,IAAI,CAAC,gBAAgB,AAAC,GAAE;SAC3G;OACH;MACL;;;QACI,2BAAG,SAAS,EAAC,oBAAoB,EAAC,OAAO,EAAE,IAAI,CAAC,kBAAkB,CAAC,IAAI,CAAC,IAAI,EAAE,QAAQ,CAAC,AAAC,GAAK;OAC5F;KACF,CACN;GACF;CACF,CAAC,CAAC","file":"/client/components/navbar/customRange.jsx.map","sourcesContent":["CustomRange = React.createClass({\n  componentWillMount() {\n    let date = [];\n    date[0] = this.getTodaysDate();\n    date[1] = this.getTodaysDate();\n    Session.set('timePeriod', date);\n  },\n\n  componentDidMount() {\n    $(\"#subNavbarToday\").css(\"border-color\", \"red\");\n    $('#datepicker').datepicker();\n  },\n\n  handleButtonClicks(period) {\n    //timePeriod = new ReactiveVar();\n    let date = [];\n    let today = new Date();\n    switch (period) {\n      case 'today':\n        date[0] = this.getTodaysDate();\n        date[1] = this.getTodaysDate();\n        Session.set('timePeriod', date);\n        $(\"#subNavbarToday\").css(\"border-color\", \"red\");\n        $(\"#subNavbarWeek\").css(\"border-color\", \"#1f1f1f\");\n        $(\"#subNavbarMonth\").css(\"border-color\", \"#1f1f1f\");\n        $(\"#subNavbarCustom\").css(\"border-color\", \"#1f1f1f\");\n        break;\n      case 'week':\n        date[0] = this.getRequestedDate(new Date(today.getFullYear(), today.getMonth(), today.getDate() - 7));\n        date[1] = this.getTodaysDate();\n        Session.set('timePeriod', date);\n        $(\"#subNavbarToday\").css(\"border-color\", \"#1f1f1f\");\n        $(\"#subNavbarWeek\").css(\"border-color\", \"red\");\n        $(\"#subNavbarMonth\").css(\"border-color\", \"#1f1f1f\");\n        $(\"#subNavbarCustom\").css(\"border-color\", \"#1f1f1f\");\n        break;\n      case 'month':\n        date[0] = this.getRequestedDate(new Date(today.getFullYear(), today.getMonth() - 1, today.getDate()));\n        date[1] = this.getTodaysDate();\n        Session.set('timePeriod', date);\n        $(\"#subNavbarToday\").css(\"border-color\", \"#1f1f1f\");\n        $(\"#subNavbarWeek\").css(\"border-color\", \"#1f1f1f\");\n        $(\"#subNavbarMonth\").css(\"border-color\", \"red\");\n        $(\"#subNavbarCustom\").css(\"border-color\", \"#1f1f1f\");\n        break;\n      case 'custom':\n        date[0] = this.getRequestedDate(this.refs.from.value);\n        date[1] = this.getRequestedDate(this.refs.end.value);\n        Session.set('timePeriod', date);\n        $(\"#subNavbarToday\").css(\"border-color\", \"#1f1f1f\");\n        $(\"#subNavbarWeek\").css(\"border-color\", \"#1f1f1f\");\n        $(\"#subNavbarMonth\").css(\"border-color\", \"#1f1f1f\");\n        $(\"#subNavbarCustom\").css(\"border-color\", \"#red\");\n        break;\n      default:\n        //todays date\n        date[0] = this.getTodaysDate();\n        date[1] = this.getTodaysDate();\n        Session.set('timePeriod', date);\n        break;\n    }\n  },\n\n  dateRangeHandler() {\n    $('#datepicker').datepicker();\n  },\n\n  getTodaysDate() {\n    let date = new Date();\n    return date.getFullYear() + \"-\" +\n    ('0' + (date.getMonth() + 1)).slice(-2) + \"-\" +\n    ('0' + date.getDate()).slice(-2);\n  },\n\n  getRequestedDate(inDate) {\n    let date = new Date(inDate);\n    return date.getFullYear() + \"-\" +\n    ('0' + (date.getMonth() + 1)).slice(-2) + \"-\" +\n    ('0' + date.getDate()).slice(-2);\n  },\n  render(){\n    return(\n      <ul className=\"nav navbar-nav\">\n        <li className=\"subNavbarLi\" id=\"subNavbarToday\"><a href=\"\" onClick={this.handleButtonClicks.bind(this, 'today')}>Today</a></li>\n        <li className=\"subNavbarLi\" id=\"subNavbarWeek\"><a href=\"\" onClick={this.handleButtonClicks.bind(this, 'week')}>Last week</a></li>\n        <li className=\"subNavbarLi\" id=\"subNavbarMonth\"><a href=\"\" onClick={this.handleButtonClicks.bind(this, 'month')}>Last month</a></li>\n        <li className=\"subNavbarLi\" id=\"subNavbarCustom\">\n          <div className=\"input-group input-group-sm input-daterange\" id=\"datepicker\">\n            <input type=\"text\" className=\"input-sm form-control dateRangeInput\" ref=\"from\" onClick={this.dateRangeHandler}/>\n            <input type=\"text\" className=\"input-sm form-control dateRangeInput\" ref=\"end\" onClick={this.dateRangeHandler}/>\n          </div>\n        </li>\n        <li>\n            <i className=\"fa fa-search fa-lg\" onClick={this.handleButtonClicks.bind(this, 'custom')}></i>\n        </li>\n      </ul>\n    )\n  }\n});\n"]},"hash":"00573d8b52d1655c7847cabfc3d701889edab449"}
