{"metadata":{"modules":{"imports":[],"exports":{"exported":[],"specifiers":[]}},"usedHelpers":[]},"ignored":false,"code":"ParentGraph = React.createClass({\n  displayName: \"ParentGraph\",\n\n  mixins: [ReactMeteorData],\n  getMeteorData: function () {\n    //TODO subscribe to data from Mongo. From Readings\n    // readings = Meteor.subscribe(<name>);\n\n    //Fetch data with params from user(userID) or buttonclicks\n\n    var subscription = Meteor.subscribe('sensors');\n    /*if ( subscription.ready()) {\n      return {\n        sensors: Sensors.find({}).fetch(),\n      }\n    }*/\n    return {\n      ready: subscription.ready(),\n      sensorsRH: Sensors.find({ type: \"rh\", day: \"2016-02-17\" }).fetch(),\n      sensorsCo2: Sensors.find({ type: \"co2\", day: \"2016-02-17\" }).fetch()\n    };\n  },\n\n  render: function () {\n    //TODO should map through returned types and make a graph component\n    return React.createElement(\n      \"div\",\n      null,\n      React.createElement(Graph, { sensors: this.data.sensorsRH, ready: this.data.ready, color: \"246,75,218\" }),\n      React.createElement(Graph, { sensors: this.data.sensorsCo2, ready: this.data.ready, color: \"255,152,43\" })\n    );\n  }\n});","ast":null,"map":{"version":3,"sources":["/client/components/dashboard/graph/ParentGraph.jsx"],"names":[],"mappings":"AAAA,WAAW,GAAG,KAAK,CAAC,WAAW,CAAC;;;AAC9B,QAAM,EAAE,CAAC,eAAe,CAAC;AACzB,eAAa,EAAA,YAAG;;;;;;AAMd,QAAM,YAAY,GAAG,MAAM,CAAC,SAAS,CAAC,SAAS,CAAC,CAAC;;;;;;AAMjD,WAAM;AACJ,WAAK,EAAE,YAAY,CAAC,KAAK,EAAE;AAC3B,eAAS,EAAE,OAAO,CAAC,IAAI,CAAC,EAAC,IAAI,EAAC,IAAI,EAAC,GAAG,EAAC,YAAY,EAAC,CAAC,CAAC,KAAK,EAAE;AAC7D,gBAAU,EAAE,OAAO,CAAC,IAAI,CAAC,EAAC,IAAI,EAAC,KAAK,EAAC,GAAG,EAAC,YAAY,EAAC,CAAC,CAAC,KAAK,EAAE;KAChE,CAAA;GACF;;AAED,QAAM,EAAA,YAAG;;AAEL,WACE;;;MACE,oBAAC,KAAK,IAAC,OAAO,EAAE,IAAI,CAAC,IAAI,CAAC,SAAS,AAAC,EAAC,KAAK,EAAE,IAAI,CAAC,IAAI,CAAC,KAAK,AAAC,EAAC,KAAK,EAAE,YAAY,AAAC,GAAG;MACpF,oBAAC,KAAK,IAAC,OAAO,EAAE,IAAI,CAAC,IAAI,CAAC,UAAU,AAAC,EAAC,KAAK,EAAE,IAAI,CAAC,IAAI,CAAC,KAAK,AAAC,EAAC,KAAK,EAAE,YAAY,AAAC,GAAG;KACjF,CACP;GACF;CACJ,CAAC,CAAA","file":"/client/components/dashboard/graph/ParentGraph.jsx.map","sourcesContent":["ParentGraph = React.createClass({\n  mixins: [ReactMeteorData],\n  getMeteorData() {\n    //TODO subscribe to data from Mongo. From Readings\n    // readings = Meteor.subscribe(<name>);\n\n    //Fetch data with params from user(userID) or buttonclicks\n\n    const subscription = Meteor.subscribe('sensors');\n    /*if ( subscription.ready()) {\n      return {\n        sensors: Sensors.find({}).fetch(),\n      }\n    }*/\n    return{\n      ready: subscription.ready(),\n      sensorsRH: Sensors.find({type:\"rh\",day:\"2016-02-17\"}).fetch(),\n      sensorsCo2: Sensors.find({type:\"co2\",day:\"2016-02-17\"}).fetch()\n    }\n  },\n\n  render() {\n      //TODO should map through returned types and make a graph component\n      return (\n        <div>\n          <Graph sensors={this.data.sensorsRH} ready={this.data.ready} color={\"246,75,218\"} />\n          <Graph sensors={this.data.sensorsCo2} ready={this.data.ready} color={\"255,152,43\"} />\n        </div>\n      )\n    }\n})\n"]},"hash":"00c5d3167f47e7faf31b9139234d31facebd3b1f"}
