{"metadata":{"modules":{"imports":[],"exports":{"exported":[],"specifiers":[]}},"usedHelpers":[]},"ignored":false,"code":"FrameGraphCo2 = React.createClass({\n  displayName: \"FrameGraphCo2\",\n\n  mixins: [ReactMeteorData],\n  getMeteorData: function () {\n\n    /*var handle = Meteor.subscribe('sensors');\n    let data = {};\n    var sensors = [];\n     if(handle.ready())\n    {\n      sensors = Sensors.find({type:\"co2\"}).fetch();\n      console.log(\"sensors in fgco2: \", sensors);\n    }\n    //console.log(\"sensors in fgco2 after if: \", sensors);\n    return sensors;*/\n\n    var subscription = Meteor.subscribe('sensors');\n\n    return {\n      ready: subscription.ready(),\n      sensors: Sensors.find({ type: \"co2\" }).fetch()\n    };\n  },\n\n  render: function () {\n    return React.createElement(\n      \"div\",\n      null,\n      React.createElement(Graph, { ready: this.data.ready, sensors: this.data.sensors })\n    );\n  }\n});","ast":null,"map":{"version":3,"sources":["/client/components/dashboard/graph/FrameGraphCo2.jsx"],"names":[],"mappings":"AAAA,aAAa,GAAG,KAAK,CAAC,WAAW,CAAC;;;AAEhC,QAAM,EAAE,CAAC,eAAe,CAAC;AACzB,eAAa,EAAA,YAAE;;;;;;;;;;;;;AAcb,QAAM,YAAY,GAAG,MAAM,CAAC,SAAS,CAAC,SAAS,CAAC,CAAC;;AAEjD,WAAM;AACJ,WAAK,EAAE,YAAY,CAAC,KAAK,EAAE;AAC3B,aAAO,EAAE,OAAO,CAAC,IAAI,CAAC,EAAC,IAAI,EAAC,KAAK,EAAC,CAAC,CAAC,KAAK,EAAE;KAC5C,CAAA;GACF;;AAED,QAAM,EAAA,YAAE;AACN,WACE;;;MACE,oBAAC,KAAK,IAAC,KAAK,EAAE,IAAI,CAAC,IAAI,CAAC,KAAK,AAAC,EAAC,OAAO,EAAE,IAAI,CAAC,IAAI,CAAC,OAAO,AAAC,GAAE;KACxD,CACP;GACF;CACF,CAAC,CAAA","file":"/client/components/dashboard/graph/FrameGraphCo2.jsx.map","sourcesContent":["FrameGraphCo2 = React.createClass({\n\n  mixins: [ReactMeteorData],\n  getMeteorData(){\n\n    /*var handle = Meteor.subscribe('sensors');\n    let data = {};\n    var sensors = [];\n\n    if(handle.ready())\n    {\n      sensors = Sensors.find({type:\"co2\"}).fetch();\n      console.log(\"sensors in fgco2: \", sensors);\n    }\n    //console.log(\"sensors in fgco2 after if: \", sensors);\n    return sensors;*/\n\n    const subscription = Meteor.subscribe('sensors');\n\n    return{\n      ready: subscription.ready(),\n      sensors: Sensors.find({type:\"co2\"}).fetch()\n    }\n  },\n\n  render(){\n    return(\n      <div>\n        <Graph ready={this.data.ready} sensors={this.data.sensors}/>\n      </div>\n    ) \n  }\n})\n"]},"hash":"00d8745c0b990097fb8448f867e7d97e7858ee84"}
