{"metadata":{"modules":{"imports":[],"exports":{"exported":[],"specifiers":[]}},"usedHelpers":[]},"ignored":false,"code":"Site = React.createClass({\n  displayName: \"Site\",\n\n  mixins: [ReactMeteorData],\n  getMeteorData: function () {\n\n    var subscription = Meteor.subscribe('sites');\n\n    return {\n      ready: subscription.ready(),\n      sites: Sites.find().fetch()\n    };\n  },\n\n  render: function () {\n\n    var sitesList = undefined;\n    if (this.data.ready) {\n      sitesList = this.data.sites.map(function (site) {\n        return React.createElement(\n          \"div\",\n          { key: site._id },\n          React.createElement(\n            \"a\",\n            { href: \"/dashboardPage\" },\n            \" \",\n            site.name,\n            \" \"\n          )\n        );\n      });\n    }\n\n    return React.createElement(\n      \"div\",\n      { className: \"text-center\" },\n      React.createElement(\n        \"h2\",\n        null,\n        \"Your sites\"\n      ),\n      sitesList\n    );\n  }\n});","ast":null,"map":{"version":3,"sources":["/client/components/sites/Site.jsx"],"names":[],"mappings":"AAAA,IAAI,GAAG,KAAK,CAAC,WAAW,CAAC;;;AACvB,QAAM,EAAC,CAAC,eAAe,CAAC;AACxB,eAAa,EAAA,YAAE;;AAEb,QAAM,YAAY,GAAG,MAAM,CAAC,SAAS,CAAC,OAAO,CAAC,CAAC;;AAE/C,WAAO;AACL,WAAK,EAAE,YAAY,CAAC,KAAK,EAAE;AAC3B,WAAK,EAAE,KAAK,CAAC,IAAI,EAAE,CAAC,KAAK,EAAE;KAC5B,CAAA;GACF;;AAED,QAAM,EAAA,YAAE;;AAEN,QAAI,SAAS,YAAA,CAAC;AACd,QAAI,IAAI,CAAC,IAAI,CAAC,KAAK,EAAE;AACf,eAAS,GAAG,IAAI,CAAC,IAAI,CAAC,KAAK,CAAC,GAAG,CAAC,UAAS,IAAI,EAAC;AAC9C,eACE;;YAAK,GAAG,EAAE,IAAI,CAAC,GAAG,AAAC;UACjB;;cAAG,IAAI,EAAC,gBAAgB;;YAAG,IAAI,CAAC,IAAI;;WAAM;SACtC,CACP;OACF,CAAC,CAAA;KACL;;AAED,WACE;;QAAK,SAAS,EAAC,aAAa;MAE1B;;;;OAAmB;MAChB,SAAS;KACR,CACP;GACF;CACF,CAAC,CAAA","file":"/client/components/sites/Site.jsx.map","sourcesContent":["Site = React.createClass({\n  mixins:[ReactMeteorData],\n  getMeteorData(){\n\n    const subscription = Meteor.subscribe('sites');\n\n    return {\n      ready: subscription.ready(),\n      sites: Sites.find().fetch(),\n    }\n  },\n\n  render(){\n\n    let sitesList;\n    if( this.data.ready) {\n          sitesList = this.data.sites.map(function(site){\n          return(\n            <div key={site._id}>\n              <a href=\"/dashboardPage\"> {site.name} </a>\n            </div>\n          )\n        })\n    }\n\n    return(\n      <div className=\"text-center\">\n        \n        <h2>Your sites</h2>\n          {sitesList}\n      </div>\n    )\n  }\n})\n"]},"hash":"0151d583b7ae2d491be122fb0b21f0ebbe24e0ec"}
