{"metadata":{"modules":{"imports":[],"exports":{"exported":[],"specifiers":[]}},"usedHelpers":[]},"ignored":false,"code":"LocationPage = React.createClass({\n  displayName: \"LocationPage\",\n\n  render: function () {\n    return React.createElement(\n      \"div\",\n      { className: \"jumbotron text-center\" },\n      React.createElement(\n        \"div\",\n        { className: \"row\" },\n        React.createElement(\n          \"a\",\n          { href: \"/#\" },\n          \"Oslo\"\n        ),\n        React.createElement(\n          \"a\",\n          { href: \"/#\" },\n          \"Bergen\"\n        ),\n        React.createElement(\n          \"a\",\n          { href: \"/#\" },\n          \"Trondheim\"\n        )\n      )\n    );\n  }\n});","ast":null,"map":{"version":3,"sources":["/client/components/locationPage/LocationPage.jsx"],"names":[],"mappings":"AAAA,YAAY,GAAG,KAAK,CAAC,WAAW,CAAC;;;AAC/B,QAAM,EAAA,YAAE;AACN,WACE;;QAAK,SAAS,EAAC,uBAAuB;MAClC;;UAAK,SAAS,EAAC,KAAK;QAClB;;YAAG,IAAI,EAAC,IAAI;;SAAS;QACrB;;YAAG,IAAI,EAAC,IAAI;;SAAW;QACvB;;YAAG,IAAI,EAAC,IAAI;;SAAc;OACtB;KACJ,CACP;GACF;CACF,CAAC,CAAA","file":"/client/components/locationPage/LocationPage.jsx.map","sourcesContent":["LocationPage = React.createClass({\n  render(){\n    return(\n      <div className=\"jumbotron text-center\">\n          <div className=\"row\">\n            <a href=\"/#\">Oslo</a>\n            <a href=\"/#\">Bergen</a>\n            <a href=\"/#\">Trondheim</a>\n          </div>\n      </div>\n    )\n  }\n})\n"]},"hash":"01aa8d4135d617962071d2b8acbce1707e2b8a87"}
