{"metadata":{"modules":{"imports":[],"exports":{"exported":[],"specifiers":[]}},"usedHelpers":[]},"ignored":false,"code":"AccountsUiWrapper = React.createClass({\n  displayName: \"AccountsUiWrapper\",\n\n  render: function () {\n    return React.createElement(AtFormReact, { state: \"signIn\" });\n  }\n});","ast":null,"map":{"version":3,"sources":["/client/components/home/AccountsUIWrapper.jsx"],"names":[],"mappings":"AAAA,iBAAiB,GAAG,KAAK,CAAC,WAAW,CAAC;;;AACpC,QAAM,EAAA,YAAG;AACP,WAAO,oBAAC,WAAW,IAAC,KAAK,EAAC,QAAQ,GAAG,CAAA;GACtC;CACF,CAAC,CAAC","file":"/client/components/home/AccountsUIWrapper.jsx.map","sourcesContent":["AccountsUiWrapper = React.createClass({\n  render() {\n    return <AtFormReact state=\"signIn\" />\n  }\n});\n"]},"hash":"030b94b4aca040434a70687abcfa358a7149c22f"}
