{"metadata":{"modules":{"imports":[],"exports":{"exported":[],"specifiers":[]}},"usedHelpers":[]},"ignored":false,"code":"Map = React.createClass({\n  displayName: \"Map\",\n\n  mixins: [ReactMeteorData],\n  componentDidMount: function () {\n    GoogleMaps.load();\n  },\n  getMeteorData: function () {\n    return {\n      loaded: GoogleMaps.loaded(),\n      mapOptions: GoogleMaps.loaded() && this._mapOptions()\n    };\n  },\n  _mapOptions: function () {\n    return {\n      center: new google.maps.LatLng(this.props.lat, this.props.lng),\n      id: this.props.lat,\n      zoom: 13,\n      scrollwheel: false,\n      styles: [{ \"featureType\": \"water\", \"stylers\": [{ \"saturation\": 43 }, { \"lightness\": -11 }, { \"hue\": \"#0088ff\" }] }, { \"featureType\": \"road\", \"elementType\": \"geometry.fill\", \"stylers\": [{ \"hue\": \"#ff0000\" }, { \"saturation\": -100 }, { \"lightness\": 99 }] }, { \"featureType\": \"road\", \"elementType\": \"geometry.stroke\", \"stylers\": [{ \"color\": \"#808080\" }, { \"lightness\": 54 }] }, { \"featureType\": \"landscape.man_made\", \"elementType\": \"geometry.fill\", \"stylers\": [{ \"color\": \"#ece2d9\" }] }, { \"featureType\": \"poi.park\", \"elementType\": \"geometry.fill\", \"stylers\": [{ \"color\": \"#ccdca1\" }] }, { \"featureType\": \"road\", \"elementType\": \"labels.text.fill\", \"stylers\": [{ \"color\": \"#767676\" }] }, { \"featureType\": \"road\", \"elementType\": \"labels.text.stroke\", \"stylers\": [{ \"color\": \"#ffffff\" }] }, { \"featureType\": \"poi\", \"stylers\": [{ \"visibility\": \"off\" }] }, { \"featureType\": \"landscape.natural\", \"elementType\": \"geometry.fill\", \"stylers\": [{ \"visibility\": \"on\" }, { \"color\": \"#b8cb93\" }] }, { \"featureType\": \"poi.park\", \"stylers\": [{ \"visibility\": \"on\" }] }, { \"featureType\": \"poi.sports_complex\", \"stylers\": [{ \"visibility\": \"on\" }] }, { \"featureType\": \"poi.medical\", \"stylers\": [{ \"visibility\": \"on\" }] }, { \"featureType\": \"poi.business\", \"stylers\": [{ \"visibility\": \"simplified\" }] }]\n    };\n  },\n  render: function () {\n    if (this.data.loaded) {\n      return React.createElement(GoogleMap, { name: this.props.lat, options: this.data.mapOptions });\n    }\n    return React.createElement(\n      \"div\",\n      null,\n      \"Loading Map\"\n    );\n  }\n});\n\nGoogleMap = React.createClass({\n  displayName: \"GoogleMap\",\n\n  propTypes: {\n    name: React.PropTypes.string.isRequired,\n    options: React.PropTypes.object.isRequired\n  },\n  componentDidMount: function () {\n    GoogleMaps.create({\n      name: this.props.name,\n      element: ReactDOM.findDOMNode(this),\n      options: this.props.options\n    });\n\n    GoogleMaps.ready(this.props.name, function (map) {\n      var iconBase = 'https://maps.google.com/mapfiles/kml/shapes/';\n      var marker = new google.maps.Marker({\n        position: map.options.center,\n        map: map.instance,\n        icon: iconBase + 'pnw.JPG'\n      });\n    });\n  },\n  componentWillUnmount: function () {\n    if (GoogleMaps.maps[this.props.name]) {\n      google.maps.event.clearInstanceListeners(GoogleMaps.maps[this.props.name].instance);\n      delete GoogleMaps.maps[this.props.name];\n    }\n  },\n  render: function () {\n    return React.createElement(\"div\", { className: \"map-container\" });\n  }\n});","ast":null,"map":{"version":3,"sources":["/client/components/sites/map.jsx"],"names":[],"mappings":"AAAA,GAAG,GAAG,KAAK,CAAC,WAAW,CAAC;;;AACtB,QAAM,EAAE,CAAC,eAAe,CAAC;AACzB,mBAAiB,EAAA,YAAG;AAClB,cAAU,CAAC,IAAI,EAAE,CAAC;GACnB;AACD,eAAa,EAAA,YAAG;AACd,WAAO;AACL,YAAM,EAAE,UAAU,CAAC,MAAM,EAAE;AAC3B,gBAAU,EAAE,UAAU,CAAC,MAAM,EAAE,IAAI,IAAI,CAAC,WAAW,EAAE;KACtD,CAAC;GACH;AACD,aAAW,EAAA,YAAG;AACZ,WAAO;AACL,YAAM,EAAE,IAAI,MAAM,CAAC,IAAI,CAAC,MAAM,CAAC,IAAI,CAAC,KAAK,CAAC,GAAG,EAAE,IAAI,CAAC,KAAK,CAAC,GAAG,CAAC;AAC9D,QAAE,EAAE,IAAI,CAAC,KAAK,CAAC,GAAG;AAClB,UAAI,EAAE,EAAE;AACR,iBAAW,EAAE,KAAK;AAClB,YAAM,EAAE,CAAC,EAAC,aAAa,EAAC,OAAO,EAAC,SAAS,EAAC,CAAC,EAAC,YAAY,EAAC,EAAE,EAAC,EAAC,EAAC,WAAW,EAAC,CAAC,EAAE,EAAC,EAAC,EAAC,KAAK,EAAC,SAAS,EAAC,CAAC,EAAC,EAAC,EAAC,aAAa,EAAC,MAAM,EAAC,aAAa,EAAC,eAAe,EAAC,SAAS,EAAC,CAAC,EAAC,KAAK,EAAC,SAAS,EAAC,EAAC,EAAC,YAAY,EAAC,CAAC,GAAG,EAAC,EAAC,EAAC,WAAW,EAAC,EAAE,EAAC,CAAC,EAAC,EAAC,EAAC,aAAa,EAAC,MAAM,EAAC,aAAa,EAAC,iBAAiB,EAAC,SAAS,EAAC,CAAC,EAAC,OAAO,EAAC,SAAS,EAAC,EAAC,EAAC,WAAW,EAAC,EAAE,EAAC,CAAC,EAAC,EAAC,EAAC,aAAa,EAAC,oBAAoB,EAAC,aAAa,EAAC,eAAe,EAAC,SAAS,EAAC,CAAC,EAAC,OAAO,EAAC,SAAS,EAAC,CAAC,EAAC,EAAC,EAAC,aAAa,EAAC,UAAU,EAAC,aAAa,EAAC,eAAe,EAAC,SAAS,EAAC,CAAC,EAAC,OAAO,EAAC,SAAS,EAAC,CAAC,EAAC,EAAC,EAAC,aAAa,EAAC,MAAM,EAAC,aAAa,EAAC,kBAAkB,EAAC,SAAS,EAAC,CAAC,EAAC,OAAO,EAAC,SAAS,EAAC,CAAC,EAAC,EAAC,EAAC,aAAa,EAAC,MAAM,EAAC,aAAa,EAAC,oBAAoB,EAAC,SAAS,EAAC,CAAC,EAAC,OAAO,EAAC,SAAS,EAAC,CAAC,EAAC,EAAC,EAAC,aAAa,EAAC,KAAK,EAAC,SAAS,EAAC,CAAC,EAAC,YAAY,EAAC,KAAK,EAAC,CAAC,EAAC,EAAC,EAAC,aAAa,EAAC,mBAAmB,EAAC,aAAa,EAAC,eAAe,EAAC,SAAS,EAAC,CAAC,EAAC,YAAY,EAAC,IAAI,EAAC,EAAC,EAAC,OAAO,EAAC,SAAS,EAAC,CAAC,EAAC,EAAC,EAAC,aAAa,EAAC,UAAU,EAAC,SAAS,EAAC,CAAC,EAAC,YAAY,EAAC,IAAI,EAAC,CAAC,EAAC,EAAC,EAAC,aAAa,EAAC,oBAAoB,EAAC,SAAS,EAAC,CAAC,EAAC,YAAY,EAAC,IAAI,EAAC,CAAC,EAAC,EAAC,EAAC,aAAa,EAAC,aAAa,EAAC,SAAS,EAAC,CAAC,EAAC,YAAY,EAAC,IAAI,EAAC,CAAC,EAAC,EAAC,EAAC,aAAa,EAAC,cAAc,EAAC,SAAS,EAAC,CAAC,EAAC,YAAY,EAAC,YAAY,EAAC,CAAC,EAAC,CAAC;KAChmC,CAAC;GACP;AACD,QAAM,EAAA,YAAG;AACP,QAAI,IAAI,CAAC,IAAI,CAAC,MAAM,EAAE;AACpB,aAAO,oBAAC,SAAS,IAAC,IAAI,EAAE,IAAI,CAAC,KAAK,CAAC,GAAG,AAAC,EAAC,OAAO,EAAE,IAAI,CAAC,IAAI,CAAC,UAAU,AAAC,GAAG,CAAC;KAC3E;AACD,WAAO;;;;KAAsB,CAAC;GAC/B;CACF,CAAC,CAAC;;AAEH,SAAS,GAAG,KAAK,CAAC,WAAW,CAAC;;;AAC5B,WAAS,EAAE;AACT,QAAI,EAAE,KAAK,CAAC,SAAS,CAAC,MAAM,CAAC,UAAU;AACvC,WAAO,EAAE,KAAK,CAAC,SAAS,CAAC,MAAM,CAAC,UAAU;GAC3C;AACD,mBAAiB,EAAA,YAAG;AAClB,cAAU,CAAC,MAAM,CAAC;AAChB,UAAI,EAAE,IAAI,CAAC,KAAK,CAAC,IAAI;AACrB,aAAO,EAAE,QAAQ,CAAC,WAAW,CAAC,IAAI,CAAC;AACnC,aAAO,EAAE,IAAI,CAAC,KAAK,CAAC,OAAO;KAC5B,CAAC,CAAC;;AAEH,cAAU,CAAC,KAAK,CAAC,IAAI,CAAC,KAAK,CAAC,IAAI,EAAE,UAAS,GAAG,EAAE;AAC9C,UAAI,QAAQ,GAAG,8CAA8C,CAAC;AAC9D,UAAI,MAAM,GAAG,IAAI,MAAM,CAAC,IAAI,CAAC,MAAM,CAAC;AAClC,gBAAQ,EAAC,GAAG,CAAC,OAAO,CAAC,MAAM;AAC3B,WAAG,EAAE,GAAG,CAAC,QAAQ;AACjB,YAAI,EAAE,QAAQ,GAAG,SAAS;OAC3B,CAAC,CAAC;KACJ,CAAC,CAAC;GACJ;AACD,sBAAoB,EAAA,YAAG;AACrB,QAAI,UAAU,CAAC,IAAI,CAAC,IAAI,CAAC,KAAK,CAAC,IAAI,CAAC,EAAE;AACpC,YAAM,CAAC,IAAI,CAAC,KAAK,CAAC,sBAAsB,CAAC,UAAU,CAAC,IAAI,CAAC,IAAI,CAAC,KAAK,CAAC,IAAI,CAAC,CAAC,QAAQ,CAAC,CAAC;AACpF,aAAO,UAAU,CAAC,IAAI,CAAC,IAAI,CAAC,KAAK,CAAC,IAAI,CAAC,CAAC;KACzC;GACF;AACD,QAAM,EAAA,YAAG;AACP,WAAO,6BAAK,SAAS,EAAC,eAAe,GAAO,CAAC;GAC9C;CACF,CAAC,CAAC","file":"/client/components/sites/map.jsx.map","sourcesContent":["Map = React.createClass({\n  mixins: [ReactMeteorData],\n  componentDidMount() {\n    GoogleMaps.load();\n  },\n  getMeteorData() {\n    return {\n      loaded: GoogleMaps.loaded(),\n      mapOptions: GoogleMaps.loaded() && this._mapOptions()\n    };\n  },\n  _mapOptions() {\n    return {\n      center: new google.maps.LatLng(this.props.lat, this.props.lng),\n      id: this.props.lat,\n      zoom: 13,\n      scrollwheel: false,\n      styles: [{\"featureType\":\"water\",\"stylers\":[{\"saturation\":43},{\"lightness\":-11},{\"hue\":\"#0088ff\"}]},{\"featureType\":\"road\",\"elementType\":\"geometry.fill\",\"stylers\":[{\"hue\":\"#ff0000\"},{\"saturation\":-100},{\"lightness\":99}]},{\"featureType\":\"road\",\"elementType\":\"geometry.stroke\",\"stylers\":[{\"color\":\"#808080\"},{\"lightness\":54}]},{\"featureType\":\"landscape.man_made\",\"elementType\":\"geometry.fill\",\"stylers\":[{\"color\":\"#ece2d9\"}]},{\"featureType\":\"poi.park\",\"elementType\":\"geometry.fill\",\"stylers\":[{\"color\":\"#ccdca1\"}]},{\"featureType\":\"road\",\"elementType\":\"labels.text.fill\",\"stylers\":[{\"color\":\"#767676\"}]},{\"featureType\":\"road\",\"elementType\":\"labels.text.stroke\",\"stylers\":[{\"color\":\"#ffffff\"}]},{\"featureType\":\"poi\",\"stylers\":[{\"visibility\":\"off\"}]},{\"featureType\":\"landscape.natural\",\"elementType\":\"geometry.fill\",\"stylers\":[{\"visibility\":\"on\"},{\"color\":\"#b8cb93\"}]},{\"featureType\":\"poi.park\",\"stylers\":[{\"visibility\":\"on\"}]},{\"featureType\":\"poi.sports_complex\",\"stylers\":[{\"visibility\":\"on\"}]},{\"featureType\":\"poi.medical\",\"stylers\":[{\"visibility\":\"on\"}]},{\"featureType\":\"poi.business\",\"stylers\":[{\"visibility\":\"simplified\"}]}]\n        };\n  },\n  render() {\n    if (this.data.loaded) {\n      return <GoogleMap name={this.props.lat} options={this.data.mapOptions} />;\n    }\n    return <div>Loading Map</div>;\n  }\n});\n\nGoogleMap = React.createClass({\n  propTypes: {\n    name: React.PropTypes.string.isRequired,\n    options: React.PropTypes.object.isRequired\n  },\n  componentDidMount() {\n    GoogleMaps.create({\n      name: this.props.name,\n      element: ReactDOM.findDOMNode(this),\n      options: this.props.options\n    });\n\n    GoogleMaps.ready(this.props.name, function(map) {\n      let iconBase = 'https://maps.google.com/mapfiles/kml/shapes/';\n      let marker = new google.maps.Marker({\n        position:map.options.center,\n        map: map.instance,\n        icon: iconBase + 'pnw.JPG'\n      });\n    });\n  },\n  componentWillUnmount() {\n    if (GoogleMaps.maps[this.props.name]) {\n      google.maps.event.clearInstanceListeners(GoogleMaps.maps[this.props.name].instance);\n      delete GoogleMaps.maps[this.props.name];\n    }\n  },\n  render() {\n    return <div className=\"map-container\"></div>;\n  }\n});\n"]},"hash":"033051c71e45231d7e48ba3898a196e903e1974c"}
