{"metadata":{"modules":{"imports":[],"exports":{"exported":[],"specifiers":[]}},"usedHelpers":[]},"ignored":false,"code":"NavBar = React.createClass({\n  displayName: \"NavBar\",\n\n  navLinks: function () {\n    if (!Meteor.loggingIn() && Meteor.user()) {\n      FlowRouter.go(\"/Dashboard\");\n      return React.createElement(\n        \"ul\",\n        { className: \"nav navbar-nav pull-right\" },\n        React.createElement(\n          \"li\",\n          null,\n          React.createElement(\n            \"a\",\n            { href: \"#profile\" },\n            Meteor.user().emails[0].address\n          )\n        ),\n        React.createElement(\n          \"li\",\n          null,\n          React.createElement(\n            \"a\",\n            { href: \"/logout\" },\n            \"Logout\"\n          )\n        )\n      );\n    } else {\n      return React.createElement(\n        \"ul\",\n        { className: \"nav navbar-nav pull-right\" },\n        React.createElement(\n          \"li\",\n          null,\n          React.createElement(\n            \"a\",\n            { href: \"#\" },\n            React.createElement(AccountsUIWrapper, null)\n          )\n        )\n      );\n    }\n  },\n\n  render: function () {\n    return React.createElement(\n      \"nav\",\n      { className: \"navbar navbar-default navbar-static-top\", role: \"navigation\" },\n      React.createElement(\n        \"div\",\n        { className: \"container\" },\n        React.createElement(\n          \"div\",\n          { className: \"container-fluid\" },\n          React.createElement(\n            \"div\",\n            { className: \"navbar-header\" },\n            React.createElement(\n              \"button\",\n              { type: \"button\", className: \"navbar-toggle\", \"data-toggle\": \"collapse\" },\n              React.createElement(\n                \"span\",\n                { className: \"sr-only\" },\n                \"Toggle navigation\"\n              ),\n              React.createElement(\"span\", { className: \"icon-bar\" }),\n              React.createElement(\"span\", { className: \"icon-bar\" }),\n              React.createElement(\"span\", { className: \"icon-bar\" })\n            ),\n            React.createElement(\"span\", { className: \"navbar-brand\" })\n          ),\n          React.createElement(\n            \"div\",\n            { className: \"collapse navbar-collapse\" },\n            React.createElement(\n              \"ul\",\n              { className: \"nav navbar-nav\" },\n              React.createElement(\n                \"li\",\n                null,\n                React.createElement(\n                  \"a\",\n                  { href: \"/\" },\n                  \"Biogrid\"\n                )\n              )\n            ),\n            this.navLinks()\n          )\n        )\n      )\n    );\n  }\n});","ast":null,"map":{"version":3,"sources":["/client/components/home/Navbar.jsx"],"names":[],"mappings":"AAAA,MAAM,GAAG,KAAK,CAAC,WAAW,CAAC;;;AAEvB,UAAQ,EAAA,YAAG;AACT,QAAI,CAAC,MAAM,CAAC,SAAS,EAAE,IAAI,MAAM,CAAC,IAAI,EAAE,EAAE;AACxC,gBAAU,CAAC,EAAE,CAAC,YAAY,CAAC,CAAC;AAC5B,aACE;;UAAI,SAAS,EAAC,2BAA2B;QACvC;;;UAAI;;cAAG,IAAI,EAAC,UAAU;YAAE,MAAM,CAAC,IAAI,EAAE,CAAC,MAAM,CAAC,CAAC,CAAC,CAAC,OAAO;WAAK;SAAK;QACjE;;;UAAI;;cAAG,IAAI,EAAC,SAAS;;WAAW;SAAK;OAClC,CACL;KACH,MACI;AACH,aACE;;UAAI,SAAS,EAAC,2BAA2B;QACvC;;;UAAI;;cAAG,IAAI,EAAC,GAAG;YAAC,oBAAC,iBAAiB,OAAG;WAAI;SAAK;OAC3C,CACL;KACH;GACF;;AAED,QAAM,EAAA,YAAG;AACP,WACE;;QAAK,SAAS,EAAC,yCAAyC,EAAC,IAAI,EAAC,YAAY;MACxE;;UAAK,SAAS,EAAC,WAAW;QACxB;;YAAK,SAAS,EAAC,iBAAiB;UAC9B;;cAAK,SAAS,EAAC,eAAe;YAC5B;;gBAAQ,IAAI,EAAC,QAAQ,EAAC,SAAS,EAAC,eAAe,EAAC,eAAY,UAAU;cACpE;;kBAAM,SAAS,EAAC,SAAS;;eAAyB;cAClD,8BAAM,SAAS,EAAC,UAAU,GAAQ;cAClC,8BAAM,SAAS,EAAC,UAAU,GAAQ;cAClC,8BAAM,SAAS,EAAC,UAAU,GAAQ;aAC3B;YACT,8BAAM,SAAS,EAAC,cAAc,GACvB;WACH;UACN;;cAAK,SAAS,EAAC,0BAA0B;YACvC;;gBAAI,SAAS,EAAC,gBAAgB;cAC5B;;;gBAAI;;oBAAG,IAAI,EAAC,GAAG;;iBAAY;eAAK;aAC7B;YACJ,IAAI,CAAC,QAAQ,EAAE;WACZ;SACF;OACF;KACF,CACN;GACH;CACJ,CAAC,CAAC","file":"/client/components/home/Navbar.jsx.map","sourcesContent":["NavBar = React.createClass({\n\n    navLinks() {\n      if (!Meteor.loggingIn() && Meteor.user()) {\n        FlowRouter.go(\"/Dashboard\");\n        return (\n          <ul className=\"nav navbar-nav pull-right\">\n            <li><a href=\"#profile\">{Meteor.user().emails[0].address}</a></li>\n            <li><a href=\"/logout\">Logout</a></li>\n          </ul>\n        );\n      }\n      else {\n        return (\n          <ul className=\"nav navbar-nav pull-right\">\n            <li><a href=\"#\"><AccountsUIWrapper /></a></li>\n          </ul>\n        );\n      }\n    },\n\n    render() {\n      return (\n        <nav className=\"navbar navbar-default navbar-static-top\" role=\"navigation\">\n          <div className=\"container\">\n            <div className=\"container-fluid\">\n              <div className=\"navbar-header\">\n                <button type=\"button\" className=\"navbar-toggle\" data-toggle=\"collapse\">\n                  <span className=\"sr-only\">Toggle navigation</span>\n                  <span className=\"icon-bar\"></span>\n                  <span className=\"icon-bar\"></span>\n                  <span className=\"icon-bar\"></span>\n                </button>\n                <span className=\"navbar-brand\">\n                </span>\n              </div>\n              <div className=\"collapse navbar-collapse\">\n                <ul className=\"nav navbar-nav\">\n                  <li><a href=\"/\">Biogrid</a></li>\n                </ul>\n                {this.navLinks()}\n              </div>\n            </div>\n          </div>\n        </nav>\n      );\n    }\n});\n"]},"hash":"042d75c68636cc356717eb53137de180656fcb37"}
