{"metadata":{"modules":{"imports":[],"exports":{"exported":[],"specifiers":[]}},"usedHelpers":[]},"ignored":false,"code":"ParentGraph = React.createClass({\n  displayName: 'ParentGraph',\n\n  mixins: [ReactMeteorData],\n  getMeteorData: function () {\n    var data = {};\n    data.readings = [];\n    data.thing = \"\";\n    var subscriptionReadings = Meteor.subscribe('readings', this.props.sensorId);\n    var subscriptionThings = Meteor.subscribe('things', this.props.thingId);\n\n    var timePeriod = Session.get('timePeriod');\n\n    if (subscriptionReadings.ready()) {\n      var date = Session.get('timePeriod');\n      data.readings = Readings.find({ sensorId: this.props.sensorId,\n        day: {\n          $gte: date[0],\n          $lte: date[1]\n        } }).fetch();\n    }\n\n    if (subscriptionThings.ready()) {\n      var thing = Things.find({ _id: this.props.thingId }).fetch();\n      data.thing = thing[0].description;\n    }\n    return data;\n  },\n\n  //TODO colors have to be choosen by graphType\n  render: function () {\n    var data = undefined;\n    if (this.data.readings) {\n      data = React.createElement(\n        'div',\n        { className: 'oneGraph' },\n        React.createElement(Graph, { sensors: this.data.readings, color: this.props.graph.color, graphType: this.props.graph.graphType, thingDescription: this.data.thing })\n      );\n    } else {\n      data = React.createElement('div', null);\n    }\n\n    return React.createElement(\n      'div',\n      null,\n      data\n    );\n  }\n});","ast":null,"map":{"version":3,"sources":["/client/components/graph/parentGraph.jsx"],"names":[],"mappings":"AAAA,WAAW,GAAG,KAAK,CAAC,WAAW,CAAC;;;AAC9B,QAAM,EAAE,CAAC,eAAe,CAAC;AACzB,eAAa,EAAA,YAAG;AACd,QAAI,IAAI,GAAG,EAAE,CAAC;AACd,QAAI,CAAC,QAAQ,GAAG,EAAE,CAAC;AACnB,QAAI,CAAC,KAAK,GAAG,EAAE,CAAC;AAChB,QAAM,oBAAoB,GAAG,MAAM,CAAC,SAAS,CAAC,UAAU,EAAE,IAAI,CAAC,KAAK,CAAC,QAAQ,CAAC,CAAC;AAC/E,QAAM,kBAAkB,GAAG,MAAM,CAAC,SAAS,CAAC,QAAQ,EAAE,IAAI,CAAC,KAAK,CAAC,OAAO,CAAC,CAAC;;AAE1E,QAAI,UAAU,GAAG,OAAO,CAAC,GAAG,CAAC,YAAY,CAAC,CAAC;;AAE3C,QAAG,oBAAoB,CAAC,KAAK,EAAE,EAAE;AAC/B,UAAI,IAAI,GAAG,OAAO,CAAC,GAAG,CAAC,YAAY,CAAC,CAAC;AACnC,UAAI,CAAC,QAAQ,GAAG,QAAQ,CAAC,IAAI,CAAC,EAAC,QAAQ,EAAC,IAAI,CAAC,KAAK,CAAC,QAAQ;AACzD,WAAG,EACH;AACE,cAAI,EAAE,IAAI,CAAC,CAAC,CAAC;AACb,cAAI,EAAE,IAAI,CAAC,CAAC,CAAC;SACd,EAAC,CAAC,CAAC,KAAK,EAAE,CAAC;KACf;;AAEH,QAAG,kBAAkB,CAAC,KAAK,EAAE,EAAE;AAC7B,UAAI,KAAK,GAAG,MAAM,CAAC,IAAI,CAAC,EAAC,GAAG,EAAC,IAAI,CAAC,KAAK,CAAC,OAAO,EAAC,CAAC,CAAC,KAAK,EAAE,CAAC;AAC1D,UAAI,CAAC,KAAK,GAAG,KAAK,CAAC,CAAC,CAAC,CAAC,WAAW,CAAC;KACnC;AACD,WAAO,IAAI,CAAC;GACb;;;AAGD,QAAM,EAAA,YAAG;AACP,QAAI,IAAI,YAAA,CAAC;AACT,QAAG,IAAI,CAAC,IAAI,CAAC,QAAQ,EAAE;AACrB,UAAI,GAAG;;UAAK,SAAS,EAAC,UAAU;QAC9B,oBAAC,KAAK,IAAC,OAAO,EAAE,IAAI,CAAC,IAAI,CAAC,QAAQ,AAAC,EAAC,KAAK,EAAE,IAAI,CAAC,KAAK,CAAC,KAAK,CAAC,KAAK,AAAC,EAAC,SAAS,EAAE,IAAI,CAAC,KAAK,CAAC,KAAK,CAAC,SAAS,AAAC,EAAC,gBAAgB,EAAE,IAAI,CAAC,IAAI,CAAC,KAAK,AAAC,GAAG;OAC3I,CAAA;KACP,MAAM;AACL,UAAI,GAAG,gCAAW,CAAA;KACnB;;AAED,WACE;;;MACK,IAAI;KACH,CAEL;GACF;CACJ,CAAC,CAAA","file":"/client/components/graph/parentGraph.jsx.map","sourcesContent":["ParentGraph = React.createClass({\n  mixins: [ReactMeteorData],\n  getMeteorData() {\n    let data = {};\n    data.readings = [];\n    data.thing = \"\";\n    const subscriptionReadings = Meteor.subscribe('readings', this.props.sensorId);\n    const subscriptionThings = Meteor.subscribe('things', this.props.thingId);\n\n    let timePeriod = Session.get('timePeriod');\n\n    if(subscriptionReadings.ready()) {\n      let date = Session.get('timePeriod');\n        data.readings = Readings.find({sensorId:this.props.sensorId,\n          day:\n          {\n            $gte: date[0],\n            $lte: date[1]\n          }}).fetch();\n      }\n\n    if(subscriptionThings.ready()) {\n      let thing = Things.find({_id:this.props.thingId}).fetch();\n      data.thing = thing[0].description;\n    }\n    return data;\n  },\n\n  //TODO colors have to be choosen by graphType\n  render() {\n    let data;\n    if(this.data.readings) {\n      data = <div className=\"oneGraph\">\n        <Graph sensors={this.data.readings} color={this.props.graph.color} graphType={this.props.graph.graphType} thingDescription={this.data.thing} />\n      </div>\n    } else {\n      data = <div></div>\n    }\n\n    return (\n      <div>\n          {data}\n      </div>\n      \n      )\n    }\n})\n"]},"hash":"044db0e1b3ab364ce72b7345ce084f766fad77dd"}
