{"metadata":{"modules":{"imports":[],"exports":{"exported":[],"specifiers":[]}},"usedHelpers":[]},"ignored":false,"code":"Graph = React.createClass({\n  displayName: 'Graph',\n\n  mixins: [ReactMeteorData],\n  getMeteorData: function () {\n\n    //let data = {};\n\n    //SensorsCollection = new Mongo.Collection('sensors');\n    //console.log(SensorsCollection);\n\n    //Meteor.subscribe('sensors');\n    //data = SensorsCollection.find();\n    //return data;\n    //console.log(SensorsCollection.find());\n    var data = {};\n    data.array = [];\n\n    SensorCollection = new Mongo.Collection('testCollection');\n    var handle = Meteor.subscribe('testCollection');\n    if (handle.ready()) {\n      data.array = SensorCollection.find().feth();\n    }\n\n    return data;\n  },\n\n  render: function () {\n\n    if (!this.data.array) {\n      var testVar = React.createElement(\n        'div',\n        null,\n        'Hei test'\n      );\n    }\n\n    return React.createElement(\n      'div',\n      { className: 'jumbotron' },\n      testVar\n    );\n  }\n});","ast":null,"map":{"version":3,"sources":["/client/components/dashboard/graph/Graph.jsx"],"names":[],"mappings":"AAAA,KAAK,GAAG,KAAK,CAAC,WAAW,CAAC;;;AAExB,QAAM,EAAC,CAAC,eAAe,CAAC;AACxB,eAAa,EAAA,YAAE;;;;;;;;;;;AAWb,QAAI,IAAI,GAAE,EAAE,CAAC;AACb,QAAI,CAAC,KAAK,GAAG,EAAE,CAAC;;AAEhB,oBAAgB,GAAG,IAAI,KAAK,CAAC,UAAU,CAAC,gBAAgB,CAAC,CAAC;AAC1D,QAAI,MAAM,GAAG,MAAM,CAAC,SAAS,CAAC,gBAAgB,CAAC,CAAC;AAChD,QAAG,MAAM,CAAC,KAAK,EAAE,EAAC;AAChB,UAAI,CAAC,KAAK,GAAG,gBAAgB,CAAC,IAAI,EAAE,CAAC,IAAI,EAAE,CAAC;KAC7C;;AAEC,WAAO,IAAI,CAAC;GACf;;AAED,QAAM,EAAA,YAAE;;AAEN,QAAG,CAAC,IAAI,CAAC,IAAI,CAAC,KAAK,EAAC;AAClB,UAAI,OAAO,GAAG;;;;OAAmB,CAAA;KAClC;;AAED,WACE;;QAAK,SAAS,EAAC,WAAW;MACvB,OAAO;KACJ,CACP;GACF;CACF,CAAC,CAAA","file":"/client/components/dashboard/graph/Graph.jsx.map","sourcesContent":["Graph = React.createClass({\n\n  mixins:[ReactMeteorData],\n  getMeteorData(){\n\n    //let data = {};\n\n    //SensorsCollection = new Mongo.Collection('sensors');\n    //console.log(SensorsCollection);\n\n    //Meteor.subscribe('sensors');\n    //data = SensorsCollection.find();\n    //return data;\n    //console.log(SensorsCollection.find());\n    let data ={};\n    data.array = [];\n\n    SensorCollection = new Mongo.Collection('testCollection');\n    var handle = Meteor.subscribe('testCollection');\n    if(handle.ready()){\n      data.array = SensorCollection.find().feth();\n    }\n\n      return data;\n  },\n\n  render(){\n\n    if(!this.data.array){\n      var testVar = <div>Hei test</div>\n    }\n\n    return(\n      <div className=\"jumbotron\">\n        {testVar}\n      </div>\n    )\n  }\n})\n"]},"hash":"04894e36a5f7721b39b305acb6e513f1b041588e"}
