{"metadata":{"modules":{"imports":[],"exports":{"exported":[],"specifiers":[]}},"usedHelpers":[]},"ignored":false,"code":"FrameGraphCo2 = React.createClass({\n  displayName: \"FrameGraphCo2\",\n\n  mixins: [ReactMeteorData],\n  getMeteorData: function () {\n\n    var handle = Meteor.subscribe(\"sensors\");\n    var sensors;\n    if (handle.ready()) {\n      sensors = Sensors.find({ type: \"co2\" }).fetch();\n    }\n    console.log(\"sensors in fgco2: \" + sensors);\n    return sensors;\n  },\n  render: function () {\n    return(\n      /*{this.data.sensors.map(function(result){\n        return <Graph data={result} />;\n      })}*/\n      React.createElement(\n        \"div\",\n        null,\n        \"test\"\n      )\n    );\n  }\n});","ast":null,"map":{"version":3,"sources":["/client/components/dashboard/graph/FrameGraphCo2.jsx"],"names":[],"mappings":"AAAA,aAAa,GAAG,KAAK,CAAC,WAAW,CAAC;;;AAEhC,QAAM,EAAE,CAAC,eAAe,CAAC;AACzB,eAAa,EAAA,YAAE;;AAEb,QAAI,MAAM,GAAG,MAAM,CAAC,SAAS,CAAC,SAAS,CAAC,CAAC;AACzC,QAAI,OAAO,CAAC;AACZ,QAAG,MAAM,CAAC,KAAK,EAAE,EACjB;AACE,aAAO,GAAG,OAAO,CAAC,IAAI,CAAC,EAAC,IAAI,EAAC,KAAK,EAAC,CAAC,CAAC,KAAK,EAAE,CAAC;KAC9C;AACD,WAAO,CAAC,GAAG,CAAC,oBAAoB,GAAG,OAAO,CAAC,CAAC;AAC5C,WAAO,OAAO,CAAC;GAChB;AACD,QAAM,EAAA,YAAE;AACN;;;;AAIE;;;;OAAe;MAChB;GACF;CACF,CAAC,CAAA","file":"/client/components/dashboard/graph/FrameGraphCo2.jsx.map","sourcesContent":["FrameGraphCo2 = React.createClass({\n\n  mixins: [ReactMeteorData],\n  getMeteorData(){\n\n    var handle = Meteor.subscribe(\"sensors\");\n    var sensors;\n    if(handle.ready())\n    {\n      sensors = Sensors.find({type:\"co2\"}).fetch();\n    }\n    console.log(\"sensors in fgco2: \" + sensors);\n    return sensors;\n  },\n  render(){\n    return(\n      /*{this.data.sensors.map(function(result){\n        return <Graph data={result} />;\n      })}*/\n      <div>test</div>\n    )\n  }\n})\n"]},"hash":"048dc5ca37615e3b19bba6508f57ddee8fbb0f41"}
