{"metadata":{"modules":{"imports":[],"exports":{"exported":[],"specifiers":[]}},"usedHelpers":[]},"ignored":false,"code":"Dashboard = React.createClass({\n  displayName: \"Dashboard\",\n\n  mixins: [ReactMeteorData],\n  getMeteorData: function () {\n\n    var siteId = FlowRouter.getParam(\"siteId\");\n    console.log(\"siteId:\", siteId);\n    var data = {};\n\n    //TODO\n    //1.Get data from matching siteId and hubId\n    var subscription = Meteor.subscribe('hubs', siteId);\n\n    //2.Publish from hubs with siteId. That gives _id\n    //3.Publish from sensors1 with hubId. That should give thingId og _id\n    //4. Publish from things with thingId. That gives description\n    //5. Publish from reading whith sensorId. That gives day and values\n\n    return {\n      hubs: Hubs.find().fetch()\n    };\n  },\n\n  getHubs: function () {\n    var array = this.data.hubs;\n    console.log(aray);\n  },\n\n  render: function () {\n    return React.createElement(\n      \"div\",\n      { id: \"bg\" },\n      React.createElement(\n        \"div\",\n        { className: \"row\" },\n        React.createElement(\n          \"div\",\n          { className: \"col-md-2 col-sm-12\" },\n          React.createElement(Metadata, null)\n        ),\n        React.createElement(\n          \"div\",\n          { className: \"col-md-5 col-sm-12\" },\n          React.createElement(ParentGraph, null)\n        ),\n        React.createElement(\"div\", { className: \"col-md-5 col-sm-12\" })\n      ),\n      React.createElement(\n        \"div\",\n        { className: \"row\" },\n        React.createElement(\"div\", { className: \"col-md-5 col-md-offset-2\" })\n      )\n    );\n  }\n});","ast":null,"map":{"version":3,"sources":["/client/components/dashboard/Dashboard.jsx"],"names":[],"mappings":"AAAA,SAAS,GAAG,KAAK,CAAC,WAAW,CAAC;;;AAC5B,QAAM,EAAE,CAAC,eAAe,CAAC;AACzB,eAAa,EAAA,YAAE;;AAEb,QAAM,MAAM,GAAG,UAAU,CAAC,QAAQ,CAAC,QAAQ,CAAC,CAAC;AAC7C,WAAO,CAAC,GAAG,CAAC,SAAS,EAAE,MAAM,CAAC,CAAC;AAC/B,QAAM,IAAI,GAAG,EAAE,CAAC;;;;AAIhB,QAAM,YAAY,GAAG,MAAM,CAAC,SAAS,CAAC,MAAM,EAAE,MAAM,CAAC,CAAC;;;;;;;AAOtD,WAAM;AACJ,UAAI,EAAE,IAAI,CAAC,IAAI,EAAE,CAAC,KAAK,EAAE;KAC1B,CAAA;GACF;;AAED,SAAO,EAAA,YAAE;AACP,QAAI,KAAK,GAAG,IAAI,CAAC,IAAI,CAAC,IAAI,CAAC;AAC3B,WAAO,CAAC,GAAG,CAAC,IAAI,CAAC,CAAC;GACnB;;AAED,QAAM,EAAA,YAAE;AACN,WACE;;QAAK,EAAE,EAAC,IAAI;MACV;;UAAK,SAAS,EAAC,KAAK;QAClB;;YAAK,SAAS,EAAC,oBAAoB;UACjC,oBAAC,QAAQ,OAAG;SACR;QACN;;YAAK,SAAS,EAAC,oBAAoB;UACjC,oBAAC,WAAW,OAAG;SACX;QACN,6BAAK,SAAS,EAAC,oBAAoB,GAC7B;OACF;MACN;;UAAK,SAAS,EAAC,KAAK;QAClB,6BAAK,SAAS,EAAC,0BAA0B,GACnC;OACF;KACF,CACP;GACF;CACF,CAAC,CAAA","file":"/client/components/dashboard/Dashboard.jsx.map","sourcesContent":["Dashboard = React.createClass({\n  mixins: [ReactMeteorData],\n  getMeteorData(){\n\n    const siteId = FlowRouter.getParam(\"siteId\");\n    console.log(\"siteId:\", siteId);\n    const data = {};\n\n    //TODO\n    //1.Get data from matching siteId and hubId\n    const subscription = Meteor.subscribe('hubs', siteId);\n\n    //2.Publish from hubs with siteId. That gives _id\n    //3.Publish from sensors1 with hubId. That should give thingId og _id\n    //4. Publish from things with thingId. That gives description\n    //5. Publish from reading whith sensorId. That gives day and values\n\n    return{\n      hubs: Hubs.find().fetch(),\n    }\n  },\n\n  getHubs(){\n    let array = this.data.hubs;\n    console.log(aray);\n  },\n\n  render(){\n    return(\n      <div id=\"bg\">\n        <div className=\"row\">\n          <div className=\"col-md-2 col-sm-12\">\n            <Metadata />\n          </div>\n          <div className=\"col-md-5 col-sm-12\">\n            <ParentGraph />\n          </div>\n          <div className=\"col-md-5 col-sm-12\">\n          </div>\n        </div>\n        <div className=\"row\">\n          <div className=\"col-md-5 col-md-offset-2\">\n          </div>\n        </div>\n      </div>\n    )\n  }\n})\n"]},"hash":"04c12ad0716fdcd5c2068ef254dfd25faee6dc6d"}
