{"metadata":{"modules":{"imports":[],"exports":{"exported":[],"specifiers":[]}},"usedHelpers":[]},"ignored":false,"code":"LocationPage = React.createClass({\n  displayName: 'LocationPage',\n\n  links: [{ _id: 1, href: '/dashboardPage', text: 'Oslo', icon: 'fa fa-home' }, { _id: 2, href: '/#', text: 'Trondheim', icon: 'fa fa-reddit-alien' }, { _id: 3, href: '/#', text: \"Bergen\", icon: 'fa fa-shopping-basket' }],\n\n  render: function () {\n\n    var rows = this.links.map(function (link) {\n      return React.createElement(\n        'div',\n        { key: link._id },\n        React.createElement(\n          'a',\n          { href: link.href },\n          ' ',\n          React.createElement('i', { className: link.icon }),\n          '  ',\n          link.text,\n          ' '\n        )\n      );\n    });\n\n    return React.createElement(\n      'div',\n      { className: 'jumbotron text-center' },\n      React.createElement(\n        'div',\n        { className: 'row' },\n        rows\n      ),\n      React.createElement('span', { className: 'Glyphicon glypichon-home' })\n    );\n  }\n});","ast":null,"map":{"version":3,"sources":["/client/components/location/LocationPage.jsx"],"names":[],"mappings":"AAAA,YAAY,GAAG,KAAK,CAAC,WAAW,CAAC;;;AAEjC,OAAK,EAAC,CACJ,EAAC,GAAG,EAAC,CAAC,EAAE,IAAI,EAAC,gBAAgB,EAAC,IAAI,EAAC,MAAM,EAAE,IAAI,EAAC,YAAY,EAAC,EAC7D,EAAC,GAAG,EAAC,CAAC,EAAE,IAAI,EAAC,IAAI,EAAC,IAAI,EAAC,WAAW,EAAE,IAAI,EAAC,oBAAoB,EAAC,EAC9D,EAAC,GAAG,EAAC,CAAC,EAAE,IAAI,EAAC,IAAI,EAAC,IAAI,EAAC,QAAQ,EAAE,IAAI,EAAC,uBAAuB,EAAC,CAC/D;;AAEC,QAAM,EAAA,YAAE;;AAEN,QAAI,IAAI,GAAG,IAAI,CAAC,KAAK,CAAC,GAAG,CAAC,UAAS,IAAI,EAAC;AACtC,aACE;;UAAK,GAAG,EAAE,IAAI,CAAC,GAAG,AAAC;QACjB;;YAAG,IAAI,EAAE,IAAI,CAAC,IAAI,AAAC;;UAAE,2BAAG,SAAS,EAAE,IAAI,CAAC,IAAI,AAAC,GAAK;;UAAG,IAAI,CAAC,IAAI;;SAAM;OAChE,CACP;KACF,CAAC,CAAC;;AAEH,WACE;;QAAK,SAAS,EAAC,uBAAuB;MAClC;;UAAK,SAAS,EAAC,KAAK;QACf,IAAI;OACH;MACN,8BAAM,SAAS,EAAC,0BAA0B,GAAQ;KAChD,CACP;GACF;CACF,CAAC,CAAA","file":"/client/components/location/LocationPage.jsx.map","sourcesContent":["LocationPage = React.createClass({\n\nlinks:[\n  {_id:1, href:'/dashboardPage',text:'Oslo', icon:'fa fa-home'},\n  {_id:2, href:'/#',text:'Trondheim' ,icon:'fa fa-reddit-alien'},\n  {_id:3, href:'/#',text:\"Bergen\", icon:'fa fa-shopping-basket'},\n],\n\n  render(){\n\n    let rows = this.links.map(function(link){\n      return(\n        <div key={link._id}>\n          <a href={link.href}> <i className={link.icon}></i>  {link.text} </a>\n        </div>\n      )\n    });\n\n    return(\n      <div className=\"jumbotron text-center\">\n          <div className=\"row\">\n              {rows}\n          </div>\n          <span className=\"Glyphicon glypichon-home\"></span>\n      </div>\n    )\n  }\n})\n"]},"hash":"06651fc2d1737f513b33da514fa939818ea620e0"}
