{"metadata":{"modules":{"imports":[],"exports":{"exported":[],"specifiers":[]}},"usedHelpers":[]},"ignored":false,"code":"Graph = React.createClass({\n  displayName: \"Graph\",\n\n  _create: function () {\n    console.log(\"This is in graph: \", this.props.sensors);\n  },\n\n  /*  var allValues = \"\";\n    //console.log(allValues);\n  \n  \n    for(var key in allValues){\n      if(key === \"values\")\n      for(var i in allValues[key]){ // i = hours\n        var hour = i;\n          for(var j in allValues[key][i]){ // j = minutes\n            var minute = j;\n            for(var k in allValues[key][i][j]){ // k = seconds\n              var second = k;\n              var value = allValues[key][i][j][k];\n              graphString += day + \" \" + hour + \":\" + minute + \":\" + second + \",\" + value + \"\\n\";\n            }\n          }\n      }\n    }\n        this.g2 = new Dygraph(\n        document.getElementById('graf1'),\n        \"Date,Value\\n\" + graphString,\n        {\n          ylabel: 'Value (' + allValues.type + \")\",\n          title: allValues.type,\n          strokeWidth: 2,\n          //gridLineColor: 'rgb(204,0,255)',\n          color: 'rgb(204,0,255)',\n          fillGraph: true,\n          axisLineColor: 'rgb(204,0,255)',\n          showRangeSelector: true,\n          rangeSelectorHeight: 30,\n          rangeSelectorPlotFillColor: 'rgb(204,0,255)',\n          rangeSelectorPlotStrokeColor: 'rgb(204,0,255)',\n  \n          //fillGraph:true,\n          //showRangeSelector:true\n          //connectSeparatedPoints:true,\n        }\n      );\n    },\n  */\n  componentDidMount: function () {\n    this._create();\n  },\n  componentDidUpdate: function () {\n    this._create();\n  },\n\n  render: function () {\n    /*if(this.data.sensors){\n      var testVar = <div>Hei test</div>\n    }*/\n\n    return(\n      //<div id=\"graf1\" className=\"testgraf\" ref=\"graphDiv2\"></div>\n      React.createElement(\n        \"div\",\n        null,\n        \"This is in graph: My name is\"\n      )\n    );\n  }\n\n});","ast":null,"map":{"version":3,"sources":["/client/components/dashboard/graph/Graph.jsx"],"names":[],"mappings":"AAAA,KAAK,GAAG,KAAK,CAAC,WAAW,CAAC;;;AAGxB,SAAO,EAAE,YAAU;AACjB,WAAO,CAAC,GAAG,CAAC,oBAAoB,EAAE,IAAI,CAAC,KAAK,CAAC,OAAO,CAAE,CAAC;GACxD;;;;;;;;;;;;;;;;;;;;;;;;;;;;;;;;;;;;;;;;;;;AA+CD,mBAAiB,EAAE,YAAU;AAC3B,QAAI,CAAC,OAAO,EAAE,CAAC;GAChB;AACD,oBAAkB,EAAE,YAAU;AAC5B,QAAI,CAAC,OAAO,EAAE,CAAC;GAChB;;AAID,QAAM,EAAA,YAAE;;;;;AAKN;;AAEE;;;;OAAuC;MACxC;GACF;;CAEF,CAAC,CAAA","file":"/client/components/dashboard/graph/Graph.jsx.map","sourcesContent":["Graph = React.createClass({\n\n\n  _create: function(){\n    console.log(\"This is in graph: \", this.props.sensors );\n  },\n\n\n\n\n\n/*  var allValues = \"\";\n  //console.log(allValues);\n\n\n  for(var key in allValues){\n    if(key === \"values\")\n    for(var i in allValues[key]){ // i = hours\n      var hour = i;\n        for(var j in allValues[key][i]){ // j = minutes\n          var minute = j;\n          for(var k in allValues[key][i][j]){ // k = seconds\n            var second = k;\n            var value = allValues[key][i][j][k];\n            graphString += day + \" \" + hour + \":\" + minute + \":\" + second + \",\" + value + \"\\n\";\n          }\n        }\n    }\n  }\n      this.g2 = new Dygraph(\n      document.getElementById('graf1'),\n      \"Date,Value\\n\" + graphString,\n      {\n        ylabel: 'Value (' + allValues.type + \")\",\n        title: allValues.type,\n        strokeWidth: 2,\n        //gridLineColor: 'rgb(204,0,255)',\n        color: 'rgb(204,0,255)',\n        fillGraph: true,\n        axisLineColor: 'rgb(204,0,255)',\n        showRangeSelector: true,\n        rangeSelectorHeight: 30,\n        rangeSelectorPlotFillColor: 'rgb(204,0,255)',\n        rangeSelectorPlotStrokeColor: 'rgb(204,0,255)',\n\n        //fillGraph:true,\n        //showRangeSelector:true\n        //connectSeparatedPoints:true,\n      }\n    );\n  },\n*/\n  componentDidMount: function(){\n    this._create();\n  },\n  componentDidUpdate: function(){\n    this._create();\n  },\n\n\n\n  render(){\n    /*if(this.data.sensors){\n      var testVar = <div>Hei test</div>\n    }*/\n\n    return(\n      //<div id=\"graf1\" className=\"testgraf\" ref=\"graphDiv2\"></div>\n      <div>This is in graph: My name is</div>\n    )\n  }\n\n})\n"]},"hash":"067dcc745b5ac958172d5b0db5230edabc4f3377"}
