{"metadata":{"modules":{"imports":[],"exports":{"exported":[],"specifiers":[]}},"usedHelpers":[]},"ignored":false,"code":"Graph = React.createClass({\n  displayName: \"Graph\",\n\n  mixins: [ReactMeteorData],\n  getMeteorData: function () {\n\n    var object = {};\n    object.data = [];\n\n    var datahandle = Meteor.subscribe('values');\n    if (datahandle.ready()) {\n      console.log(C.find({}));\n    }\n    //object = sensors.find({});\n    //console.log(\"This is object: \" + object);\n\n    //console.log(\"This is datahandle: \" + datahandle.values);\n  },\n\n  render: function () {\n\n    /*var rows = this.dataArray.map(function(data1){\n      return(\n        <div>\n          h\n        </div>\n      )\n    });*/\n\n    return React.createElement(\n      \"div\",\n      { className: \"jumbotron\" },\n      \"hei\"\n    );\n  }\n});","ast":null,"map":{"version":3,"sources":["/client/components/dashboard/graph/Graph.jsx"],"names":[],"mappings":"AAAA,KAAK,GAAG,KAAK,CAAC,WAAW,CAAC;;;AAExB,QAAM,EAAC,CAAC,eAAe,CAAC;AACxB,eAAa,EAAA,YAAE;;AAEb,QAAI,MAAM,GAAG,EAAE,CAAC;AAChB,UAAM,CAAC,IAAI,GAAG,EAAE,CAAC;;AAGjB,QAAI,UAAU,GAAG,MAAM,CAAC,SAAS,CAAC,QAAQ,CAAC,CAAC;AAC5C,QAAG,UAAU,CAAC,KAAK,EAAE,EAAC;AACpB,aAAO,CAAC,GAAG,CAAC,CAAC,CAAC,IAAI,CAAC,EAAE,CAAC,CAAC,CAAC;KACzB;;;;;GAOF;;AAED,QAAM,EAAA,YAAE;;;;;;;;;;AAUN,WACE;;QAAK,SAAS,EAAC,WAAW;;KAEpB,CACP;GACF;CACF,CAAC,CAAA","file":"/client/components/dashboard/graph/Graph.jsx.map","sourcesContent":["Graph = React.createClass({\n\n  mixins:[ReactMeteorData],\n  getMeteorData(){\n\n    let object = {};\n    object.data = [];\n\n\n    var datahandle = Meteor.subscribe('values');\n    if(datahandle.ready()){\n      console.log(C.find({}));\n    }\n    //object = sensors.find({});\n    //console.log(\"This is object: \" + object);\n\n\n    //console.log(\"This is datahandle: \" + datahandle.values);\n\n  },\n\n  render(){\n\n    /*var rows = this.dataArray.map(function(data1){\n      return(\n        <div>\n          h\n        </div>\n      )\n    });*/\n\n    return(\n      <div className=\"jumbotron\">\n        hei\n      </div>\n    )\n  }\n})\n"]},"hash":"068193e0ff938f8d85ce9b9cc50dc6c9863f5951"}
