{"metadata":{"modules":{"imports":[],"exports":{"exported":[],"specifiers":[]}},"usedHelpers":[]},"ignored":false,"code":"ParentGraph = React.createClass({\n  displayName: 'ParentGraph',\n\n  mixins: [ReactMeteorData],\n  getMeteorData: function () {\n    var data = {};\n    data.readings = [];\n    var subscriptionReadings = Meteor.subscribe('readings', this.props.sensorId);\n    var subscriptionThings = Meteor.subscribe('things', this.props.thingId);\n\n    if (subscriptionReadings.ready()) {\n      data.readings = Readings.find({ sensorId: this.props.sensorId }).fetch();\n    }\n    if (subscriptionThings.ready()) {\n      data.thing = Things.find({ _id: this.props.thingId }).fetch();\n    }\n\n    return data;\n  },\n\n  //TODO colors have to be choosen by graphType\n  render: function () {\n    return React.createElement(\n      'div',\n      null,\n      this.data.thing[0].description,\n      React.createElement(Graph, { sensors: this.data.readings, color: \"246,75,218\" })\n    );\n  }\n});","ast":null,"map":{"version":3,"sources":["/client/components/dashboard/graph/ParentGraph.jsx"],"names":[],"mappings":"AAAA,WAAW,GAAG,KAAK,CAAC,WAAW,CAAC;;;AAC9B,QAAM,EAAE,CAAC,eAAe,CAAC;AACzB,eAAa,EAAA,YAAG;AACd,QAAI,IAAI,GAAG,EAAE,CAAC;AACd,QAAI,CAAC,QAAQ,GAAG,EAAE,CAAC;AACnB,QAAM,oBAAoB,GAAG,MAAM,CAAC,SAAS,CAAC,UAAU,EAAE,IAAI,CAAC,KAAK,CAAC,QAAQ,CAAC,CAAC;AAC/E,QAAM,kBAAkB,GAAG,MAAM,CAAC,SAAS,CAAC,QAAQ,EAAE,IAAI,CAAC,KAAK,CAAC,OAAO,CAAC,CAAC;;AAE1E,QAAG,oBAAoB,CAAC,KAAK,EAAE,EAAE;AAC/B,UAAI,CAAC,QAAQ,GAAG,QAAQ,CAAC,IAAI,CAAC,EAAC,QAAQ,EAAC,IAAI,CAAC,KAAK,CAAC,QAAQ,EAAC,CAAC,CAAC,KAAK,EAAE,CAAC;KACvE;AACD,QAAG,kBAAkB,CAAC,KAAK,EAAE,EAAE;AAC7B,UAAI,CAAC,KAAK,GAAG,MAAM,CAAC,IAAI,CAAC,EAAC,GAAG,EAAC,IAAI,CAAC,KAAK,CAAC,OAAO,EAAC,CAAC,CAAC,KAAK,EAAE,CAAC;KAC5D;;AAED,WAAO,IAAI,CAAC;GACb;;;AAGD,QAAM,EAAA,YAAG;AACL,WACE;;;MACK,IAAI,CAAC,IAAI,CAAC,KAAK,CAAC,CAAC,CAAC,CAAC,WAAW;MACjC,oBAAC,KAAK,IAAC,OAAO,EAAE,IAAI,CAAC,IAAI,CAAC,QAAQ,AAAC,EAAC,KAAK,EAAE,YAAY,AAAC,GAAG;KACvD,CACP;GACF;CACJ,CAAC,CAAA","file":"/client/components/dashboard/graph/ParentGraph.jsx.map","sourcesContent":["ParentGraph = React.createClass({\n  mixins: [ReactMeteorData],\n  getMeteorData() {\n    let data = {};\n    data.readings = [];\n    const subscriptionReadings = Meteor.subscribe('readings', this.props.sensorId);\n    const subscriptionThings = Meteor.subscribe('things', this.props.thingId);\n\n    if(subscriptionReadings.ready()) {\n      data.readings = Readings.find({sensorId:this.props.sensorId}).fetch();\n    }\n    if(subscriptionThings.ready()) {\n      data.thing = Things.find({_id:this.props.thingId}).fetch();\n    }\n\n    return data;\n  },\n\n  //TODO colors have to be choosen by graphType\n  render() {\n      return (\n        <div>\n            {this.data.thing[0].description}\n          <Graph sensors={this.data.readings} color={\"246,75,218\"} />\n        </div>\n      )\n    }\n})\n"]},"hash":"072d29fbc85f94a0cf13efabf4a06e6ba3ee9dfe"}
