{"metadata":{"modules":{"imports":[],"exports":{"exported":[],"specifiers":[]}},"usedHelpers":[]},"ignored":false,"code":"Dashboard = React.createClass({\n  displayName: \"Dashboard\",\n\n  mixins: [ReactMeteorData],\n  getMeteorData: function () {\n\n    var siteId = FlowRouter.getParam(\"siteId\");\n    var subscriptionHubs = Meteor.subscribe('hubs', siteId);\n\n    return {\n      hubsReady: subscriptionHubs.ready(),\n      hubs: Hubs.find({ siteId: siteId }).fetch()\n    };\n  },\n\n  render: function () {\n    if (this.data.hubsReady) {\n      if (this.data.hubs.length === 0) {\n        var hubsList = React.createElement(NoDataMessage, { datatype: \"hubs\" });\n      } else {\n        var hubsList = this.data.hubs.map(function (hub) {\n          return React.createElement(Hub, { className: \"hubFrame\", key: hub._id, hubId: hub._id });\n        });\n      }\n    }\n\n    return React.createElement(\n      \"div\",\n      { id: \"bg\" },\n      React.createElement(Navbar, null),\n      React.createElement(SubNavbar, null),\n      React.createElement(\n        \"div\",\n        { className: \"row\" },\n        React.createElement(\n          \"div\",\n          { className: \"\" },\n          hubsList\n        )\n      )\n    );\n  }\n});","ast":null,"map":{"version":3,"sources":["/client/components/dashboard/Dashboard.jsx"],"names":[],"mappings":"AAAA,SAAS,GAAG,KAAK,CAAC,WAAW,CAAC;;;AAC5B,QAAM,EAAE,CAAC,eAAe,CAAC;AACzB,eAAa,EAAA,YAAE;;AAEb,QAAM,MAAM,GAAG,UAAU,CAAC,QAAQ,CAAC,QAAQ,CAAC,CAAC;AAC7C,QAAM,gBAAgB,GAAG,MAAM,CAAC,SAAS,CAAC,MAAM,EAAE,MAAM,CAAC,CAAC;;AAE1D,WAAO;AACL,eAAS,EAAE,gBAAgB,CAAC,KAAK,EAAE;AACnC,UAAI,EAAE,IAAI,CAAC,IAAI,CAAC,EAAC,MAAM,EAAC,MAAM,EAAC,CAAC,CAAC,KAAK,EAAE;KACzC,CAAA;GACF;;AAED,QAAM,EAAA,YAAE;AACN,QAAG,IAAI,CAAC,IAAI,CAAC,SAAS,EAAE;AACtB,UAAG,IAAI,CAAC,IAAI,CAAC,IAAI,CAAC,MAAM,KAAK,CAAC,EAAE;AAC9B,YAAI,QAAQ,GAAG,oBAAC,aAAa,IAAC,QAAQ,EAAE,MAAM,AAAC,GAAE,CAAA;OAClD,MACI;AACH,YAAI,QAAQ,GAAG,IAAI,CAAC,IAAI,CAAC,IAAI,CAAC,GAAG,CAAC,UAAS,GAAG,EAAC;AAC7C,iBACM,oBAAC,GAAG,IAAC,SAAS,EAAC,UAAU,EAAC,GAAG,EAAE,GAAG,CAAC,GAAG,AAAC,EAAC,KAAK,EAAE,GAAG,CAAC,GAAG,AAAC,GAAG,CAC/D;SACF,CAAC,CAAA;OACH;KACF;;AAED,WACE;;QAAK,EAAE,EAAC,IAAI;MACZ,oBAAC,MAAM,OAAG;MACV,oBAAC,SAAS,OAAG;MACX;;UAAK,SAAS,EAAC,KAAK;QAClB;;YAAK,SAAS,EAAC,EAAE;UACd,QAAQ;SACL;OACF;KACF,CACP;GACF;CACF,CAAC,CAAA","file":"/client/components/dashboard/Dashboard.jsx.map","sourcesContent":["Dashboard = React.createClass({\n  mixins: [ReactMeteorData],\n  getMeteorData(){\n\n    const siteId = FlowRouter.getParam(\"siteId\");\n    const subscriptionHubs = Meteor.subscribe('hubs', siteId);\n\n    return {\n      hubsReady: subscriptionHubs.ready(),\n      hubs: Hubs.find({siteId:siteId}).fetch(),\n    }\n  },\n\n  render(){\n    if(this.data.hubsReady) {\n      if(this.data.hubs.length === 0) {\n        var hubsList = <NoDataMessage datatype={\"hubs\"}/>\n      }\n      else {\n        var hubsList = this.data.hubs.map(function(hub){\n          return(\n                <Hub className=\"hubFrame\" key={hub._id} hubId={hub._id} />\n          )\n        })\n      }\n    }\n\n    return(\n      <div id=\"bg\">\n      <Navbar />\n      <SubNavbar />\n        <div className=\"row\">\n          <div className=\"\">\n            {hubsList}\n          </div>\n        </div>\n      </div>\n    )\n  }\n})\n"]},"hash":"09302823c48fb722859138af87136756a28c2554"}
