{"metadata":{"modules":{"imports":[],"exports":{"exported":[],"specifiers":[]}},"usedHelpers":[]},"ignored":false,"code":"Graph = React.createClass({\n  displayName: \"Graph\",\n\n  mixins: [ReactMeteorData],\n  getMeteorData: function () {\n\n    var data = {};\n\n    data = Sensors.findOne({});\n    console.log(\"This is data\", data);\n    return data;\n  },\n\n  render: function () {\n\n    /*if(!this.data){\n      var testVar = <div>Hei test</div>\n    }*/\n    return React.createElement(\"div\", { className: \"jumbotron\" });\n  }\n});","ast":null,"map":{"version":3,"sources":["/client/components/dashboard/graph/Graph.jsx"],"names":[],"mappings":"AAAA,KAAK,GAAG,KAAK,CAAC,WAAW,CAAC;;;AAExB,QAAM,EAAC,CAAC,eAAe,CAAC;AACxB,eAAa,EAAA,YAAE;;AAGb,QAAI,IAAI,GAAG,EAAE,CAAC;;AAId,QAAI,GAAG,OAAO,CAAC,OAAO,CAAC,EAAE,CAAC,CAAC;AAC3B,WAAO,CAAC,GAAG,CAAC,cAAc,EAAC,IAAI,CAAC,CAAC;AACjC,WAAO,IAAI,CAAC;GAEb;;AAED,QAAM,EAAA,YAAE;;;;;AAKN,WACE,6BAAK,SAAS,EAAC,WAAW,GACpB,CACP;GACF;CACF,CAAC,CAAA","file":"/client/components/dashboard/graph/Graph.jsx.map","sourcesContent":["Graph = React.createClass({\n\n  mixins:[ReactMeteorData],\n  getMeteorData(){\n\n\n    var data = {};\n\n\n\n    data = Sensors.findOne({});\n    console.log(\"This is data\",data);\n    return data;\n\n  },\n\n  render(){\n\n    /*if(!this.data){\n      var testVar = <div>Hei test</div>\n    }*/\n    return(\n      <div className=\"jumbotron\">\n      </div>\n    )\n  }\n})\n"]},"hash":"0a1e62396b6a82918be278eb5dde4364d2dfc33a"}
