{"metadata":{"modules":{"imports":[],"exports":{"exported":[],"specifiers":[]}},"usedHelpers":[]},"ignored":false,"code":"DashboardPage = React.createClass({\n  displayName: \"DashboardPage\",\n\n  render: function () {\n    return React.createElement(\n      \"div\",\n      { id: \"bg\" },\n      React.createElement(Navbar, null),\n      React.createElement(\n        \"div\",\n        { className: \"row\" },\n        React.createElement(\n          \"div\",\n          { className: \"col-md-2 col-sm-12\" },\n          React.createElement(Metadata, null)\n        ),\n        React.createElement(\n          \"div\",\n          { className: \"col-md-5 col-sm-12\" },\n          React.createElement(ParentGraph, null)\n        ),\n        React.createElement(\"div\", { className: \"col-md-5 col-sm-12\" })\n      ),\n      React.createElement(\n        \"div\",\n        { className: \"row\" },\n        React.createElement(\"div\", { className: \"col-md-5 col-md-offset-2\" })\n      )\n    );\n  }\n});","ast":null,"map":{"version":3,"sources":["/client/components/dashboard/DashboardPage.jsx"],"names":[],"mappings":"AAAA,aAAa,GAAG,KAAK,CAAC,WAAW,CAAC;;;AAChC,QAAM,EAAA,YAAE;AACN,WACE;;QAAK,EAAE,EAAC,IAAI;MACV,oBAAC,MAAM,OAAG;MACV;;UAAK,SAAS,EAAC,KAAK;QAClB;;YAAK,SAAS,EAAC,oBAAoB;UACjC,oBAAC,QAAQ,OAAG;SACR;QACN;;YAAK,SAAS,EAAC,oBAAoB;UACjC,oBAAC,WAAW,OAAG;SACX;QACN,6BAAK,SAAS,EAAC,oBAAoB,GAE7B;OACF;MACN;;UAAK,SAAS,EAAC,KAAK;QAClB,6BAAK,SAAS,EAAC,0BAA0B,GAEnC;OACF;KACF,CACP;GACF;CACF,CAAC,CAAA","file":"/client/components/dashboard/DashboardPage.jsx.map","sourcesContent":["DashboardPage = React.createClass({\n  render(){\n    return(\n      <div id=\"bg\">\n        <Navbar />\n        <div className=\"row\">\n          <div className=\"col-md-2 col-sm-12\">\n            <Metadata />\n          </div>\n          <div className=\"col-md-5 col-sm-12\">\n            <ParentGraph />\n          </div>\n          <div className=\"col-md-5 col-sm-12\">\n          \n          </div>\n        </div>\n        <div className=\"row\">\n          <div className=\"col-md-5 col-md-offset-2\">\n\n          </div>\n        </div>\n      </div>\n    )\n  }\n})\n"]},"hash":"0a3662d47ee41e3d950257ec223c1938bfbad3a8"}
