{"metadata":{"modules":{"imports":[],"exports":{"exported":[],"specifiers":[]}},"usedHelpers":[]},"ignored":false,"code":"SubNavbar = React.createClass({\n  displayName: \"SubNavbar\",\n\n  mixins: [ReactMeteorData],\n  getMeteorData: function () {\n    var siteId = FlowRouter.getParam(\"siteId\");\n    var subscription = Meteor.subscribe('sites');\n    return {\n      ready: subscription.ready(),\n      sites: Sites.find().fetch(),\n      siteId: siteId\n    };\n  },\n\n  render: function () {\n    var sitesList = [];\n    var currentSite = \"\";\n    var temp = this.data.siteId;\n\n    if (this.data.ready) {\n      sitesList = this.data.sites.map(function (site) {\n        var id = site._id;\n        var link = \"/dashboard/\" + id;\n        if (temp === id) {\n          currentSite = site.name;\n        }\n        return React.createElement(\n          \"div\",\n          { key: site._id },\n          React.createElement(\n            \"li\",\n            { className: \"sitesListDropDown\" },\n            React.createElement(\n              \"a\",\n              { className: \"\", href: link },\n              \" \",\n              site.name,\n              \" \"\n            )\n          )\n        );\n      });\n    } else {\n      sitesList = React.createElement(\n        \"li\",\n        null,\n        \" Sorry, no sites available or loading \"\n      );\n    }\n    return React.createElement(\n      \"nav\",\n      { className: \"navbar navbar-inverse\", id: \"subNavbar\" },\n      React.createElement(\n        \"div\",\n        { className: \"navbar-header\" },\n        React.createElement(\n          \"button\",\n          { type: \"button\", className: \"navbar-toggle pull-left toggleButton\", \"data-toggle\": \"collapse\", \"data-target\": \"#myNavbar\" },\n          React.createElement(\"span\", { className: \"icon-bar\" }),\n          React.createElement(\"span\", { className: \"icon-bar\" }),\n          React.createElement(\"span\", { className: \"icon-bar\" })\n        )\n      ),\n      React.createElement(\n        \"div\",\n        { className: \"collapse navbar-collapse text-center\", id: \"myNavbar\" },\n        React.createElement(\n          \"ul\",\n          { className: \"nav navbar-nav\" },\n          React.createElement(\n            \"li\",\n            { className: \"dropdown subNavbarLi\" },\n            React.createElement(\n              \"a\",\n              { href: \"#\", className: \"dropdown-toggle\", \"data-toggle\": \"dropdown\", role: \"button\", \"aria-haspopup\": \"true\", \"aria-expanded\": \"false\" },\n              currentSite,\n              \" \",\n              React.createElement(\"i\", { className: \"fa fa-caret-down\" })\n            ),\n            React.createElement(\n              \"ul\",\n              { className: \"dropdown-menu\", id: \"yourSites\" },\n              sitesList\n            )\n          )\n        ),\n        React.createElement(CustomRange, null)\n      )\n    );\n  }\n});","ast":null,"map":{"version":3,"sources":["/client/components/navbar/subNavbar.jsx"],"names":[],"mappings":"AAAA,SAAS,GAAG,KAAK,CAAC,WAAW,CAAC;;;AAC5B,QAAM,EAAC,CAAC,eAAe,CAAC;AACxB,eAAa,EAAA,YAAG;AACd,QAAM,MAAM,GAAG,UAAU,CAAC,QAAQ,CAAC,QAAQ,CAAC,CAAC;AAC7C,QAAM,YAAY,GAAG,MAAM,CAAC,SAAS,CAAC,OAAO,CAAC,CAAC;AAC/C,WAAO;AACL,WAAK,EAAE,YAAY,CAAC,KAAK,EAAE;AAC3B,WAAK,EAAE,KAAK,CAAC,IAAI,EAAE,CAAC,KAAK,EAAE;AAC3B,YAAM,EAAE,MAAM;KACf,CAAA;GACF;;AAED,QAAM,EAAA,YAAG;AACP,QAAI,SAAS,GAAG,EAAE,CAAC;AACnB,QAAI,WAAW,GAAG,EAAE,CAAC;AACrB,QAAI,IAAI,GAAG,IAAI,CAAC,IAAI,CAAC,MAAM,CAAC;;AAE5B,QAAI,IAAI,CAAC,IAAI,CAAC,KAAK,EAAE;AACnB,eAAS,GAAG,IAAI,CAAC,IAAI,CAAC,KAAK,CAAC,GAAG,CAAC,UAAS,IAAI,EAAC;AAC5C,YAAI,EAAE,GAAG,IAAI,CAAC,GAAG,CAAC;AAClB,YAAI,IAAI,GAAG,aAAa,GAAC,EAAE,CAAC;AAC5B,YAAI,IAAI,KAAK,EAAE,EAAE;AACf,qBAAW,GAAG,IAAI,CAAC,IAAI,CAAC;SACzB;AACD,eACE;;YAAK,GAAG,EAAE,IAAI,CAAC,GAAG,AAAC;UACjB;;cAAI,SAAS,EAAC,mBAAmB;YAAC;;gBAAG,SAAS,EAAC,EAAE,EAAC,IAAI,EAAE,IAAI,AAAC;;cAAG,IAAI,CAAC,IAAI;;aAAM;WAAK;SAChF,CACP;OACF,CAAC,CAAA;KACH,MAAM;AACL,eAAS,GAAG;;;;OAA+C,CAAA;KAC5D;AACD,WAEE;;QAAK,SAAS,EAAC,uBAAuB,EAAC,EAAE,EAAC,WAAW;MACjD;;UAAK,SAAS,EAAC,eAAe;QAC5B;;YAAQ,IAAI,EAAC,QAAQ,EAAC,SAAS,EAAC,sCAAsC,EAAC,eAAY,UAAU,EAAC,eAAY,WAAW;UACnH,8BAAM,SAAS,EAAC,UAAU,GAAQ;UAClC,8BAAM,SAAS,EAAC,UAAU,GAAQ;UAClC,8BAAM,SAAS,EAAC,UAAU,GAAQ;SAC3B;OACL;MACN;;UAAK,SAAS,EAAC,sCAAsC,EAAC,EAAE,EAAC,UAAU;QACjE;;YAAI,SAAS,EAAC,gBAAgB;UAC5B;;cAAI,SAAS,EAAC,sBAAsB;YAClC;;gBAAG,IAAI,EAAC,GAAG,EAAC,SAAS,EAAC,iBAAiB,EAAC,eAAY,UAAU,EAAC,IAAI,EAAC,QAAQ,EAAC,iBAAc,MAAM,EAAC,iBAAc,OAAO;cACpH,WAAW;;cAAE,2BAAG,SAAS,EAAC,kBAAkB,GAAK;aAAI;YACxD;;gBAAI,SAAS,EAAC,eAAe,EAAC,EAAE,EAAC,WAAW;cACzC,SAAS;aACP;WACF;SACF;QACL,oBAAC,WAAW,OAAE;OACV;KACJ,CACP;GACF;CACF,CAAC,CAAC","file":"/client/components/navbar/subNavbar.jsx.map","sourcesContent":["SubNavbar = React.createClass({\n  mixins:[ReactMeteorData],\n  getMeteorData() {\n    const siteId = FlowRouter.getParam(\"siteId\");\n    const subscription = Meteor.subscribe('sites');\n    return {\n      ready: subscription.ready(),\n      sites: Sites.find().fetch(),\n      siteId: siteId\n    }\n  },\n\n  render() {\n    let sitesList = [];\n    let currentSite = \"\";\n    let temp = this.data.siteId;\n\n    if( this.data.ready) {\n      sitesList = this.data.sites.map(function(site){\n        let id = site._id;\n        let link = \"/dashboard/\"+id;\n        if (temp === id) {\n          currentSite = site.name;\n        }\n        return(\n          <div key={site._id}>\n            <li className=\"sitesListDropDown\"><a className=\"\" href={link}> {site.name} </a></li>\n          </div>\n        )\n      })\n    } else {\n      sitesList = <li> Sorry, no sites available or loading </li>\n    }\n    return(\n\n      <nav className=\"navbar navbar-inverse\" id=\"subNavbar\">\n          <div className=\"navbar-header\">\n            <button type=\"button\" className=\"navbar-toggle pull-left toggleButton\" data-toggle=\"collapse\" data-target=\"#myNavbar\">\n              <span className=\"icon-bar\"></span>\n              <span className=\"icon-bar\"></span>\n              <span className=\"icon-bar\"></span>\n            </button>\n          </div>\n          <div className=\"collapse navbar-collapse text-center\" id=\"myNavbar\">\n            <ul className=\"nav navbar-nav\">\n              <li className=\"dropdown subNavbarLi\">\n                <a href=\"#\" className=\"dropdown-toggle\" data-toggle=\"dropdown\" role=\"button\" aria-haspopup=\"true\" aria-expanded=\"false\">\n                  {currentSite} <i className=\"fa fa-caret-down\"></i></a>\n                <ul className=\"dropdown-menu\" id=\"yourSites\">\n                  {sitesList}\n                </ul>\n              </li>\n            </ul>\n            <CustomRange/>\n          </div>\n      </nav>\n    )\n  }\n});\n"]},"hash":"0a8c147fdd92247b238e28dc485a1c6391780f99"}
