{"metadata":{"modules":{"imports":[],"exports":{"exported":[],"specifiers":[]}},"usedHelpers":[]},"ignored":false,"code":"NoSitesAvailable = React.createClass({\n  displayName: \"NoSitesAvailable\",\n\n  render: function () {\n    return React.createElement(\n      \"div\",\n      { className: \"col-md-12\" },\n      \"Sorry, your sites are not available at this moment. Please contact Biogrid.\"\n    );\n  }\n});","ast":null,"map":{"version":3,"sources":["/client/components/noSitesAvailable/noSitesAvailable.jsx"],"names":[],"mappings":"AAAA,gBAAgB,GAAG,KAAK,CAAC,WAAW,CAAC;;;AACnC,QAAM,EAAA,YAAE;AACN,WACE;;QAAK,SAAS,EAAC,WAAW;;KAGpB,CACP;GACF;CACF,CAAC,CAAA","file":"/client/components/noSitesAvailable/noSitesAvailable.jsx.map","sourcesContent":["NoSitesAvailable = React.createClass({\n  render(){\n    return(\n      <div className=\"col-md-12\">\n        Sorry, your sites are not available at this moment.\n        Please contact Biogrid.\n      </div>\n    )\n  }\n})\n"]},"hash":"0ad36f3b9a5cf5ef75b9a175845e5710261886c1"}
