{"metadata":{"modules":{"imports":[],"exports":{"exported":[],"specifiers":[]}},"usedHelpers":[]},"ignored":false,"code":"ParentGraph = React.createClass({\n  displayName: \"ParentGraph\",\n\n  mixins: [ReactMeteorData],\n  getMeteorData: function () {\n    //TODO subscribe to data from Mongo. From Readings\n    //Fetch data with params from user\n    // readings = Meteor.subscribe(<name>);\n    var subscription = Meteor.subscribe('sensors');\n    /*if ( subscription.ready()) {\n      return {\n        sensors: Sensors.find({}).fetch(),\n      }\n    }*/\n    return {\n      sensorsRH: Sensors.find({ type: \"rh\" }).fetch()\n    };\n  },\n\n  //sensorsCo2: Sensors.find({type:\"co2\"}).fetch()\n  render: function () {\n    //console.log(this.data.sensors);\n\n    //return Graph.jsx with data from getMeteorData\n    // this.props.<name>\n\n    /* TODO map through results in readings and create a Graph component\n      for every results\n    */\n\n    //{this.data.sensors.map((graph => <Graph sensors={graph.values} key={graph._id} />))}\n    return React.createElement(\n      \"div\",\n      null,\n      React.createElement(Graph, { sensors: this.data.sensors })\n    );\n  }\n});","ast":null,"map":{"version":3,"sources":["/client/components/dashboard/graph/ParentGraph.jsx"],"names":[],"mappings":"AAAA,WAAW,GAAG,KAAK,CAAC,WAAW,CAAC;;;AAC9B,QAAM,EAAE,CAAC,eAAe,CAAC;AACzB,eAAa,EAAA,YAAG;;;;AAId,QAAM,YAAY,GAAG,MAAM,CAAC,SAAS,CAAC,SAAS,CAAC,CAAC;;;;;;AAMjD,WAAM;AACJ,eAAS,EAAE,OAAO,CAAC,IAAI,CAAC,EAAC,IAAI,EAAC,IAAI,EAAC,CAAC,CAAC,KAAK,EAAE;KAE7C,CAAA;GACF;;;AAED,QAAM,EAAA,YAAG;;;;;;;;;;;AAWL,WACE;;;MACE,oBAAC,KAAK,IAAC,OAAO,EAAE,IAAI,CAAC,IAAI,CAAC,OAAO,AAAC,GAAG;KACjC,CACP;GACF;CACJ,CAAC,CAAA","file":"/client/components/dashboard/graph/ParentGraph.jsx.map","sourcesContent":["ParentGraph = React.createClass({\n  mixins: [ReactMeteorData],\n  getMeteorData() {\n    //TODO subscribe to data from Mongo. From Readings\n    //Fetch data with params from user\n    // readings = Meteor.subscribe(<name>);\n    const subscription = Meteor.subscribe('sensors');\n    /*if ( subscription.ready()) {\n      return {\n        sensors: Sensors.find({}).fetch(),\n      }\n    }*/\n    return{\n      sensorsRH: Sensors.find({type:\"rh\"}).fetch(),\n      //sensorsCo2: Sensors.find({type:\"co2\"}).fetch()\n    }\n  },\n\n  render() {\n    //console.log(this.data.sensors);\n\n      //return Graph.jsx with data from getMeteorData\n      // this.props.<name>\n\n      /* TODO map through results in readings and create a Graph component\n        for every results\n      */\n\n      //{this.data.sensors.map((graph => <Graph sensors={graph.values} key={graph._id} />))}\n      return (\n        <div>\n          <Graph sensors={this.data.sensors} />\n        </div>\n      )\n    }\n})\n"]},"hash":"0b222bdc7a248fc428499d24c3de3f12c829b9f0"}
