{"metadata":{"modules":{"imports":[],"exports":{"exported":[],"specifiers":[]}},"usedHelpers":[]},"ignored":false,"code":"Site = React.createClass({\n  displayName: \"Site\",\n\n  mixins: [ReactMeteorData],\n  getMeteorData: function () {\n    var data = {};\n    data.sites = [];\n    var subscription = Meteor.subscribe('sitess');\n\n    /*FIXME added message when sites not available, but the message renders first\n    even though the sites are available. Think a solution is more like the one\n    underneath the return. Just as solved in Hub-component\n    */\n    /*return {\n      ready: subscription.ready(),\n      sites: Sites.find().fetch(),\n    }*/\n    if (subscription.ready()) {\n      data.sites = Sites.find({}).fetch();\n    }\n    return data;\n  },\n\n  render: function () {\n    var sitesList = undefined;\n    if (this.data.sites && this.data.sites !== []) {\n      sitesList = this.data.sites.map(function (site) {\n        var id = site._id;\n        var link = \"/dashboard/\" + id;\n        return React.createElement(\n          \"div\",\n          { key: site._id, className: \"col-md-6 col-sm-12\" },\n          React.createElement(\n            \"div\",\n            { className: \"col-md-12 siteWrapper\" },\n            React.createElement(\n              \"a\",\n              { className: \"site-links\", href: link },\n              React.createElement(\n                \"h4\",\n                { className: \"text-center\" },\n                \" \",\n                site.name,\n                \"  \"\n              ),\n              React.createElement(Map, { lat: site.latitude, lng: site.longitude })\n            )\n          )\n        );\n      });\n    } else {\n      sitesList = React.createElement(\n        \"div\",\n        { className: \"col-md-4 col-md-offset-4 col-sm-12 noDataMessage\" },\n        React.createElement(NoDataMessage, { datatype: \"sites\" })\n      );\n    }\n\n    return React.createElement(\n      \"div\",\n      { className: \"\" },\n      React.createElement(Navbar, null),\n      React.createElement(\n        \"div\",\n        { className: \"row\" },\n        React.createElement(\n          \"div\",\n          { className: \"col-md-12 col-sm-12\" },\n          sitesList\n        )\n      )\n    );\n  }\n});","ast":null,"map":{"version":3,"sources":["/client/components/site/site.jsx"],"names":[],"mappings":"AAAA,IAAI,GAAG,KAAK,CAAC,WAAW,CAAC;;;AACvB,QAAM,EAAC,CAAC,eAAe,CAAC;AACxB,eAAa,EAAA,YAAG;AACd,QAAI,IAAI,GAAG,EAAE,CAAC;AACd,QAAI,CAAC,KAAK,GAAG,EAAE,CAAC;AAChB,QAAM,YAAY,GAAG,MAAM,CAAC,SAAS,CAAC,QAAQ,CAAC,CAAC;;;;;;;;;;AAUhD,QAAG,YAAY,CAAC,KAAK,EAAE,EAAE;AACvB,UAAI,CAAC,KAAK,GAAG,KAAK,CAAC,IAAI,CAAC,EAAE,CAAC,CAAC,KAAK,EAAE,CAAC;KACrC;AACD,WAAO,IAAI,CAAC;GACb;;AAED,QAAM,EAAA,YAAG;AACP,QAAI,SAAS,YAAA,CAAC;AACd,QAAI,IAAI,CAAC,IAAI,CAAC,KAAK,IAAI,IAAI,CAAC,IAAI,CAAC,KAAK,KAAK,EAAE,EAAG;AAC9C,eAAS,GAAG,IAAI,CAAC,IAAI,CAAC,KAAK,CAAC,GAAG,CAAC,UAAS,IAAI,EAAC;AAC5C,YAAI,EAAE,GAAG,IAAI,CAAC,GAAG,CAAC;AAClB,YAAI,IAAI,GAAG,aAAa,GAAC,EAAE,CAAC;AAC5B,eACE;;YAAK,GAAG,EAAE,IAAI,CAAC,GAAG,AAAC,EAAC,SAAS,EAAC,oBAAoB;UAChD;;cAAK,SAAS,EAAC,uBAAuB;YACpC;;gBAAG,SAAS,EAAC,YAAY,EAAC,IAAI,EAAE,IAAI,AAAC;cACnC;;kBAAI,SAAS,EAAC,aAAa;;gBAAG,IAAI,CAAC,IAAI;;eAAQ;cAC/C,oBAAC,GAAG,IAAC,GAAG,EAAE,IAAI,CAAC,QAAQ,AAAC,EAAC,GAAG,EAAE,IAAI,CAAC,SAAS,AAAC,GAAG;aAC9C;WACA;SACF,CACP;OACF,CAAC,CAAA;KACH,MACI;AACH,eAAS,GAAG;;UAAK,SAAS,EAAC,kDAAkD;QAC/D,oBAAC,aAAa,IAAC,QAAQ,EAAE,OAAO,AAAC,GAAG;OAChC,CAAA;KACnB;;AAED,WACE;;QAAK,SAAS,EAAC,EAAE;MACf,oBAAC,MAAM,OAAG;MACV;;UAAK,SAAS,EAAC,KAAK;QAClB;;YAAK,SAAS,EAAC,qBAAqB;UACjC,SAAS;SACN;OACF;KACF,CACP;GACF;CACF,CAAC,CAAA","file":"/client/components/site/site.jsx.map","sourcesContent":["Site = React.createClass({\n  mixins:[ReactMeteorData],\n  getMeteorData() {\n    let data = {};\n    data.sites = [];\n    const subscription = Meteor.subscribe('sitess');\n\n    /*FIXME added message when sites not available, but the message renders first\n    even though the sites are available. Think a solution is more like the one\n    underneath the return. Just as solved in Hub-component\n    */\n    /*return {\n      ready: subscription.ready(),\n      sites: Sites.find().fetch(),\n    }*/\n    if(subscription.ready()) {\n      data.sites = Sites.find({}).fetch();\n    }\n    return data;\n  },\n\n  render() {\n    let sitesList;\n    if( this.data.sites && this.data.sites !== [] ) {\n      sitesList = this.data.sites.map(function(site){\n        let id = site._id;\n        let link = \"/dashboard/\"+id;\n        return(\n          <div key={site._id} className=\"col-md-6 col-sm-12\">\n            <div className=\"col-md-12 siteWrapper\">\n              <a className=\"site-links\" href={link}>\n                <h4 className=\"text-center\"> {site.name}  </h4>\n                <Map lat={site.latitude} lng={site.longitude} />\n              </a>\n            </div>\n          </div>\n        )\n      })\n    }\n    else {\n      sitesList = <div className=\"col-md-4 col-md-offset-4 col-sm-12 noDataMessage\">\n                    <NoDataMessage datatype={\"sites\"} />\n                  </div>\n    }\n\n    return(\n      <div className=\"\">\n        <Navbar />\n        <div className=\"row\">\n          <div className=\"col-md-12 col-sm-12\">\n            {sitesList}\n          </div>\n        </div>\n      </div>\n    )\n  }\n})\n"]},"hash":"0b288c11d5dcbe73427471e440e4216dcfb57562"}
