{"metadata":{"modules":{"imports":[],"exports":{"exported":[],"specifiers":[]}},"usedHelpers":[]},"ignored":false,"code":"NoDataMessage = React.createClass({\n  displayName: \"NoDataMessage\",\n\n  render: function () {\n    return React.createElement(\n      \"div\",\n      null,\n      React.createElement(\n        \"h2\",\n        { className: \"blueText\" },\n        \" Sorry, no \",\n        this.props.datatype,\n        \" available at this time!  \"\n      )\n    );\n  }\n});","ast":null,"map":{"version":3,"sources":["/client/components/noDataMessage/noDataMessage.jsx"],"names":[],"mappings":"AAAA,aAAa,GAAG,KAAK,CAAC,WAAW,CAAC;;;AAChC,QAAM,EAAA,YAAG;AACP,WACE;;;MACE;;UAAK,SAAS,EAAC,UAAU;;QAAa,IAAI,CAAC,KAAK,CAAC,QAAQ;;OAAgC;KACrF,CACP;GACF;CACF,CAAC,CAAA","file":"/client/components/noDataMessage/noDataMessage.jsx.map","sourcesContent":["NoDataMessage = React.createClass({\n  render() {\n    return(\n      <div>\n        <h2  className=\"blueText\"> Sorry, no {this.props.datatype} available at this time!  </h2>\n      </div>\n    )\n  }\n})\n"]},"hash":"0bfd0abfed1fe4cd95284cba1562982fe3444a3e"}
