{"metadata":{"modules":{"imports":[],"exports":{"exported":[],"specifiers":[]}},"usedHelpers":[]},"ignored":false,"code":"Sites = React.createClass({\n  displayName: \"Sites\",\n\n  mixins: [ReactMeteorData],\n  getMeteorData: function () {\n    return;\n  },\n\n  render: function () {\n    return React.createElement(\n      \"div\",\n      { id: \"jumbo\", className: \"jumbotron text-center\" },\n      \"HEI\"\n    );\n  }\n});","ast":null,"map":{"version":3,"sources":["/client/components/sites/Sites.jsx"],"names":[],"mappings":"AAAA,KAAK,GAAG,KAAK,CAAC,WAAW,CAAC;;;AACxB,QAAM,EAAC,CAAC,eAAe,CAAC;AACxB,eAAa,EAAA,YAAE;AACb,WAAO;GACR;;AAED,QAAM,EAAA,YAAE;AACN,WACE;;QAAK,EAAE,EAAC,OAAO,EAAC,SAAS,EAAC,uBAAuB;;KAE3C,CACP;GACF;CACF,CAAC,CAAA","file":"/client/components/sites/Sites.jsx.map","sourcesContent":["Sites = React.createClass({\n  mixins:[ReactMeteorData],\n  getMeteorData(){\n    return;\n  },\n\n  render(){\n    return(\n      <div id=\"jumbo\" className=\"jumbotron text-center\">\n          HEI\n      </div>\n    )\n  }\n})\n"]},"hash":"0cc19af6d56889eb2e88f98fb67c5424a6562a82"}
