{"metadata":{"modules":{"imports":[],"exports":{"exported":[],"specifiers":[]}},"usedHelpers":[]},"ignored":false,"code":"Login = React.createClass({\n  displayName: \"Login\",\n\n  mixins: [ReactMeteorData],\n  getMeteorData: function () {\n    var data = {};\n    data.currentUser = Meteor.user();\n    return data;\n  },\n\n  componentDidMount: function () {\n    $('#email').focus();\n  },\n\n  getInitialState: function () {\n    return { value: \"\" };\n  },\n\n  handleSubmit: function (e) {\n    var _this = this;\n\n    e.preventDefault();\n    var email = ReactDOM.findDOMNode(this.refs.email).value.trim();\n    var password = ReactDOM.findDOMNode(this.refs.password).value.trim();\n    Meteor.loginWithPassword(email, password, function (err) {\n      if (err) {\n        if (err.reason.length > 20) {\n          alert(err.reason);\n        } else {\n          _this.setState({ value: err.reason });\n          $(\"#userStatus\").slideDown(300);\n          $(\"#password\").val('');\n        }\n      } else {\n        FlowRouter.go('/site');\n      }\n    });\n  },\n\n  newLogin: function () {\n    $(\"#userStatus\").slideUp(300);\n  },\n\n  render: function () {\n    return React.createElement(\n      \"div\",\n      { className: \"login-frontpage\" },\n      React.createElement(\n        \"div\",\n        { id: \"loginBox\" },\n        React.createElement(\n          \"div\",\n          { className: \"row\" },\n          React.createElement(\"div\", null)\n        ),\n        React.createElement(\n          \"div\",\n          { className: \"row\" },\n          React.createElement(\n            \"div\",\n            { className: \"col-md-4 col-md-offset-4 col-sm-8 col-sm-offset-2 col-xs-10 col-xs-offset-1\", id: \"login-bg\" },\n            React.createElement(\n              \"div\",\n              { className: \"col-md-12\" },\n              React.createElement(\n                \"h3\",\n                { className: \"text-center blueText\" },\n                \"Login to access your things\"\n              )\n            ),\n            React.createElement(\n              \"div\",\n              { className: \"row\" },\n              React.createElement(\n                \"div\",\n                { className: \"col-md-10 col-md-offset-1\" },\n                React.createElement(\n                  \"form\",\n                  { onSubmit: this.handleSubmit },\n                  React.createElement(\n                    \"div\",\n                    { className: \"spacer10\" },\n                    React.createElement(\n                      \"div\",\n                      { className: \"input-group\" },\n                      React.createElement(\n                        \"span\",\n                        { className: \"input-group-addon\" },\n                        React.createElement(\"i\", { className: \"fa fa-user\" })\n                      ),\n                      React.createElement(\"input\", { type: \"text\", ref: \"email\", placeholder: \"Email address\", id: \"email\", className: \"form-control\", onClick: this.newLogin })\n                    )\n                  ),\n                  React.createElement(\n                    \"div\",\n                    { className: \"spacer10\" },\n                    React.createElement(\n                      \"div\",\n                      { className: \"input-group\" },\n                      React.createElement(\n                        \"span\",\n                        { className: \"input-group-addon\" },\n                        React.createElement(\"i\", { className: \"fa fa-lock\" })\n                      ),\n                      React.createElement(\"input\", { type: \"password\", ref: \"password\", placeholder: \"Password\", id: \"password\", className: \"form-control\", onClick: this.newLogin })\n                    )\n                  ),\n                  React.createElement(\n                    \"button\",\n                    { type: \"submit\", className: \"btn form-control blueBtn\" },\n                    \"Login\"\n                  ),\n                  React.createElement(\n                    \"span\",\n                    { className: \"label label-danger form-control\", id: \"userStatus\" },\n                    this.state.value\n                  )\n                )\n              )\n            ),\n            React.createElement(\n              \"h5\",\n              { id: \"biogrid\" },\n              \"Biogrid Cortex - 2016\"\n            )\n          )\n        )\n      )\n    );\n  }\n});","ast":null,"map":{"version":3,"sources":["/client/components/login/login.jsx"],"names":[],"mappings":"AAAA,KAAK,GAAG,KAAK,CAAC,WAAW,CAAC;;;AACxB,QAAM,EAAC,CAAC,eAAe,CAAC;AACxB,eAAa,EAAA,YAAG;AACd,QAAI,IAAI,GAAG,EAAE,CAAC;AACd,QAAI,CAAC,WAAW,GAAG,MAAM,CAAC,IAAI,EAAE,CAAC;AACjC,WAAO,IAAI,CAAC;GACb;;AAED,mBAAiB,EAAA,YAAG;AAClB,KAAC,CAAC,QAAQ,CAAC,CAAC,KAAK,EAAE,CAAC;GACrB;;AAED,iBAAe,EAAA,YAAG;AAChB,WAAO,EAAC,KAAK,EAAE,EAAE,EAAC,CAAA;GACnB;;AAED,cAAY,EAAA,UAAC,CAAC,EAAE;;;AACd,KAAC,CAAC,cAAc,EAAE,CAAC;AACnB,QAAI,KAAK,GAAG,QAAQ,CAAC,WAAW,CAAC,IAAI,CAAC,IAAI,CAAC,KAAK,CAAC,CAAC,KAAK,CAAC,IAAI,EAAE,CAAC;AAC/D,QAAI,QAAQ,GAAG,QAAQ,CAAC,WAAW,CAAC,IAAI,CAAC,IAAI,CAAC,QAAQ,CAAC,CAAC,KAAK,CAAC,IAAI,EAAE,CAAC;AACrE,UAAM,CAAC,iBAAiB,CAAC,KAAK,EAAE,QAAQ,EAAE,UAAC,GAAG,EAAK;AACjD,UAAG,GAAG,EAAE;AACN,YAAG,GAAG,CAAC,MAAM,CAAC,MAAM,GAAG,EAAE,EAAE;AACzB,eAAK,CAAC,GAAG,CAAC,MAAM,CAAC,CAAC;SACnB,MACI;AACH,gBAAK,QAAQ,CAAC,EAAC,KAAK,EAAE,GAAG,CAAC,MAAM,EAAC,CAAC,CAAC;AACnC,WAAC,CAAC,aAAa,CAAC,CAAC,SAAS,CAAC,GAAG,CAAC,CAAC;AAChC,WAAC,CAAC,WAAW,CAAC,CAAC,GAAG,CAAC,EAAE,CAAC,CAAC;SACxB;OACF,MACI;AACH,kBAAU,CAAC,EAAE,CAAC,OAAO,CAAC,CAAC;OACxB;KACF,CAAC,CAAC;GACJ;;AAED,UAAQ,EAAA,YAAG;AACT,KAAC,CAAC,aAAa,CAAC,CAAC,OAAO,CAAC,GAAG,CAAC,CAAC;GAC/B;;AAED,QAAM,EAAA,YAAG;AACP,WACE;;QAAK,SAAS,EAAC,iBAAiB;MAC9B;;UAAK,EAAE,EAAC,UAAU;QAChB;;YAAK,SAAS,EAAC,KAAK;UAClB,gCACM;SACF;QACN;;YAAK,SAAS,EAAC,KAAK;UAClB;;cAAK,SAAS,EAAC,6EAA6E,EAAC,EAAE,EAAC,UAAU;YACxG;;gBAAK,SAAS,EAAC,WAAW;cACxB;;kBAAI,SAAS,EAAC,sBAAsB;;eAAiC;aACjE;YACN;;gBAAK,SAAS,EAAC,KAAK;cAClB;;kBAAK,SAAS,EAAC,2BAA2B;gBACxC;;oBAAM,QAAQ,EAAE,IAAI,CAAC,YAAY,AAAC;kBAChC;;sBAAK,SAAS,EAAC,UAAU;oBACvB;;wBAAK,SAAS,EAAC,aAAa;sBAC1B;;0BAAM,SAAS,EAAC,mBAAmB;wBAAC,2BAAG,SAAS,EAAC,YAAY,GAAK;uBAAO;sBACzE,+BAAO,IAAI,EAAC,MAAM,EAAC,GAAG,EAAC,OAAO,EAAC,WAAW,EAAC,eAAe,EAAC,EAAE,EAAC,OAAO,EAAC,SAAS,EAAC,cAAc,EAAC,OAAO,EAAE,IAAI,CAAC,QAAQ,AAAC,GAAE;qBACpH;mBACF;kBACN;;sBAAK,SAAS,EAAC,UAAU;oBACvB;;wBAAK,SAAS,EAAC,aAAa;sBAC1B;;0BAAM,SAAS,EAAC,mBAAmB;wBAAC,2BAAG,SAAS,EAAC,YAAY,GAAK;uBAAO;sBACzE,+BAAO,IAAI,EAAC,UAAU,EAAC,GAAG,EAAC,UAAU,EAAC,WAAW,EAAC,UAAU,EAAC,EAAE,EAAC,UAAU,EAAC,SAAS,EAAC,cAAc,EAAC,OAAO,EAAE,IAAI,CAAC,QAAQ,AAAC,GAAE;qBACzH;mBACF;kBACN;;sBAAQ,IAAI,EAAC,QAAQ,EAAE,SAAS,EAAC,0BAA0B;;mBAAe;kBAC1E;;sBAAM,SAAS,EAAC,iCAAiC,EAAC,EAAE,EAAC,YAAY;oBAAE,IAAI,CAAC,KAAK,CAAC,KAAK;mBAAQ;iBACtF;eACH;aACF;YACN;;gBAAI,EAAE,EAAC,SAAS;;aAA2B;WACvC;SACF;OACF;KACF,CACP;GACF;CACF,CAAC,CAAC","file":"/client/components/login/login.jsx.map","sourcesContent":["Login = React.createClass({\n  mixins:[ReactMeteorData],\n  getMeteorData() {\n    let data = {};\n    data.currentUser = Meteor.user();\n    return data;\n  },\n\n  componentDidMount() {\n    $('#email').focus();\n  },\n\n  getInitialState() {\n    return {value: \"\"}\n  },\n\n  handleSubmit(e) {\n    e.preventDefault();\n    let email = ReactDOM.findDOMNode(this.refs.email).value.trim();\n    let password = ReactDOM.findDOMNode(this.refs.password).value.trim();\n    Meteor.loginWithPassword(email, password, (err) => {\n      if(err) {\n        if(err.reason.length > 20) {\n          alert(err.reason);\n        }\n        else {\n          this.setState({value: err.reason});\n          $(\"#userStatus\").slideDown(300);\n          $(\"#password\").val('');\n        }\n      }\n      else {\n        FlowRouter.go('/site');\n      }\n    });\n  },\n\n  newLogin() {\n    $(\"#userStatus\").slideUp(300);\n  },\n\n  render() {\n    return(\n      <div className=\"login-frontpage\">\n        <div id=\"loginBox\">\n          <div className=\"row\">\n            <div>\n            </div>\n          </div>\n          <div className=\"row\">\n            <div className=\"col-md-4 col-md-offset-4 col-sm-8 col-sm-offset-2 col-xs-10 col-xs-offset-1\" id=\"login-bg\">\n              <div className=\"col-md-12\">\n                <h3 className=\"text-center blueText\">Login to access your things</h3>\n              </div>\n              <div className=\"row\">\n                <div className=\"col-md-10 col-md-offset-1\">\n                  <form onSubmit={this.handleSubmit}>\n                    <div className=\"spacer10\">\n                      <div className=\"input-group\">\n                        <span className=\"input-group-addon\"><i className=\"fa fa-user\"></i></span>\n                        <input type=\"text\" ref=\"email\" placeholder=\"Email address\" id=\"email\" className=\"form-control\" onClick={this.newLogin}/>\n                      </div>\n                    </div>\n                    <div className=\"spacer10\">\n                      <div className=\"input-group\">\n                        <span className=\"input-group-addon\"><i className=\"fa fa-lock\"></i></span>\n                        <input type=\"password\" ref=\"password\" placeholder=\"Password\" id=\"password\" className=\"form-control\" onClick={this.newLogin}/>\n                      </div>\n                    </div>\n                    <button type=\"submit\"  className=\"btn form-control blueBtn\">Login</button>\n                    <span className=\"label label-danger form-control\" id=\"userStatus\">{this.state.value}</span>\n                  </form>\n                </div>\n              </div>\n              <h5 id=\"biogrid\">Biogrid Cortex - 2016</h5>\n            </div>\n          </div>\n        </div>\n      </div>\n    )\n  }\n});\n"]},"hash":"0ccd40296bdb44f8383a096cbae340f8ae792928"}
