{"metadata":{"modules":{"imports":[],"exports":{"exported":[],"specifiers":[]}},"usedHelpers":[]},"ignored":false,"code":"Graph = React.createClass({\n  displayName: \"Graph\",\n\n  /* FIXME How not to render when theres new data in getMeteorData in FrameGraphCo2\n  When return true the graph is displayed\n  */\n  shouldComponentUpdate: function (nextProps, nextState) {\n    return true;\n  },\n\n  //Loops through this.props.sensors and creates a graph in the div with id=gr\n  _createGraph: function () {\n    var allValues = this.props.sensors;\n    var graphString = \"\";\n    console.log(\"test in _createGraph allValues\", allValues);\n    var day = allValues.day;\n\n    for (var key in babelHelpers.sanitizeForInObject(allValues)) {\n      if (key === \"values\") for (var i in babelHelpers.sanitizeForInObject(allValues[key])) {\n        // i = hours\n        var hour = i;\n        for (var j in babelHelpers.sanitizeForInObject(allValues[key][i])) {\n          // j = minutes\n          var minute = j;\n          for (var k in babelHelpers.sanitizeForInObject(allValues[key][i][j])) {\n            // k = seconds\n            var second = k;\n            var value = allValues[key][i][j][k];\n            graphString += day + \" \" + hour + \":\" + minute + \":\" + second + \",\" + value + \"\\n\";\n          }\n        }\n      }\n    }\n    this.g2 = new Dygraph(\n    /*document.getElementById('graf')*/\n    this.refs.graph.getDOMNode(), \"Date,Value\\n\" + graphString, {\n      ylabel: 'Value (' + allValues.type + \")\",\n      axisLabelColor: '#fff',\n      //xlabel: allValues.sensor_id,\n      title: allValues.type,\n      strokeWidth: 2,\n      //gridLineColor: 'rgb(204,0,255)',\n      color: 'rgb(255,152,43)',\n      fillGraph: true,\n      axisLineColor: 'rgb(255,152,43)',\n      showRangeSelector: true,\n      rangeSelectorHeight: 30,\n      rangeSelectorPlotFillColor: 'rgb(255,152,43)',\n      rangeSelectorPlotStrokeColor: 'rgb(255,152,43)'\n    });\n  },\n\n  componentDidMount: function () {\n    this._createGraph();\n    console.log(\"after _createGraph\");\n  },\n\n  componentDidUpdate: function () {\n    this._createGraph();\n  },\n\n  render: function () {\n    return React.createElement(\n      \"div\",\n      { className: \"panel panel-default\" },\n      React.createElement(\n        \"div\",\n        { className: \"panel-heading\" },\n        React.createElement(\n          \"h3\",\n          { className: \"panel-title text-center\" },\n          \"tittel\"\n        )\n      ),\n      React.createElement(\n        \"div\",\n        { className: \"panel-body\" },\n        React.createElement(\"div\", { id: \"graf\", className: \"testgraf\", ref: \"graph\" })\n      )\n    );\n  }\n});","ast":null,"map":{"version":3,"sources":["/client/components/dashboard/graph/Graph.jsx"],"names":[],"mappings":"AAAA,KAAK,GAAG,KAAK,CAAC,WAAW,CAAC;;;;;;AAKxB,uBAAqB,EAAC,UAAS,SAAS,EAAE,SAAS,EAAC;AAClD,WAAO,IAAI,CAAC;GACb;;;AAGD,cAAY,EAAC,YAAU;AACrB,QAAI,SAAS,GAAG,IAAI,CAAC,KAAK,CAAC,OAAO,CAAC;AACnC,QAAI,WAAW,GAAE,EAAE,CAAC;AACpB,WAAO,CAAC,GAAG,CAAC,gCAAgC,EAAE,SAAS,CAAC,CAAC;AACzD,QAAI,GAAG,GAAG,SAAS,CAAC,GAAG,CAAC;;AAExB,SAAI,IAAI,GAAG,qCAAI,SAAS,GAAC;AACvB,UAAG,GAAG,KAAK,QAAQ,EACnB,KAAI,IAAI,CAAC,qCAAI,SAAS,CAAC,GAAG,CAAC,GAAC;;AAC1B,YAAI,IAAI,GAAG,CAAC,CAAC;AACX,aAAI,IAAI,CAAC,qCAAI,SAAS,CAAC,GAAG,CAAC,CAAC,CAAC,CAAC,GAAC;;AAC7B,cAAI,MAAM,GAAG,CAAC,CAAC;AACf,eAAI,IAAI,CAAC,qCAAI,SAAS,CAAC,GAAG,CAAC,CAAC,CAAC,CAAC,CAAC,CAAC,CAAC,GAAC;;AAChC,gBAAI,MAAM,GAAG,CAAC,CAAC;AACf,gBAAI,KAAK,GAAG,SAAS,CAAC,GAAG,CAAC,CAAC,CAAC,CAAC,CAAC,CAAC,CAAC,CAAC,CAAC,CAAC,CAAC;AACpC,uBAAW,IAAI,GAAG,GAAG,GAAG,GAAG,IAAI,GAAG,GAAG,GAAG,MAAM,GAAG,GAAG,GAAG,MAAM,GAAG,GAAG,GAAG,KAAK,GAAG,IAAI,CAAC;WACpF;SACF;OACJ;KACF;AACC,QAAI,CAAC,EAAE,GAAG,IAAI,OAAO;;AAErB,QAAI,CAAC,IAAI,CAAC,KAAK,CAAC,UAAU,EAAE,EAC5B,cAAc,GAAG,WAAW,EAC5B;AACE,YAAM,EAAE,SAAS,GAAG,SAAS,CAAC,IAAI,GAAG,GAAG;AACxC,oBAAc,EAAC,MAAM;;AAErB,WAAK,EAAE,SAAS,CAAC,IAAI;AACrB,iBAAW,EAAE,CAAC;;AAEd,WAAK,EAAE,iBAAiB;AACxB,eAAS,EAAE,IAAI;AACf,mBAAa,EAAE,iBAAiB;AAChC,uBAAiB,EAAE,IAAI;AACvB,yBAAmB,EAAE,EAAE;AACvB,gCAA0B,EAAE,iBAAiB;AAC7C,kCAA4B,EAAE,iBAAiB;KAChD,CACF,CAAC;GACH;;AAED,mBAAiB,EAAC,YAAU;AAC1B,QAAI,CAAC,YAAY,EAAE,CAAC;AACpB,WAAO,CAAC,GAAG,CAAC,oBAAoB,CAAC,CAAC;GACnC;;AAED,oBAAkB,EAAC,YAAU;AAC3B,QAAI,CAAC,YAAY,EAAE,CAAC;GACrB;;AAED,QAAM,EAAA,YAAE;AACN,WACE;;QAAK,SAAS,EAAC,qBAAqB;MAClC;;UAAK,SAAS,EAAC,eAAe;QAC5B;;YAAI,SAAS,EAAC,yBAAyB;;SAAY;OAC/C;MACN;;UAAK,SAAS,EAAC,YAAY;QAC3B,6BAAK,EAAE,EAAC,MAAM,EAAC,SAAS,EAAC,UAAU,EAAC,GAAG,EAAC,OAAO,GAAO;OAChD;KACF,CACP;GACF;CACF,CAAC,CAAA","file":"/client/components/dashboard/graph/Graph.jsx.map","sourcesContent":["Graph = React.createClass({\n\n  /* FIXME How not to render when theres new data in getMeteorData in FrameGraphCo2\n  When return true the graph is displayed\n  */\n  shouldComponentUpdate:function(nextProps, nextState){\n    return true;\n  },\n\n  //Loops through this.props.sensors and creates a graph in the div with id=gr\n  _createGraph:function(){\n    var allValues = this.props.sensors;\n    var graphString =\"\";\n    console.log(\"test in _createGraph allValues\", allValues);\n    var day = allValues.day;\n\n    for(var key in allValues){\n      if(key === \"values\")\n      for(var i in allValues[key]){ // i = hours\n        var hour = i;\n          for(var j in allValues[key][i]){ // j = minutes\n            var minute = j;\n            for(var k in allValues[key][i][j]){ // k = seconds\n              var second = k;\n              var value = allValues[key][i][j][k];\n              graphString += day + \" \" + hour + \":\" + minute + \":\" + second + \",\" + value + \"\\n\";\n            }\n          }\n      }\n    }\n      this.g2 = new Dygraph(\n      /*document.getElementById('graf')*/\n      this.refs.graph.getDOMNode(),\n      \"Date,Value\\n\" + graphString,\n      {\n        ylabel: 'Value (' + allValues.type + \")\",\n        axisLabelColor:'#fff',\n        //xlabel: allValues.sensor_id,\n        title: allValues.type,\n        strokeWidth: 2,\n        //gridLineColor: 'rgb(204,0,255)',\n        color: 'rgb(255,152,43)',\n        fillGraph: true,\n        axisLineColor: 'rgb(255,152,43)',\n        showRangeSelector: true,\n        rangeSelectorHeight: 30,\n        rangeSelectorPlotFillColor: 'rgb(255,152,43)',\n        rangeSelectorPlotStrokeColor: 'rgb(255,152,43)',\n      }\n    );\n  },\n\n  componentDidMount:function(){\n    this._createGraph();\n    console.log(\"after _createGraph\");\n  },\n\n  componentDidUpdate:function(){\n    this._createGraph();\n  },\n\n  render(){\n    return(\n      <div className=\"panel panel-default\">\n        <div className=\"panel-heading\">\n          <h3 className=\"panel-title text-center\">tittel</h3>\n        </div>\n        <div className=\"panel-body\">\n        <div id=\"graf\" className=\"testgraf\" ref=\"graph\"></div>\n        </div>\n      </div>\n    )\n  }\n})\n"]},"hash":"0e358548f19c728f88d0f697f12f87513eb11c6b"}
