{"metadata":{"modules":{"imports":[],"exports":{"exported":[],"specifiers":[]}},"usedHelpers":[]},"ignored":false,"code":"Graph = React.createClass({\n  displayName: \"Graph\",\n\n  mixins: [ReactMeteorData],\n  getMeteorData: function () {\n\n    var data = {};\n\n    SensorsCollection = new Mongo.Collection('sensors');\n    var handle = Meteor.subscribe(\"sensors\");\n    if (handle.ready()) {\n      data = SensorsCollection.find().fetch();\n    }\n    return data;\n  },\n\n  render: function () {\n\n    /*var rows = this.dataArray.map(function(data1){\n      return(\n        <div>\n          h\n        </div>\n      )\n    });*/\n\n    return React.createElement(\n      \"div\",\n      { className: \"jumbotron\" },\n      \"hei\"\n    );\n  }\n});","ast":null,"map":{"version":3,"sources":["/client/components/dashboard/graph/Graph.jsx"],"names":[],"mappings":"AAAA,KAAK,GAAG,KAAK,CAAC,WAAW,CAAC;;;AAExB,QAAM,EAAC,CAAC,eAAe,CAAC;AACxB,eAAa,EAAA,YAAE;;AAEb,QAAI,IAAI,GAAG,EAAE,CAAC;;AAEd,qBAAiB,GAAG,IAAI,KAAK,CAAC,UAAU,CAAC,SAAS,CAAC,CAAC;AACpD,QAAI,MAAM,GAAG,MAAM,CAAC,SAAS,CAAC,SAAS,CAAC,CAAC;AACzC,QAAG,MAAM,CAAC,KAAK,EAAE,EAAC;AAChB,UAAI,GAAG,iBAAiB,CAAC,IAAI,EAAE,CAAC,KAAK,EAAE,CAAC;KACzC;AACD,WAAO,IAAI,CAAC;GAIb;;AAED,QAAM,EAAA,YAAE;;;;;;;;;;AAUN,WACE;;QAAK,SAAS,EAAC,WAAW;;KAEpB,CACP;GACF;CACF,CAAC,CAAA","file":"/client/components/dashboard/graph/Graph.jsx.map","sourcesContent":["Graph = React.createClass({\n\n  mixins:[ReactMeteorData],\n  getMeteorData(){\n\n    let data = {};\n\n    SensorsCollection = new Mongo.Collection('sensors');\n    var handle = Meteor.subscribe(\"sensors\");\n    if(handle.ready()){\n      data = SensorsCollection.find().fetch();\n    }\n    return data;\n\n\n\n  },\n\n  render(){\n\n    /*var rows = this.dataArray.map(function(data1){\n      return(\n        <div>\n          h\n        </div>\n      )\n    });*/\n\n    return(\n      <div className=\"jumbotron\">\n        hei\n      </div>\n    )\n  }\n})\n"]},"hash":"0f8ccba0ae72802c7b5c3b78b977702b6f779afe"}
