{"metadata":{"modules":{"imports":[],"exports":{"exported":[],"specifiers":[]}},"usedHelpers":[]},"ignored":false,"code":"Weatherdata = React.createClass({\n  displayName: \"Weatherdata\",\n\n  render: function () {\n    return React.createElement(\n      \"div\",\n      null,\n      \" Can contain weatherdata \"\n    );\n  }\n});","ast":null,"map":{"version":3,"sources":["/client/components/weatherdata/weatherdata.jsx"],"names":[],"mappings":"AAAA,WAAW,GAAG,KAAK,CAAC,WAAW,CAAC;;;AAC9B,QAAM,EAAA,YAAG;AACP,WACE;;;;KAAoC,CACrC;GACF;CACF,CAAC,CAAA","file":"/client/components/weatherdata/weatherdata.jsx.map","sourcesContent":["Weatherdata = React.createClass({\n  render() {\n    return(\n      <div> Can contain weatherdata </div>\n    )\n  }\n})\n"]},"hash":"0ff4a92ba074159b9ce13215fb368a33e0484e28"}
