{"metadata":{"modules":{"imports":[],"exports":{"exported":[],"specifiers":[]}},"usedHelpers":[]},"ignored":false,"code":"Login = React.createClass({\n  displayName: \"Login\",\n\n  mixins: [ReactMeteorData],\n\n  getMeteorData: function () {\n    var data = {};\n    data.currentUser = Meteor.user();\n    return data;\n  },\n\n  getInitialState: function () {\n    return { value: \"\" };\n  },\n\n  handleSubmit: function (e) {\n    var _this = this;\n\n    e.preventDefault();\n    var email = ReactDOM.findDOMNode(this.refs.email).value.trim();\n    var password = ReactDOM.findDOMNode(this.refs.password).value.trim();\n    Meteor.loginWithPassword(email, password, function (err) {\n      if (err) {\n        _this.setState({ value: err.reason });\n      } else {\n        FlowRouter.go('/site');\n      }\n    });\n  },\n\n  render: function () {\n    return React.createElement(\n      \"div\",\n      { id: \"loginBox\" },\n      React.createElement(\n        \"div\",\n        { className: \"row\" },\n        React.createElement(\n          \"div\",\n          { className: \"col-md-4 col-md-offset-4\", id: \"login-bg\" },\n          React.createElement(\n            \"div\",\n            { className: \"col-md-12\" },\n            React.createElement(\n              \"h3\",\n              { className: \"text-center\" },\n              \"login to access your things\"\n            )\n          ),\n          React.createElement(\n            \"div\",\n            { className: \"row\" },\n            React.createElement(\n              \"div\",\n              { className: \"col-md-10 col-md-offset-1\" },\n              React.createElement(\n                \"form\",\n                { onSubmit: this.handleSubmit },\n                React.createElement(\n                  \"div\",\n                  { className: \"spacer10\" },\n                  React.createElement(\n                    \"div\",\n                    { className: \"input-group\" },\n                    React.createElement(\n                      \"span\",\n                      { className: \"input-group-addon\" },\n                      React.createElement(\"i\", { className: \"fa fa-user\" })\n                    ),\n                    React.createElement(\"input\", { type: \"text\", ref: \"email\", placeholder: \"Email address\", id: \"email\", className: \"form-control\" })\n                  )\n                ),\n                React.createElement(\n                  \"div\",\n                  { className: \"spacer10\" },\n                  React.createElement(\n                    \"div\",\n                    { className: \"input-group\" },\n                    React.createElement(\n                      \"span\",\n                      { className: \"input-group-addon\" },\n                      React.createElement(\"i\", { className: \"fa fa-lock\" })\n                    ),\n                    React.createElement(\"input\", { type: \"password\", ref: \"password\", placeholder: \"Password\", className: \"form-control\" })\n                  )\n                ),\n                React.createElement(\n                  \"button\",\n                  { type: \"submit\", className: \"btn btn-primary form-control greenBtn\" },\n                  \"Login\"\n                )\n              ),\n              React.createElement(\n                \"div\",\n                null,\n                React.createElement(\"br\", null),\n                React.createElement(\n                  \"p\",\n                  { className: \"text-center greenBtn\" },\n                  this.state.value\n                )\n              )\n            )\n          )\n        )\n      )\n    );\n  }\n});","ast":null,"map":{"version":3,"sources":["/client/components/login/login.jsx"],"names":[],"mappings":"AAAA,KAAK,GAAG,KAAK,CAAC,WAAW,CAAC;;;AAExB,QAAM,EAAC,CAAC,eAAe,CAAC;;AAExB,eAAa,EAAA,YAAE;AACb,QAAI,IAAI,GAAG,EAAE,CAAC;AACd,QAAI,CAAC,WAAW,GAAG,MAAM,CAAC,IAAI,EAAE,CAAC;AACjC,WAAO,IAAI,CAAC;GACb;;AAED,iBAAe,EAAE,YAAU;AACzB,WAAO,EAAC,KAAK,EAAE,EAAE,EAAC,CAAA;GACnB;;AAED,cAAY,EAAA,UAAC,CAAC,EAAC;;;AACb,KAAC,CAAC,cAAc,EAAE,CAAC;AACnB,QAAI,KAAK,GAAG,QAAQ,CAAC,WAAW,CAAC,IAAI,CAAC,IAAI,CAAC,KAAK,CAAC,CAAC,KAAK,CAAC,IAAI,EAAE,CAAC;AAC/D,QAAI,QAAQ,GAAG,QAAQ,CAAC,WAAW,CAAC,IAAI,CAAC,IAAI,CAAC,QAAQ,CAAC,CAAC,KAAK,CAAC,IAAI,EAAE,CAAC;AACrE,UAAM,CAAC,iBAAiB,CAAC,KAAK,EAAE,QAAQ,EAAE,UAAC,GAAG,EAAK;AACjD,UAAG,GAAG,EAAC;AACL,cAAK,QAAQ,CAAC,EAAC,KAAK,EAAE,GAAG,CAAC,MAAM,EAAC,CAAC,CAAC;OACpC,MACI;AACH,kBAAU,CAAC,EAAE,CAAC,OAAO,CAAC,CAAC;OACxB;KACF,CAAC,CAAC;GACJ;;AAED,QAAM,EAAA,YAAE;AACN,WACE;;QAAK,EAAE,EAAC,UAAU;MAChB;;UAAK,SAAS,EAAC,KAAK;QAClB;;YAAK,SAAS,EAAC,0BAA0B,EAAC,EAAE,EAAC,UAAU;UACrD;;cAAK,SAAS,EAAC,WAAW;YACxB;;gBAAI,SAAS,EAAC,aAAa;;aAAiC;WACxD;UACN;;cAAK,SAAS,EAAC,KAAK;YAClB;;gBAAK,SAAS,EAAC,2BAA2B;cACxC;;kBAAM,QAAQ,EAAE,IAAI,CAAC,YAAY,AAAC;gBAChC;;oBAAK,SAAS,EAAC,UAAU;kBACvB;;sBAAK,SAAS,EAAC,aAAa;oBAC1B;;wBAAM,SAAS,EAAC,mBAAmB;sBAAC,2BAAG,SAAS,EAAC,YAAY,GAAK;qBAAO;oBACzE,+BAAO,IAAI,EAAC,MAAM,EAAC,GAAG,EAAC,OAAO,EAAC,WAAW,EAAC,eAAe,EAAC,EAAE,EAAC,OAAO,EAAC,SAAS,EAAC,cAAc,GAAE;mBAC5F;iBACF;gBACN;;oBAAK,SAAS,EAAC,UAAU;kBACvB;;sBAAK,SAAS,EAAC,aAAa;oBAC1B;;wBAAM,SAAS,EAAC,mBAAmB;sBAAC,2BAAG,SAAS,EAAC,YAAY,GAAK;qBAAO;oBACzE,+BAAO,IAAI,EAAC,UAAU,EAAC,GAAG,EAAC,UAAU,EAAC,WAAW,EAAC,UAAU,EAAC,SAAS,EAAC,cAAc,GAAE;mBACnF;iBACF;gBACN;;oBAAQ,IAAI,EAAC,QAAQ,EAAC,SAAS,EAAC,uCAAuC;;iBAAe;eACjF;cACP;;;gBACE,+BAAK;gBACL;;oBAAG,SAAS,EAAC,sBAAsB;kBAAE,IAAI,CAAC,KAAK,CAAC,KAAK;iBAAK;eACtD;aACF;WACF;SACF;OACF;KACF,CACP;GACF;CACF,CAAC,CAAC","file":"/client/components/login/login.jsx.map","sourcesContent":["Login = React.createClass({\n\n  mixins:[ReactMeteorData],\n\n  getMeteorData(){\n    let data = {};\n    data.currentUser = Meteor.user();\n    return data;\n  },\n\n  getInitialState: function(){\n    return {value: \"\"}\n  },\n\n  handleSubmit(e){\n    e.preventDefault();\n    let email = ReactDOM.findDOMNode(this.refs.email).value.trim();\n    let password = ReactDOM.findDOMNode(this.refs.password).value.trim();\n    Meteor.loginWithPassword(email, password, (err) => {\n      if(err){\n        this.setState({value: err.reason});\n      }\n      else {\n        FlowRouter.go('/site');\n      }\n    });\n  },\n\n  render(){\n    return(\n      <div id=\"loginBox\">\n        <div className=\"row\">\n          <div className=\"col-md-4 col-md-offset-4\" id=\"login-bg\">\n            <div className=\"col-md-12\">\n              <h3 className=\"text-center\">login to access your things</h3>\n            </div>\n            <div className=\"row\">\n              <div className=\"col-md-10 col-md-offset-1\">\n                <form onSubmit={this.handleSubmit}>\n                  <div className=\"spacer10\">\n                    <div className=\"input-group\">\n                      <span className=\"input-group-addon\"><i className=\"fa fa-user\"></i></span>\n                      <input type=\"text\" ref=\"email\" placeholder=\"Email address\" id=\"email\" className=\"form-control\"/>\n                    </div>\n                  </div>\n                  <div className=\"spacer10\">\n                    <div className=\"input-group\">\n                      <span className=\"input-group-addon\"><i className=\"fa fa-lock\"></i></span>\n                      <input type=\"password\" ref=\"password\" placeholder=\"Password\" className=\"form-control\"/>\n                    </div>\n                  </div>\n                  <button type=\"submit\" className=\"btn btn-primary form-control greenBtn\">Login</button>\n                </form>\n                <div>\n                  <br/>\n                  <p className=\"text-center greenBtn\">{this.state.value}</p>\n                </div>\n              </div>\n            </div>\n          </div>\n        </div>\n      </div>\n    )\n  }\n});\n"]},"hash":"100869c6e1043ad2a3b73bcc7bc3cd06d03b743e"}
