{"metadata":{"modules":{"imports":[],"exports":{"exported":[],"specifiers":[]}},"usedHelpers":[]},"ignored":false,"code":"Hub = React.createClass({\n  displayName: \"Hub\",\n\n  mixins: [ReactMeteorData],\n  getMeteorData: function () {\n\n    var subscriptionSensors = Meteor.subscribe('sensors1', this.props.hubId);\n    return {\n      sensorsReady: subscriptionSensors.ready(),\n      sensors: Sensors1.find().fetch()\n    };\n  },\n  getHubId: function () {\n    return this.props.hubId;\n  },\n\n  //TODO return ParentGraph. Map through this.data\n  render: function () {\n    if (this.data.sensorsReady) {\n      var sensorsArray = [];\n      this.data.sensors.map(function (sensor) {\n        console.log(\"THIS IS SENSOR: \", sensor);\n        if (getHubId() === sensor.hubId) {\n          sensorsArray.push(sensor);\n        }\n        /*return (\n          <div>\n            this is {sensor.hubId}\n            <ParentGraph key={sensor._id} sensorId={sensor._id}/>\n          </div>\n         )*/\n      });\n    }\n    console.log(\"THIS IS SENSORARRAY: \", sensorsArray);\n\n    //console.log(\"THIS IS SENSORSLIST: \" , sensorsList);\n\n    return React.createElement(\n      \"div\",\n      null,\n      \" tom \"\n    )\n    //<div>{sensorsList}</div>\n    ;\n  }\n});","ast":null,"map":{"version":3,"sources":["/client/components/dashboard/hubs/Hub.jsx"],"names":[],"mappings":"AAAA,GAAG,GAAG,KAAK,CAAC,WAAW,CAAC;;;AACtB,QAAM,EAAC,CAAC,eAAe,CAAC;AACxB,eAAa,EAAA,YAAE;;AAEb,QAAM,mBAAmB,GAAG,MAAM,CAAC,SAAS,CAAC,UAAU,EAAE,IAAI,CAAC,KAAK,CAAC,KAAK,CAAC,CAAC;AAC3E,WAAO;AACL,kBAAY,EAAE,mBAAmB,CAAC,KAAK,EAAE;AACzC,aAAO,EAAE,QAAQ,CAAC,IAAI,EAAE,CAAC,KAAK,EAAE;KACjC,CAAA;GACF;AACD,UAAQ,EAAA,YAAG;AACT,WAAO,IAAI,CAAC,KAAK,CAAC,KAAK,CAAC;GACzB;;;AAID,QAAM,EAAA,YAAE;AACN,QAAG,IAAI,CAAC,IAAI,CAAC,YAAY,EAAE;AACzB,UAAI,YAAY,GAAG,EAAE,CAAC;AACtB,UAAI,CAAC,IAAI,CAAC,OAAO,CAAC,GAAG,CAAC,UAAS,MAAM,EAAC;AACpC,eAAO,CAAC,GAAG,CAAC,kBAAkB,EAAE,MAAM,CAAC,CAAC;AACxC,YAAG,QAAQ,EAAE,KAAK,MAAM,CAAC,KAAK,EAAE;AAC9B,sBAAY,CAAC,IAAI,CAAC,MAAM,CAAC,CAAC;SAC3B;;;;;;;OAQF,CAAC,CAAA;KACH;AACD,WAAO,CAAC,GAAG,CAAC,uBAAuB,EAAE,YAAY,CAAC,CAAC;;;;AAKnD,WACE;;;;KAAgB;;KAEjB;GACF;CACF,CAAC,CAAA","file":"/client/components/dashboard/hubs/Hub.jsx.map","sourcesContent":["Hub = React.createClass({\n  mixins:[ReactMeteorData],\n  getMeteorData(){\n\n    const subscriptionSensors = Meteor.subscribe('sensors1', this.props.hubId);\n    return {\n      sensorsReady: subscriptionSensors.ready(),\n      sensors: Sensors1.find().fetch(),\n    }\n  },\n  getHubId() {\n    return this.props.hubId;\n  },\n\n\n  //TODO return ParentGraph. Map through this.data\n  render(){\n    if(this.data.sensorsReady) {\n      var sensorsArray = [];\n      this.data.sensors.map(function(sensor){\n        console.log(\"THIS IS SENSOR: \", sensor);\n        if(getHubId() === sensor.hubId) {\n          sensorsArray.push(sensor);\n        }\n        /*return (\n          <div>\n            this is {sensor.hubId}\n            <ParentGraph key={sensor._id} sensorId={sensor._id}/>\n          </div>\n\n        )*/\n      })\n    }\n    console.log(\"THIS IS SENSORARRAY: \", sensorsArray);\n\n    //console.log(\"THIS IS SENSORSLIST: \" , sensorsList);\n\n\n    return(\n      <div> tom </div>\n      //<div>{sensorsList}</div>\n    )\n  }\n})\n"]},"hash":"10aac7a63c5bbb428ffc5aa721584cc2e3154257"}
