{"metadata":{"modules":{"imports":[],"exports":{"exported":[],"specifiers":[]}},"usedHelpers":[]},"ignored":false,"code":"Login2 = React.createClass({\n  displayName: \"Login2\",\n\n  handleSubmit: function (e) {\n    var _this = this;\n\n    e.preventDefault();\n    var email = ReactDOM.findDOMNode(this.refs.email).value.trim();\n    var password = ReactDOM.findDOMNode(this.refs.password).value.trim();\n    Meteor.loginWithPassword(email, password, function (err) {\n      if (err) {\n        _this.setState({ value: err.reason });\n        $(\"#userStatus\").slideDown(300);\n      } else {\n        FlowRouter.go('/site');\n      }\n    });\n  },\n\n  render: function () {\n    return React.createElement(\n      \"div\",\n      { className: \"col-md-4 col-md-offset-4\", id: \"loginBox\" },\n      React.createElement(\n        \"div\",\n        { id: \"headingrow\", className: \"row\" },\n        React.createElement(\n          \"div\",\n          { className: \"col-md-10\" },\n          React.createElement(\n            \"h3\",\n            { className: \"text-center\" },\n            \" Login to access your sites \"\n          )\n        )\n      ),\n      React.createElement(\n        \"div\",\n        { id: \"formrow\", className: \"row\" },\n        React.createElement(\n          \"div\",\n          { className: \"col-md-6 col-md-offset-1\" },\n          React.createElement(\n            \"form\",\n            { onSubmit: this.handleSubmit },\n            React.createElement(\n              \"div\",\n              { className: \"input-group\" },\n              React.createElement(\"input\", { id: \"usernameInput\", ref: \"email\", type: \"text\", placeholder: \"Email\" })\n            ),\n            React.createElement(\"div\", { className: \"spacer10\" }),\n            React.createElement(\n              \"div\",\n              { className: \"input-group\" },\n              React.createElement(\"input\", { id: \"passwordInput\", ref: \"password\", type: \"password\", placeholder: \"Password\" })\n            ),\n            React.createElement(\n              \"div\",\n              { className: \"text-center\" },\n              React.createElement(\n                \"button\",\n                { id: \"submitButton\", type: \"submit\" },\n                \"Login\"\n              )\n            )\n          )\n        )\n      )\n    );\n  }\n});","ast":null,"map":{"version":3,"sources":["/client/components/login2.jsx"],"names":[],"mappings":"AAAA,MAAM,GAAG,KAAK,CAAC,WAAW,CAAC;;;AAEzB,cAAY,EAAA,UAAC,CAAC,EAAC;;;AACb,KAAC,CAAC,cAAc,EAAE,CAAC;AACnB,QAAI,KAAK,GAAG,QAAQ,CAAC,WAAW,CAAC,IAAI,CAAC,IAAI,CAAC,KAAK,CAAC,CAAC,KAAK,CAAC,IAAI,EAAE,CAAC;AAC/D,QAAI,QAAQ,GAAG,QAAQ,CAAC,WAAW,CAAC,IAAI,CAAC,IAAI,CAAC,QAAQ,CAAC,CAAC,KAAK,CAAC,IAAI,EAAE,CAAC;AACrE,UAAM,CAAC,iBAAiB,CAAC,KAAK,EAAE,QAAQ,EAAE,UAAC,GAAG,EAAK;AACjD,UAAG,GAAG,EAAC;AACL,cAAK,QAAQ,CAAC,EAAC,KAAK,EAAE,GAAG,CAAC,MAAM,EAAC,CAAC,CAAC;AACnC,SAAC,CAAC,aAAa,CAAC,CAAC,SAAS,CAAC,GAAG,CAAC,CAAC;OACjC,MACI;AACH,kBAAU,CAAC,EAAE,CAAC,OAAO,CAAC,CAAC;OACxB;KACF,CAAC,CAAC;GACJ;;AAED,QAAM,EAAA,YAAE;AACN,WACE;;QAAK,SAAS,EAAC,0BAA0B,EAAC,EAAE,EAAC,UAAU;MACrD;;UAAK,EAAE,EAAC,YAAY,EAAC,SAAS,EAAC,KAAK;QAChC;;YAAK,SAAS,EAAC,WAAW;UACxB;;cAAI,SAAS,EAAC,aAAa;;WAAkC;SACzD;OACJ;MACN;;UAAK,EAAE,EAAC,SAAS,EAAC,SAAS,EAAC,KAAK;QAC/B;;YAAK,SAAS,EAAC,0BAA0B;UACvC;;cAAM,QAAQ,EAAE,IAAI,CAAC,YAAY,AAAC;YAChC;;gBAAK,SAAS,EAAC,aAAa;cAC1B,+BAAO,EAAE,EAAC,eAAe,EAAC,GAAG,EAAC,OAAO,EAAC,IAAI,EAAC,MAAM,EAAC,WAAW,EAAC,OAAO,GAAE;aACnE;YACN,6BAAK,SAAS,EAAC,UAAU,GAAO;YAChC;;gBAAK,SAAS,EAAC,aAAa;cAC1B,+BAAO,EAAE,EAAC,eAAe,EAAC,GAAG,EAAC,UAAU,EAAC,IAAI,EAAC,UAAU,EAAC,WAAW,EAAC,UAAU,GAAE;aAC7E;YACN;;gBAAK,SAAS,EAAC,aAAa;cAC1B;;kBAAQ,EAAE,EAAC,cAAc,EAAC,IAAI,EAAC,QAAQ;;eAAe;aAClD;WACD;SACH;OACF;KACF,CACP;GACF;CACF,CAAC,CAAA","file":"/client/components/login2.jsx.map","sourcesContent":["Login2 = React.createClass({\n\n  handleSubmit(e){\n    e.preventDefault();\n    let email = ReactDOM.findDOMNode(this.refs.email).value.trim();\n    let password = ReactDOM.findDOMNode(this.refs.password).value.trim();\n    Meteor.loginWithPassword(email, password, (err) => {\n      if(err){\n        this.setState({value: err.reason});\n        $(\"#userStatus\").slideDown(300);\n      }\n      else {\n        FlowRouter.go('/site');\n      }\n    });\n  },\n\n  render(){\n    return(\n      <div className=\"col-md-4 col-md-offset-4\" id=\"loginBox\">\n        <div id=\"headingrow\" className=\"row\">\n            <div className=\"col-md-10\">\n              <h3 className=\"text-center\"> Login to access your sites </h3>\n            </div>\n        </div>\n        <div id=\"formrow\" className=\"row\">\n          <div className=\"col-md-6 col-md-offset-1\">\n            <form onSubmit={this.handleSubmit}>\n              <div className=\"input-group\">\n                <input id=\"usernameInput\" ref=\"email\" type=\"text\" placeholder=\"Email\"/>\n              </div>\n              <div className=\"spacer10\"></div>\n              <div className=\"input-group\">\n                <input id=\"passwordInput\" ref=\"password\" type=\"password\" placeholder=\"Password\"/>\n              </div>\n              <div className=\"text-center\">\n                <button id=\"submitButton\" type=\"submit\">Login</button>\n              </div>\n            </form>\n          </div>\n        </div>\n      </div>\n    )\n  }\n})\n"]},"hash":"10b02f289c5a2833384283fbd4aea2f53dc03ca3"}
