{"metadata":{"modules":{"imports":[],"exports":{"exported":[],"specifiers":[]}},"usedHelpers":[]},"ignored":false,"code":"NavBar = React.createClass({\n  displayName: \"NavBar\",\n\n  /*FIXME navlinks can not be a method used in render(). Make it a variable\n  in render.*/\n  navLinks: function () {\n    if (!Meteor.loggingIn() && Meteor.user()) {\n      FlowRouter.go(\"/site\");\n      return React.createElement(\n        \"ul\",\n        { className: \"nav navbar-nav pull-right\" },\n        React.createElement(\n          \"li\",\n          null,\n          React.createElement(\n            \"a\",\n            { href: \"#profile\" },\n            Meteor.user().emails[0].address\n          )\n        ),\n        React.createElement(\n          \"li\",\n          null,\n          React.createElement(\n            \"a\",\n            { href: \"/logout\" },\n            \"Logout\"\n          )\n        )\n      );\n    } else {\n      return React.createElement(\n        \"ul\",\n        { className: \"nav navbar-nav pull-right\" },\n        React.createElement(\n          \"li\",\n          null,\n          React.createElement(\n            \"a\",\n            { href: \"#\" },\n            React.createElement(AccountsUIWrapper, null)\n          )\n        )\n      );\n    }\n  },\n\n  render: function () {\n    return React.createElement(\n      \"div\",\n      null,\n      React.createElement(\n        \"nav\",\n        { className: \"navbar navbar-default navbar-static-top\", role: \"navigation\" },\n        React.createElement(\n          \"div\",\n          { className: \"container\" },\n          React.createElement(\n            \"div\",\n            { className: \"container-fluid\" },\n            React.createElement(\n              \"div\",\n              { className: \"navbar-header\" },\n              React.createElement(\n                \"button\",\n                { type: \"button\", className: \"navbar-toggle\", \"data-toggle\": \"collapse\" },\n                React.createElement(\n                  \"span\",\n                  { className: \"sr-only\" },\n                  \"Toggle navigation\"\n                ),\n                React.createElement(\"span\", { className: \"icon-bar\" }),\n                React.createElement(\"span\", { className: \"icon-bar\" }),\n                React.createElement(\"span\", { className: \"icon-bar\" })\n              ),\n              React.createElement(\"span\", { className: \"navbar-brand\" })\n            ),\n            React.createElement(\n              \"div\",\n              { className: \"collapse navbar-collapse\" },\n              React.createElement(\n                \"ul\",\n                { className: \"nav navbar-nav\" },\n                React.createElement(\n                  \"li\",\n                  null,\n                  React.createElement(\n                    \"a\",\n                    { href: \"/\" },\n                    \"Biogrid\"\n                  )\n                )\n              )\n            )\n          )\n        )\n      )\n    );\n  }\n});","ast":null,"map":{"version":3,"sources":["/client/components/home/Navbar.jsx"],"names":[],"mappings":"AAAA,MAAM,GAAG,KAAK,CAAC,WAAW,CAAC;;;;;AAIvB,UAAQ,EAAA,YAAG;AACT,QAAI,CAAC,MAAM,CAAC,SAAS,EAAE,IAAI,MAAM,CAAC,IAAI,EAAE,EAAE;AACxC,gBAAU,CAAC,EAAE,CAAC,OAAO,CAAC,CAAC;AACvB,aACE;;UAAI,SAAS,EAAC,2BAA2B;QACvC;;;UAAI;;cAAG,IAAI,EAAC,UAAU;YAAE,MAAM,CAAC,IAAI,EAAE,CAAC,MAAM,CAAC,CAAC,CAAC,CAAC,OAAO;WAAK;SAAK;QACjE;;;UAAI;;cAAG,IAAI,EAAC,SAAS;;WAAW;SAAK;OAClC,CACL;KACH,MACI;AACH,aACE;;UAAI,SAAS,EAAC,2BAA2B;QACvC;;;UAAI;;cAAG,IAAI,EAAC,GAAG;YAAC,oBAAC,iBAAiB,OAAG;WAAI;SAAK;OAC3C,CACL;KACH;GACF;;AAED,QAAM,EAAA,YAAG;AACP,WACE;;;MACE;;UAAK,SAAS,EAAC,yCAAyC,EAAC,IAAI,EAAC,YAAY;QACxE;;YAAK,SAAS,EAAC,WAAW;UACxB;;cAAK,SAAS,EAAC,iBAAiB;YAC9B;;gBAAK,SAAS,EAAC,eAAe;cAC5B;;kBAAQ,IAAI,EAAC,QAAQ,EAAC,SAAS,EAAC,eAAe,EAAC,eAAY,UAAU;gBACpE;;oBAAM,SAAS,EAAC,SAAS;;iBAAyB;gBAClD,8BAAM,SAAS,EAAC,UAAU,GAAQ;gBAClC,8BAAM,SAAS,EAAC,UAAU,GAAQ;gBAClC,8BAAM,SAAS,EAAC,UAAU,GAAQ;eAC3B;cACT,8BAAM,SAAS,EAAC,cAAc,GACvB;aACH;YACN;;gBAAK,SAAS,EAAC,0BAA0B;cACvC;;kBAAI,SAAS,EAAC,gBAAgB;gBAC5B;;;kBAAI;;sBAAG,IAAI,EAAC,GAAG;;mBAAY;iBAAK;eAC7B;aAED;WACF;SACF;OACF;KACF,CACP;GACF;CACJ,CAAC,CAAC","file":"/client/components/home/Navbar.jsx.map","sourcesContent":["NavBar = React.createClass({\n\n    /*FIXME navlinks can not be a method used in render(). Make it a variable\n    in render.*/\n    navLinks() {\n      if (!Meteor.loggingIn() && Meteor.user()) {\n        FlowRouter.go(\"/site\");\n        return (\n          <ul className=\"nav navbar-nav pull-right\">\n            <li><a href=\"#profile\">{Meteor.user().emails[0].address}</a></li>\n            <li><a href=\"/logout\">Logout</a></li>\n          </ul>\n        );\n      }\n      else {\n        return (\n          <ul className=\"nav navbar-nav pull-right\">\n            <li><a href=\"#\"><AccountsUIWrapper /></a></li>\n          </ul>\n        );\n      }\n    },\n\n    render() {\n      return (\n        <div>\n          <nav className=\"navbar navbar-default navbar-static-top\" role=\"navigation\">\n            <div className=\"container\">\n              <div className=\"container-fluid\">\n                <div className=\"navbar-header\">\n                  <button type=\"button\" className=\"navbar-toggle\" data-toggle=\"collapse\">\n                    <span className=\"sr-only\">Toggle navigation</span>\n                    <span className=\"icon-bar\"></span>\n                    <span className=\"icon-bar\"></span>\n                    <span className=\"icon-bar\"></span>\n                  </button>\n                  <span className=\"navbar-brand\">\n                  </span>\n                </div>\n                <div className=\"collapse navbar-collapse\">\n                  <ul className=\"nav navbar-nav\">\n                    <li><a href=\"/\">Biogrid</a></li>\n                  </ul>\n                  \n                </div>\n              </div>\n            </div>\n          </nav>\n        </div>\n      )\n    }\n});\n"]},"hash":"10c6fe315870c7cff6712b210e0996c8191f1dab"}
