{"metadata":{"modules":{"imports":[],"exports":{"exported":[],"specifiers":[]}},"usedHelpers":[]},"ignored":false,"code":"Navbar = React.createClass({\n  displayName: \"Navbar\",\n\n  render: function () {\n    var userinfo = undefined;\n    if (!Meteor.loggingIn() && Meteor.user()) {\n      userinfo = React.createElement(\n        \"ul\",\n        { className: \"nav navbar-nav pull-right\" },\n        React.createElement(\n          \"li\",\n          null,\n          React.createElement(\n            \"a\",\n            { className: \"navCortex\", href: \"/site\" },\n            \" \",\n            Meteor.user().emails[0].address,\n            React.createElement(\"span\", { className: \"glyphicon glyphicon-user\", \"aria-hidden\": \"true\" })\n          )\n        ),\n        React.createElement(\n          \"li\",\n          null,\n          React.createElement(\n            \"a\",\n            { className: \"navCortex\", href: \"/logout\" },\n            \"Logout\",\n            React.createElement(\"span\", { className: \"glyphicon glyphicon-off\", \"aria-hidden\": \"true\" })\n          )\n        )\n      );\n    } else {\n      userinfo = React.createElement(\n        \"ul\",\n        { className: \"nav navbar-nav pull-right\" },\n        React.createElement(\n          \"li\",\n          null,\n          React.createElement(\n            \"a\",\n            { className: \"navCortex\", href: \"http://www.biogrid.no\", target: \"_blank\" },\n            \"Biogrid.no \",\n            React.createElement(\"span\", { className: \"glyphicon glyphicon-home\", \"aria-hidden\": \"true\" })\n          )\n        )\n      );\n    }\n    return React.createElement(\n      \"div\",\n      null,\n      React.createElement(\n        \"nav\",\n        { className: \"navbar navbar-inverse navbar-static-top\", role: \"navigation\" },\n        React.createElement(\n          \"div\",\n          { className: \"container\" },\n          React.createElement(\n            \"div\",\n            { className: \"\" },\n            React.createElement(\n              \"div\",\n              { className: \"navbar-header collapse navbar-collapse\" },\n              React.createElement(\n                \"ul\",\n                { className: \"nav navbar-nav pull-left\" },\n                React.createElement(\n                  \"li\",\n                  null,\n                  React.createElement(\n                    \"a\",\n                    { className: \"navCortex\", href: \"/site\" },\n                    React.createElement(\n                      \"span\",\n                      { className: \"glyphicon glyphicon-grain\", \"aria-hidden\": \"true\" },\n                      \" \"\n                    ),\n                    \" Biogrid Cortex\"\n                  )\n                )\n              )\n            ),\n            React.createElement(\n              \"div\",\n              { className: \"\" },\n              userinfo\n            )\n          )\n        ),\n        React.createElement(\n          \"div\",\n          { className: \"row\", id: \"subNavBar\" },\n          React.createElement(\n            \"ul\",\n            { className: \"nav navbar-nav\" },\n            React.createElement(\n              \"li\",\n              { id: \"testLi\" },\n              React.createElement(\n                \"a\",\n                { href: \"\" },\n                React.createElement(\"i\", { className: \"fa fa-leaf\" }),\n                \" Holy Cow Oslo\"\n              )\n            ),\n            React.createElement(\n              \"li\",\n              { className: \"dropdown\" },\n              React.createElement(\n                \"a\",\n                { href: \"#\", className: \"dropdown-toggle\", \"data-toggle\": \"dropdown\", role: \"button\", \"aria-haspopup\": \"true\", \"aria-expanded\": \"false\" },\n                \"My sites\",\n                React.createElement(\"span\", { className: \"caret\" })\n              ),\n              React.createElement(\n                \"ul\",\n                { className: \"dropdown-menu\" },\n                React.createElement(\n                  \"li\",\n                  null,\n                  React.createElement(\n                    \"a\",\n                    { href: \"#\" },\n                    \"Holy Cow\"\n                  )\n                ),\n                React.createElement(\n                  \"li\",\n                  null,\n                  React.createElement(\n                    \"a\",\n                    { href: \"#\" },\n                    \"Green base farm\"\n                  )\n                )\n              )\n            ),\n            React.createElement(\n              \"li\",\n              { className: \"dropdown\" },\n              React.createElement(\n                \"a\",\n                { href: \"#\", className: \"dropdown-toggle\", \"data-toggle\": \"dropdown\", role: \"button\", \"aria-haspopup\": \"true\", \"aria-expanded\": \"false\" },\n                \"Super important\",\n                React.createElement(\"span\", { className: \"caret\" })\n              ),\n              React.createElement(\"ul\", { className: \"dropdown-menu\" })\n            ),\n            React.createElement(\n              \"li\",\n              { className: \"dropdown\" },\n              React.createElement(\n                \"a\",\n                { href: \"#\", className: \"dropdown-toggle\", \"data-toggle\": \"dropdown\", role: \"button\", \"aria-haspopup\": \"true\", \"aria-expanded\": \"false\" },\n                \"Settings \",\n                React.createElement(\"i\", { className: \"fa fa-cog\" }),\n                \" \"\n              ),\n              React.createElement(\n                \"ul\",\n                { className: \"dropdown-menu\" },\n                React.createElement(\n                  \"li\",\n                  null,\n                  React.createElement(\n                    \"a\",\n                    { href: \"#\" },\n                    \"Time Period:\"\n                  )\n                ),\n                React.createElement(\"li\", { role: \"separator\", className: \"divider\" }),\n                React.createElement(\n                  \"li\",\n                  null,\n                  React.createElement(\n                    \"a\",\n                    { href: \"#\" },\n                    \"Day\"\n                  )\n                ),\n                React.createElement(\n                  \"li\",\n                  null,\n                  React.createElement(\n                    \"a\",\n                    { href: \"#\" },\n                    \"Week\"\n                  )\n                ),\n                React.createElement(\n                  \"li\",\n                  null,\n                  React.createElement(\n                    \"a\",\n                    { href: \"#\" },\n                    \"Month\"\n                  )\n                ),\n                React.createElement(\"li\", { role: \"separator\", className: \"divider\" }),\n                React.createElement(\n                  \"li\",\n                  null,\n                  React.createElement(\n                    \"a\",\n                    { href: \"#\" },\n                    \"Custom data\"\n                  )\n                ),\n                React.createElement(\"li\", { role: \"separator\", className: \"divider\" }),\n                React.createElement(\n                  \"li\",\n                  null,\n                  React.createElement(\n                    \"a\",\n                    { href: \"#\" },\n                    \"From\"\n                  )\n                ),\n                React.createElement(\n                  \"li\",\n                  null,\n                  React.createElement(\n                    \"a\",\n                    { href: \"#\" },\n                    \"To\"\n                  )\n                )\n              )\n            )\n          )\n        )\n      ),\n      React.createElement(Footer, null)\n    );\n  }\n});","ast":null,"map":{"version":3,"sources":["/client/components/navbar.jsx"],"names":[],"mappings":"AAAA,MAAM,GAAG,KAAK,CAAC,WAAW,CAAC;;;AACzB,QAAM,EAAA,YAAG;AACP,QAAI,QAAQ,YAAA,CAAC;AACb,QAAG,CAAC,MAAM,CAAC,SAAS,EAAE,IAAI,MAAM,CAAC,IAAI,EAAE,EAAE;AACvC,cAAQ,GAAG;;UAAI,SAAS,EAAC,2BAA2B;QAClD;;;UACE;;cAAG,SAAS,EAAC,WAAW,EAAC,IAAI,EAAC,OAAO;;YAAG,MAAM,CAAC,IAAI,EAAE,CAAC,MAAM,CAAC,CAAC,CAAC,CAAC,OAAO;YACrE,8BAAM,SAAS,EAAC,0BAA0B,EAAC,eAAY,MAAM,GAAQ;WACnE;SACD;QACL;;;UACE;;cAAG,SAAS,EAAC,WAAW,EAAC,IAAI,EAAC,SAAS;;YACrC,8BAAM,SAAS,EAAC,yBAAyB,EAAC,eAAY,MAAM,GAAQ;WAClE;SACD;OACF,CAAC;KACP,MACG;AACF,cAAQ,GAAG;;UAAI,SAAS,EAAC,2BAA2B;QAClD;;;UACE;;cAAG,SAAS,EAAC,WAAW,EAAC,IAAI,EAAC,uBAAuB,EAAC,MAAM,EAAC,QAAQ;;YAAY,8BAAM,SAAS,EAAC,0BAA0B,EAAC,eAAY,MAAM,GACvI;WACL;SACD;OACF,CAAC;KACP;AACD,WACE;;;MACE;;UAAK,SAAS,EAAC,yCAAyC,EAAC,IAAI,EAAC,YAAY;QACxE;;YAAK,SAAS,EAAC,WAAW;UACxB;;cAAK,SAAS,EAAC,EAAE;YACf;;gBAAK,SAAS,EAAC,wCAAwC;cACrD;;kBAAI,SAAS,EAAC,0BAA0B;gBACtC;;;kBAAI;;sBAAG,SAAS,EAAC,WAAW,EAAC,IAAI,EAAC,OAAO;oBACvC;;wBAAM,SAAS,EAAC,2BAA2B,EAAC,eAAY,MAAM;;qBAAS;;mBACnE;iBACD;eACF;aACD;YACN;;gBAAK,SAAS,EAAC,EAAE;cACd,QAAQ;aACL;WACF;SACF;QACN;;YAAK,SAAS,EAAC,KAAK,EAAC,EAAE,EAAC,WAAW;UACjC;;cAAI,SAAS,EAAC,gBAAgB;YAC5B;;gBAAI,EAAE,EAAC,QAAQ;cAAC;;kBAAG,IAAI,EAAC,EAAE;gBAAC,2BAAG,SAAS,EAAC,YAAY,GAAK;;eAAkB;aAAK;YAChF;;gBAAI,SAAS,EAAC,UAAU;cACtB;;kBAAG,IAAI,EAAC,GAAG,EAAC,SAAS,EAAC,iBAAiB,EAAC,eAAY,UAAU,EAAC,IAAI,EAAC,QAAQ,EAAC,iBAAc,MAAM,EAAC,iBAAc,OAAO;;gBAC7G,8BAAM,SAAS,EAAC,OAAO,GAAQ;eAAI;cAC7C;;kBAAI,SAAS,EAAC,eAAe;gBAC3B;;;kBAAI;;sBAAG,IAAI,EAAC,GAAG;;mBAAa;iBAAK;gBACjC;;;kBAAI;;sBAAG,IAAI,EAAC,GAAG;;mBAAoB;iBAAK;eACrC;aACF;YACL;;gBAAI,SAAS,EAAC,UAAU;cACtB;;kBAAG,IAAI,EAAC,GAAG,EAAC,SAAS,EAAC,iBAAiB,EAAC,eAAY,UAAU,EAAC,IAAI,EAAC,QAAQ,EAAC,iBAAc,MAAM,EAAC,iBAAc,OAAO;;gBACtG,8BAAM,SAAS,EAAC,OAAO,GAAQ;eAAI;cACpD,4BAAI,SAAS,EAAC,eAAe,GACxB;aACF;YACL;;gBAAI,SAAS,EAAC,UAAU;cACtB;;kBAAG,IAAI,EAAC,GAAG,EAAC,SAAS,EAAC,iBAAiB,EAAC,eAAY,UAAU,EAAC,IAAI,EAAC,QAAQ,EAAC,iBAAc,MAAM,EAAC,iBAAc,OAAO;;gBAC5G,2BAAG,SAAS,EAAC,WAAW,GAAK;;eAAK;cAC7C;;kBAAI,SAAS,EAAC,eAAe;gBAC3B;;;kBAAI;;sBAAG,IAAI,EAAC,GAAG;;mBAAiB;iBAAK;gBACrC,4BAAI,IAAI,EAAC,WAAW,EAAC,SAAS,EAAC,SAAS,GAAM;gBAC9C;;;kBAAI;;sBAAG,IAAI,EAAC,GAAG;;mBAAQ;iBAAK;gBAC5B;;;kBAAI;;sBAAG,IAAI,EAAC,GAAG;;mBAAS;iBAAK;gBAC7B;;;kBAAI;;sBAAG,IAAI,EAAC,GAAG;;mBAAU;iBAAK;gBAC9B,4BAAI,IAAI,EAAC,WAAW,EAAC,SAAS,EAAC,SAAS,GAAM;gBAC9C;;;kBAAI;;sBAAG,IAAI,EAAC,GAAG;;mBAAgB;iBAAK;gBACpC,4BAAI,IAAI,EAAC,WAAW,EAAC,SAAS,EAAC,SAAS,GAAM;gBAC9C;;;kBAAI;;sBAAG,IAAI,EAAC,GAAG;;mBAAS;iBAAK;gBAC7B;;;kBAAI;;sBAAG,IAAI,EAAC,GAAG;;mBAAO;iBAAK;eACxB;aACF;WACF;SACD;OACF;MAEN,oBAAC,MAAM,OAAG;KACN,CACP;GACF;CACA,CAAC,CAAC","file":"/client/components/navbar.jsx.map","sourcesContent":["Navbar = React.createClass({\n  render() {\n    let userinfo;\n    if(!Meteor.loggingIn() && Meteor.user()) {\n      userinfo = <ul className=\"nav navbar-nav pull-right\">\n        <li>\n          <a className=\"navCortex\" href=\"/site\"> {Meteor.user().emails[0].address}\n            <span className=\"glyphicon glyphicon-user\" aria-hidden=\"true\"></span>\n          </a>\n        </li>\n        <li>\n          <a className=\"navCortex\" href=\"/logout\">Logout\n            <span className=\"glyphicon glyphicon-off\" aria-hidden=\"true\"></span>\n          </a>\n        </li>\n      </ul>;\n    }\n    else{\n      userinfo = <ul className=\"nav navbar-nav pull-right\">\n        <li>\n          <a className=\"navCortex\" href=\"http://www.biogrid.no\" target=\"_blank\">Biogrid.no <span className=\"glyphicon glyphicon-home\" aria-hidden=\"true\">\n          </span>\n        </a>\n      </li>\n    </ul>;\n  }\n  return (\n    <div>\n      <nav className=\"navbar navbar-inverse navbar-static-top\" role=\"navigation\">\n        <div className=\"container\">\n          <div className=\"\">\n            <div className=\"navbar-header collapse navbar-collapse\">\n              <ul className=\"nav navbar-nav pull-left\">\n                <li><a className=\"navCortex\" href=\"/site\">\n                  <span className=\"glyphicon glyphicon-grain\" aria-hidden=\"true\"> </span> Biogrid Cortex\n                  </a>\n                </li>\n              </ul>\n            </div>\n            <div className=\"\">\n              {userinfo}\n            </div>\n          </div>\n        </div>\n        <div className=\"row\" id=\"subNavBar\">\n          <ul className=\"nav navbar-nav\">\n            <li id=\"testLi\"><a href=\"\"><i className=\"fa fa-leaf\"></i> Holy Cow Oslo</a></li>\n            <li className=\"dropdown\">\n              <a href=\"#\" className=\"dropdown-toggle\" data-toggle=\"dropdown\" role=\"button\" aria-haspopup=\"true\" aria-expanded=\"false\">\n                My sites<span className=\"caret\"></span></a>\n              <ul className=\"dropdown-menu\">\n                <li><a href=\"#\">Holy Cow</a></li>\n                <li><a href=\"#\">Green base farm</a></li>\n              </ul>\n            </li>\n            <li className=\"dropdown\">\n              <a href=\"#\" className=\"dropdown-toggle\" data-toggle=\"dropdown\" role=\"button\" aria-haspopup=\"true\" aria-expanded=\"false\">\n                Super important<span className=\"caret\"></span></a>\n              <ul className=\"dropdown-menu\">\n              </ul>\n            </li>\n            <li className=\"dropdown\">\n              <a href=\"#\" className=\"dropdown-toggle\" data-toggle=\"dropdown\" role=\"button\" aria-haspopup=\"true\" aria-expanded=\"false\">\n                Settings <i className=\"fa fa-cog\"></i> </a>\n              <ul className=\"dropdown-menu\">\n                <li><a href=\"#\">Time Period:</a></li>\n                <li role=\"separator\" className=\"divider\"></li>\n                <li><a href=\"#\">Day</a></li>\n                <li><a href=\"#\">Week</a></li>\n                <li><a href=\"#\">Month</a></li>\n                <li role=\"separator\" className=\"divider\"></li>\n                <li><a href=\"#\">Custom data</a></li>\n                <li role=\"separator\" className=\"divider\"></li>\n                <li><a href=\"#\">From</a></li>\n                <li><a href=\"#\">To</a></li>\n              </ul>\n            </li>\n          </ul>\n        </div>\n      </nav>\n\n      <Footer />\n    </div>\n  )\n}\n});\n"]},"hash":"1136b08980d9425ae59c965082241c90b97b7940"}
