{"metadata":{"modules":{"imports":[],"exports":{"exported":[],"specifiers":[]}},"usedHelpers":[]},"ignored":false,"code":"Login = React.createClass({\n  displayName: \"Login\",\n\n  render: function () {\n\n    var logInButton = React.createElement(\n      \"button\",\n      { href: \"/loginPage\" },\n      \"Log in\"\n    );\n\n    return React.createElement(\n      \"div\",\n      { className: \"jumbotron text-center\" },\n      React.createElement(\n        \"div\",\n        { className: \"row\" },\n        React.createElement(\n          \"h2\",\n          null,\n          \"Welcome to BiogridCortex\"\n        )\n      ),\n      React.createElement(\n        \"div\",\n        { className: \"row\" },\n        logInButton\n      )\n    );\n  }\n});","ast":null,"map":{"version":3,"sources":["/client/components/loginPage/Login.jsx"],"names":[],"mappings":"AAAA,KAAK,GAAG,KAAK,CAAC,WAAW,CAAC;;;AAExB,QAAM,EAAA,YAAE;;AAEN,QAAI,WAAW,GACb;;QAAQ,IAAI,EAAC,YAAY;;KAAgB,AAC1C,CAAC;;AAEF,WACE;;QAAK,SAAS,EAAC,uBAAuB;MACpC;;UAAK,SAAS,EAAC,KAAK;QAClB;;;;SAAiC;OAC7B;MACN;;UAAK,SAAS,EAAC,KAAK;QACjB,WAAW;OACR;KACF,CACP;GACF;CACF,CAAC,CAAA","file":"/client/components/loginPage/Login.jsx.map","sourcesContent":["Login = React.createClass({\n\n  render(){\n\n    let logInButton = (\n      <button href=\"/loginPage\">Log in</button>\n    );\n    \n    return(\n      <div className=\"jumbotron text-center\">\n        <div className=\"row\">\n          <h2>Welcome to BiogridCortex</h2>\n        </div>\n        <div className=\"row\">\n          {logInButton}\n        </div>\n      </div>\n    )\n  }\n})\n"]},"hash":"1152ee90578cdb7478d9398612215ac7ec049094"}
