{"metadata":{"modules":{"imports":[],"exports":{"exported":[],"specifiers":[]}},"usedHelpers":[]},"ignored":false,"code":"ParentGraph = React.createClass({\n  displayName: \"ParentGraph\",\n\n  mixins: [ReactMeteorData],\n  getMeteorData: function () {\n    //TODO subscribe to data from Mongo. From Readings\n    //Fetch data with params from user\n    // readings = Meteor.subscribe(<name>);\n    var subscription = Meteor.subscribe('sensors');\n    /*if ( subscription.ready()) {\n      return {\n        sensors: Sensors.find({}).fetch(),\n      }\n    }*/\n    return {\n      sensors: Sensors.find({ type: \"rh\" }).fetch()\n    };\n  },\n\n  render: function () {\n    //return Graph.jsx with data from getMeteorData\n    // this.props.<name>\n\n    /* TODO map through results in readings and create a Graph component\n      for every results\n    */\n\n    //{this.data.sensors.map((graph => <Graph sensors={graph.values} key={graph._id} />))}\n    return React.createElement(\n      \"div\",\n      null,\n      \"tom\"\n    );\n  }\n});","ast":null,"map":{"version":3,"sources":["/client/components/dashboard/graph/ParentGraph.jsx"],"names":[],"mappings":"AAAA,WAAW,GAAG,KAAK,CAAC,WAAW,CAAC;;;AAC9B,QAAM,EAAE,CAAC,eAAe,CAAC;AACzB,eAAa,EAAA,YAAG;;;;AAId,QAAM,YAAY,GAAG,MAAM,CAAC,SAAS,CAAC,SAAS,CAAC,CAAC;;;;;;AAMjD,WAAM;AACJ,aAAO,EAAE,OAAO,CAAC,IAAI,CAAC,EAAC,IAAI,EAAC,IAAI,EAAC,CAAC,CAAC,KAAK,EAAE;KAC3C,CAAA;GACF;;AAED,QAAM,EAAA,YAAG;;;;;;;;;AASL,WACE;;;;KAEM,CACP;GACF;CACJ,CAAC,CAAA","file":"/client/components/dashboard/graph/ParentGraph.jsx.map","sourcesContent":["ParentGraph = React.createClass({\n  mixins: [ReactMeteorData],\n  getMeteorData() {\n    //TODO subscribe to data from Mongo. From Readings\n    //Fetch data with params from user\n    // readings = Meteor.subscribe(<name>);\n    const subscription = Meteor.subscribe('sensors');\n    /*if ( subscription.ready()) {\n      return {\n        sensors: Sensors.find({}).fetch(),\n      }\n    }*/\n    return{\n      sensors: Sensors.find({type:\"rh\"}).fetch()\n    }\n  },\n\n  render() {\n      //return Graph.jsx with data from getMeteorData\n      // this.props.<name>\n\n      /* TODO map through results in readings and create a Graph component\n        for every results\n      */\n\n      //{this.data.sensors.map((graph => <Graph sensors={graph.values} key={graph._id} />))}\n      return (\n        <div>\n          tom\n        </div>\n      )\n    }\n})\n"]},"hash":"1194d2b454f7e12a4fcfb59633a9b03ba28837e6"}
