{"metadata":{"modules":{"imports":[],"exports":{"exported":[],"specifiers":[]}},"usedHelpers":[]},"ignored":false,"code":"NavBar = React.createClass({\n  displayName: \"NavBar\",\n\n  /*FIXME navlinks can not be a method used in render(). Make it a variable\n  in render.*/\n  /*navLinks() {\n    if (!Meteor.loggingIn() && Meteor.user()) {\n      FlowRouter.go(\"/site\");\n      return (\n        <ul className=\"nav navbar-nav pull-right\">\n          <li><a href=\"#profile\">{Meteor.user().emails[0].address}</a></li>\n          <li><a href=\"/logout\">Logout</a></li>\n        </ul>\n      );\n    }\n    else {\n      return (\n        <ul className=\"nav navbar-nav pull-right\">\n          <li><a href=\"#\"><AccountsUIWrapper /></a></li>\n        </ul>\n      );\n    }\n  },*/\n\n  render: function () {\n    return React.createElement(\n      \"div\",\n      null,\n      React.createElement(\n        \"nav\",\n        { className: \"navbar navbar-default navbar-static-top\", role: \"navigation\" },\n        React.createElement(\n          \"div\",\n          { className: \"container\" },\n          React.createElement(\n            \"div\",\n            { className: \"container-fluid\" },\n            React.createElement(\n              \"div\",\n              { className: \"navbar-header\" },\n              React.createElement(\n                \"button\",\n                { type: \"button\", className: \"navbar-toggle\", \"data-toggle\": \"collapse\" },\n                React.createElement(\n                  \"span\",\n                  { className: \"sr-only\" },\n                  \"Toggle navigation\"\n                ),\n                React.createElement(\"span\", { className: \"icon-bar\" }),\n                React.createElement(\"span\", { className: \"icon-bar\" }),\n                React.createElement(\"span\", { className: \"icon-bar\" })\n              ),\n              React.createElement(\"span\", { className: \"navbar-brand\" })\n            ),\n            React.createElement(\n              \"div\",\n              { className: \"collapse navbar-collapse\" },\n              React.createElement(\n                \"ul\",\n                { className: \"nav navbar-nav\" },\n                React.createElement(\n                  \"li\",\n                  null,\n                  React.createElement(\n                    \"a\",\n                    { href: \"/\" },\n                    \"Biogrid\"\n                  )\n                )\n              ),\n              !Meteor.loggingIn() && Meteor.user() ? React.createElement(\n                \"ul\",\n                { className: \"nav navbar-nav pull-right\" },\n                React.createElement(\n                  \"li\",\n                  null,\n                  React.createElement(\n                    \"a\",\n                    { href: \"#profile\" },\n                    Meteor.user().emails[0].address\n                  )\n                ),\n                React.createElement(\n                  \"li\",\n                  null,\n                  React.createElement(\n                    \"a\",\n                    { href: \"/logout\" },\n                    \"Logout\"\n                  )\n                )\n              ) : React.createElement(\n                \"ul\",\n                { className: \"nav navbar-nav pull-right\" },\n                React.createElement(\n                  \"li\",\n                  null,\n                  React.createElement(\n                    \"a\",\n                    { href: \"#\" },\n                    React.createElement(AccountsUIWrapper, null)\n                  )\n                )\n              )\n            )\n          )\n        )\n      )\n    );\n  }\n});","ast":null,"map":{"version":3,"sources":["/client/components/home/Navbar.jsx"],"names":[],"mappings":"AAAA,MAAM,GAAG,KAAK,CAAC,WAAW,CAAC;;;;;;;;;;;;;;;;;;;;;;;;AAuBvB,QAAM,EAAA,YAAG;AACP,WACE;;;MACE;;UAAK,SAAS,EAAC,yCAAyC,EAAC,IAAI,EAAC,YAAY;QACxE;;YAAK,SAAS,EAAC,WAAW;UACxB;;cAAK,SAAS,EAAC,iBAAiB;YAC9B;;gBAAK,SAAS,EAAC,eAAe;cAC5B;;kBAAQ,IAAI,EAAC,QAAQ,EAAC,SAAS,EAAC,eAAe,EAAC,eAAY,UAAU;gBACpE;;oBAAM,SAAS,EAAC,SAAS;;iBAAyB;gBAClD,8BAAM,SAAS,EAAC,UAAU,GAAQ;gBAClC,8BAAM,SAAS,EAAC,UAAU,GAAQ;gBAClC,8BAAM,SAAS,EAAC,UAAU,GAAQ;eAC3B;cACT,8BAAM,SAAS,EAAC,cAAc,GACvB;aACH;YACN;;gBAAK,SAAS,EAAC,0BAA0B;cACvC;;kBAAI,SAAS,EAAC,gBAAgB;gBAC5B;;;kBAAI;;sBAAG,IAAI,EAAC,GAAG;;mBAAY;iBAAK;eAC7B;cAEJ,CAAC,MAAM,CAAC,SAAS,EAAE,IAAG,MAAM,CAAC,IAAI,EAAE,GAClC;;kBAAI,SAAS,EAAC,2BAA2B;gBACvC;;;kBAAI;;sBAAG,IAAI,EAAC,UAAU;oBAAE,MAAM,CAAC,IAAI,EAAE,CAAC,MAAM,CAAC,CAAC,CAAC,CAAC,OAAO;mBAAK;iBAAK;gBACjE;;;kBAAI;;sBAAG,IAAI,EAAC,SAAS;;mBAAW;iBAAK;eAClC,GAAG;;kBAAI,SAAS,EAAC,2BAA2B;gBAC/C;;;kBAAI;;sBAAG,IAAI,EAAC,GAAG;oBAAC,oBAAC,iBAAiB,OAAG;mBAAI;iBAAK;eAC3C;aACH;WACF;SACF;OACF;KACF,CACP;GACF;CACJ,CAAC,CAAC","file":"/client/components/home/Navbar.jsx.map","sourcesContent":["NavBar = React.createClass({\n\n    /*FIXME navlinks can not be a method used in render(). Make it a variable\n    in render.*/\n    /*navLinks() {\n      if (!Meteor.loggingIn() && Meteor.user()) {\n        FlowRouter.go(\"/site\");\n        return (\n          <ul className=\"nav navbar-nav pull-right\">\n            <li><a href=\"#profile\">{Meteor.user().emails[0].address}</a></li>\n            <li><a href=\"/logout\">Logout</a></li>\n          </ul>\n        );\n      }\n      else {\n        return (\n          <ul className=\"nav navbar-nav pull-right\">\n            <li><a href=\"#\"><AccountsUIWrapper /></a></li>\n          </ul>\n        );\n      }\n    },*/\n\n    render() {\n      return (\n        <div>\n          <nav className=\"navbar navbar-default navbar-static-top\" role=\"navigation\">\n            <div className=\"container\">\n              <div className=\"container-fluid\">\n                <div className=\"navbar-header\">\n                  <button type=\"button\" className=\"navbar-toggle\" data-toggle=\"collapse\">\n                    <span className=\"sr-only\">Toggle navigation</span>\n                    <span className=\"icon-bar\"></span>\n                    <span className=\"icon-bar\"></span>\n                    <span className=\"icon-bar\"></span>\n                  </button>\n                  <span className=\"navbar-brand\">\n                  </span>\n                </div>\n                <div className=\"collapse navbar-collapse\">\n                  <ul className=\"nav navbar-nav\">\n                    <li><a href=\"/\">Biogrid</a></li>\n                  </ul>\n\n                  {!Meteor.loggingIn()&& Meteor.user() ?\n                    <ul className=\"nav navbar-nav pull-right\">\n                      <li><a href=\"#profile\">{Meteor.user().emails[0].address}</a></li>\n                      <li><a href=\"/logout\">Logout</a></li>\n                    </ul> : <ul className=\"nav navbar-nav pull-right\">\n                      <li><a href=\"#\"><AccountsUIWrapper /></a></li>\n                    </ul> }\n                </div>\n              </div>\n            </div>\n          </nav>\n        </div>\n      )\n    }\n});\n"]},"hash":"12066958d72e407d4bf3d0e69e29c1716514085d"}
