{"metadata":{"modules":{"imports":[],"exports":{"exported":[],"specifiers":[]}},"usedHelpers":[]},"ignored":false,"code":"Dashboard = React.createClass({\n  displayName: \"Dashboard\",\n\n  mixins: [ReactMeteorData],\n  getMeteorData: function () {\n\n    var siteId = FlowRouter.getParam(\"siteId\");\n\n    //1.Get data from matching siteId and hubId\n    var subscriptionHubs = Meteor.subscribe('hubs', siteId);\n\n    return {\n      hubsReady: subscriptionHubs.ready(),\n      hubs: Hubs.find().fetch()\n    };\n  },\n\n  //sensors1: Sensors1.find().fetch(),\n  findHubIds: function () {\n    var hubIdArray = [];\n    if (this.data.hubsReady) {\n      var hubs = this.data.hubs.map(function (hub) {\n        hubIdArray.push(hub._id);\n      });\n    }\n    return hubIdArray;\n  },\n\n  render: function () {\n    if (this.data.hubsReady) {\n      var hubsList = this.findHubIds().map(function (hubId) {\n        return React.createElement(Hub, { key: hubId, hubId: hubId });\n      });\n    }\n\n    return React.createElement(\n      \"div\",\n      { id: \"bg\" },\n      React.createElement(Navbar, null),\n      React.createElement(\n        \"div\",\n        { className: \"row\" },\n        React.createElement(\n          \"div\",\n          { className: \"col-md-2 col-sm-12\" },\n          React.createElement(Metadata, null)\n        ),\n        React.createElement(\n          \"div\",\n          { className: \"col-md-10 col-md-offset-2\" },\n          hubsList\n        )\n      )\n    );\n  }\n});","ast":null,"map":{"version":3,"sources":["/client/components/dashboard/Dashboard.jsx"],"names":[],"mappings":"AAAA,SAAS,GAAG,KAAK,CAAC,WAAW,CAAC;;;AAC5B,QAAM,EAAE,CAAC,eAAe,CAAC;AACzB,eAAa,EAAA,YAAE;;AAEb,QAAM,MAAM,GAAG,UAAU,CAAC,QAAQ,CAAC,QAAQ,CAAC,CAAC;;;AAG7C,QAAM,gBAAgB,GAAG,MAAM,CAAC,SAAS,CAAC,MAAM,EAAE,MAAM,CAAC,CAAC;;AAE1D,WAAO;AACL,eAAS,EAAE,gBAAgB,CAAC,KAAK,EAAE;AACnC,UAAI,EAAE,IAAI,CAAC,IAAI,EAAE,CAAC,KAAK,EAAE;KAE1B,CAAA;GACF;;;AAED,YAAU,EAAA,YAAE;AACV,QAAI,UAAU,GAAG,EAAE,CAAC;AACpB,QAAG,IAAI,CAAC,IAAI,CAAC,SAAS,EAAE;AACtB,UAAI,IAAI,GAAG,IAAI,CAAC,IAAI,CAAC,IAAI,CAAC,GAAG,CAAC,UAAS,GAAG,EAAC;AACzC,kBAAU,CAAC,IAAI,CAAC,GAAG,CAAC,GAAG,CAAC,CAAC;OAC1B,CAAC,CAAA;KACH;AACD,WAAO,UAAU,CAAC;GACnB;;AAED,QAAM,EAAA,YAAE;AACN,QAAG,IAAI,CAAC,IAAI,CAAC,SAAS,EAAE;AACtB,UAAI,QAAQ,GAAG,IAAI,CAAC,UAAU,EAAE,CAAC,GAAG,CAAC,UAAS,KAAK,EAAC;AAClD,eACI,oBAAC,GAAG,IAAC,GAAG,EAAE,KAAK,AAAC,EAAC,KAAK,EAAE,KAAK,AAAC,GAAG,CACpC;OACF,CAAC,CAAA;KACH;;AAED,WACE;;QAAK,EAAE,EAAC,IAAI;MACZ,oBAAC,MAAM,OAAG;MACR;;UAAK,SAAS,EAAC,KAAK;QAClB;;YAAK,SAAS,EAAC,oBAAoB;UACjC,oBAAC,QAAQ,OAAG;SACR;QACN;;YAAK,SAAS,EAAC,2BAA2B;UACvC,QAAQ;SACL;OACF;KACF,CACP;GACF;CACF,CAAC,CAAA","file":"/client/components/dashboard/Dashboard.jsx.map","sourcesContent":["Dashboard = React.createClass({\n  mixins: [ReactMeteorData],\n  getMeteorData(){\n\n    const siteId = FlowRouter.getParam(\"siteId\");\n\n    //1.Get data from matching siteId and hubId\n    const subscriptionHubs = Meteor.subscribe('hubs', siteId);\n\n    return {\n      hubsReady: subscriptionHubs.ready(),\n      hubs: Hubs.find().fetch(),\n      //sensors1: Sensors1.find().fetch(),\n    }\n  },\n\n  findHubIds(){\n    let hubIdArray = [];\n    if(this.data.hubsReady) {\n      let hubs = this.data.hubs.map(function(hub){\n        hubIdArray.push(hub._id);\n      })\n    }\n    return hubIdArray;\n  },\n\n  render(){\n    if(this.data.hubsReady) {\n      var hubsList = this.findHubIds().map(function(hubId){\n        return(\n            <Hub key={hubId} hubId={hubId} />\n        )\n      })\n    }\n\n    return(\n      <div id=\"bg\">\n      <Navbar />\n        <div className=\"row\">\n          <div className=\"col-md-2 col-sm-12\">\n            <Metadata />\n          </div>\n          <div className=\"col-md-10 col-md-offset-2\">\n            {hubsList}\n          </div>\n        </div>\n      </div>\n    )\n  }\n})\n"]},"hash":"123753f560e33dbe4c615ebaf931016225a7fcbc"}
