{"metadata":{"modules":{"imports":[],"exports":{"exported":[],"specifiers":[]}},"usedHelpers":[]},"ignored":false,"code":"Login = React.createClass({\n  displayName: \"Login\",\n\n  render: function () {\n    return React.createElement(\n      \"div\",\n      { className: \"jumbotron text-center\" },\n      React.createElement(\n        \"div\",\n        { className: \"row\" },\n        React.createElement(\n          \"h2\",\n          null,\n          \"Welcome to BiogridCortex\"\n        )\n      ),\n      React.createElement(\n        \"div\",\n        { className: \"row\" },\n        React.createElement(\n          \"button\",\n          { href: \"locationPage\" },\n          \"Logg inn\"\n        )\n      )\n    );\n  }\n});","ast":null,"map":{"version":3,"sources":["/client/components/loginPage/Login.jsx"],"names":[],"mappings":"AAAA,KAAK,GAAG,KAAK,CAAC,WAAW,CAAC;;;AACxB,QAAM,EAAA,YAAE;AACN,WACE;;QAAK,SAAS,EAAC,uBAAuB;MACpC;;UAAK,SAAS,EAAC,KAAK;QAClB;;;;SAAiC;OAC7B;MACN;;UAAK,SAAS,EAAC,KAAK;QAClB;;YAAQ,IAAI,EAAC,cAAc;;SAAkB;OACzC;KACF,CACP;GACF;CACF,CAAC,CAAA","file":"/client/components/loginPage/Login.jsx.map","sourcesContent":["Login = React.createClass({\n  render(){\n    return(\n      <div className=\"jumbotron text-center\">\n        <div className=\"row\">\n          <h2>Welcome to BiogridCortex</h2>\n        </div>\n        <div className=\"row\">\n          <button href=\"locationPage\">Logg inn</button>\n        </div>\n      </div>\n    )\n  }\n})\n"]},"hash":"125b0083f667f827c30f13dab56277c7537f23f8"}
