{"metadata":{"modules":{"imports":[],"exports":{"exported":[],"specifiers":[]}},"usedHelpers":[]},"ignored":false,"code":"Hub = React.createClass({\n  displayName: \"Hub\",\n\n  mixins: [ReactMeteorData],\n  getMeteorData: function () {\n\n    var subscriptionSensors = Meteor.subscribe('sensors1', this.props.hubId);\n    return {\n      sensorsReady: subscriptionSensors.ready(),\n      sensors: Sensors1.find().fetch()\n    };\n  },\n\n  //TODO return ParentGraph. Map through this.data\n  render: function () {\n    if (this.data.sensorsReady) {\n      var sensorsList = this.data.sensors.map(function (sensor) {\n        console.log(\"THIS IS SENSOR: \", sensor);\n\n        return React.createElement(ParentGraph, { sensorId: sensor._id });\n      });\n    }\n    //console.log(\"THIS IS SENSORSLIST: \" , sensorsList);\n\n    return React.createElement(\n      \"div\",\n      null,\n      \" \",\n      sensorsList,\n      \" \"\n    )\n    //<div>{sensorsList}</div>\n    ;\n  }\n});","ast":null,"map":{"version":3,"sources":["/client/components/dashboard/hubs/Hub.jsx"],"names":[],"mappings":"AAAA,GAAG,GAAG,KAAK,CAAC,WAAW,CAAC;;;AACtB,QAAM,EAAC,CAAC,eAAe,CAAC;AACxB,eAAa,EAAA,YAAE;;AAEb,QAAM,mBAAmB,GAAG,MAAM,CAAC,SAAS,CAAC,UAAU,EAAE,IAAI,CAAC,KAAK,CAAC,KAAK,CAAC,CAAC;AAC3E,WAAO;AACL,kBAAY,EAAE,mBAAmB,CAAC,KAAK,EAAE;AACzC,aAAO,EAAE,QAAQ,CAAC,IAAI,EAAE,CAAC,KAAK,EAAE;KACjC,CAAA;GACF;;;AAID,QAAM,EAAA,YAAE;AACN,QAAG,IAAI,CAAC,IAAI,CAAC,YAAY,EAAE;AACzB,UAAI,WAAW,GAAG,IAAI,CAAC,IAAI,CAAC,OAAO,CAAC,GAAG,CAAC,UAAS,MAAM,EAAC;AACtD,eAAO,CAAC,GAAG,CAAC,kBAAkB,EAAE,MAAM,CAAC,CAAC;;AAExC,eACE,oBAAC,WAAW,IAAC,QAAQ,EAAE,MAAM,CAAC,GAAG,AAAC,GAAE,CACrC;OACF,CAAC,CAAA;KACH;;;AAID,WACE;;;;MAAO,WAAW;;KAAQ;;KAE3B;GACF;CACF,CAAC,CAAA","file":"/client/components/dashboard/hubs/Hub.jsx.map","sourcesContent":["Hub = React.createClass({\n  mixins:[ReactMeteorData],\n  getMeteorData(){\n\n    const subscriptionSensors = Meteor.subscribe('sensors1', this.props.hubId);\n    return {\n      sensorsReady: subscriptionSensors.ready(),\n      sensors: Sensors1.find().fetch(),\n    }\n  },\n\n\n  //TODO return ParentGraph. Map through this.data\n  render(){\n    if(this.data.sensorsReady) {\n      var sensorsList = this.data.sensors.map(function(sensor){\n        console.log(\"THIS IS SENSOR: \", sensor);\n\n        return (\n          <ParentGraph sensorId={sensor._id}/>\n        )\n      })\n    }\n    //console.log(\"THIS IS SENSORSLIST: \" , sensorsList);\n\n\n    return(\n      <div> {sensorsList} </div>\n      //<div>{sensorsList}</div>\n    )\n  }\n})\n"]},"hash":"12b6b1cc5e4751404692c60b4bedab95e42afa02"}
