{"metadata":{"modules":{"imports":[],"exports":{"exported":[],"specifiers":[]}},"usedHelpers":[]},"ignored":false,"code":"Navbar = React.createClass({\n  displayName: \"Navbar\",\n\n  render: function () {\n    var userinfo = undefined;\n    if (!Meteor.loggingIn() && Meteor.user()) {\n      userinfo = Meteor.user().emails[0].address;\n    }\n    return React.createElement(\n      \"nav\",\n      { className: \"navbar navbar-inverse\", id: \"topNavbar\" },\n      React.createElement(\n        \"div\",\n        { className: \"container-fluid\" },\n        React.createElement(\n          \"div\",\n          { className: \"navbar-header\" },\n          React.createElement(\n            \"a\",\n            { className: \"navbar-toggle\", id: \"logOutToggle\", href: \"/logout\" },\n            \"Log out\"\n          ),\n          React.createElement(\n            \"a\",\n            { className: \"navbar-brand\", href: \"/site\" },\n            \"Biogrid Cortex\"\n          )\n        ),\n        React.createElement(\n          \"div\",\n          { id: \"logoutNavbar\", className: \"collapse navbar-collapse pull-right\" },\n          React.createElement(\n            \"ul\",\n            { className: \"nav navbar-nav\" },\n            React.createElement(\n              \"li\",\n              { className: \"dropdown\" },\n              React.createElement(\n                \"a\",\n                { href: \"#\", className: \"dropdown-toggle\", \"data-toggle\": \"dropdown\", role: \"button\", \"aria-haspopup\": \"true\", \"aria-expanded\": \"false\" },\n                userinfo,\n                \" \",\n                React.createElement(\"span\", { className: \"caret\" })\n              ),\n              React.createElement(\n                \"ul\",\n                { className: \"dropdown-menu\", id: \"testDrop\" },\n                React.createElement(\n                  \"li\",\n                  null,\n                  React.createElement(\n                    \"a\",\n                    { href: \"/site\" },\n                    React.createElement(\"i\", { className: \"fa fa-list\" }),\n                    \" My Sites\"\n                  )\n                ),\n                React.createElement(\"li\", { role: \"separator\", className: \"divider\" }),\n                React.createElement(\n                  \"li\",\n                  null,\n                  React.createElement(\n                    \"a\",\n                    { href: \"/logout\" },\n                    React.createElement(\"i\", { className: \"fa fa-power-off\" }),\n                    \" Log out\"\n                  )\n                )\n              )\n            )\n          )\n        )\n      )\n    );\n  }\n});","ast":null,"map":{"version":3,"sources":["/client/components/navbar/navbar.jsx"],"names":[],"mappings":"AAAA,MAAM,GAAG,KAAK,CAAC,WAAW,CAAC;;;AACzB,QAAM,EAAA,YAAG;AACP,QAAI,QAAQ,YAAA,CAAC;AACb,QAAG,CAAC,MAAM,CAAC,SAAS,EAAE,IAAI,MAAM,CAAC,IAAI,EAAE,EAAE;AACvC,cAAQ,GAAG,MAAM,CAAC,IAAI,EAAE,CAAC,MAAM,CAAC,CAAC,CAAC,CAAC,OAAO,CAAC;KAC5C;AACD,WACI;;QAAK,SAAS,EAAC,uBAAuB,EAAC,EAAE,EAAC,WAAW;MACnD;;UAAK,SAAS,EAAC,iBAAiB;QAC9B;;YAAK,SAAS,EAAC,eAAe;UAC1B;;cAAG,SAAS,EAAC,eAAe,EAAC,EAAE,EAAC,cAAc,EAAC,IAAI,EAAC,SAAS;;WAAY;UACzE;;cAAG,SAAS,EAAC,cAAc,EAAC,IAAI,EAAC,OAAO;;WAAmB;SACvD;QAEN;;YAAK,EAAE,EAAC,cAAc,EAAC,SAAS,EAAC,qCAAqC;UACpE;;cAAI,SAAS,EAAC,gBAAgB;YAC5B;;gBAAI,SAAS,EAAC,UAAU;cACtB;;kBAAG,IAAI,EAAC,GAAG,EAAC,SAAS,EAAC,iBAAiB,EAAC,eAAY,UAAU,EAAC,IAAI,EAAC,QAAQ,EAAC,iBAAc,MAAM,EAAC,iBAAc,OAAO;gBACpH,QAAQ;;gBAAE,8BAAM,SAAS,EAAC,OAAO,GAAQ;eAC1C;cACJ;;kBAAI,SAAS,EAAC,eAAe,EAAC,EAAE,EAAC,UAAU;gBACzC;;;kBAAI;;sBAAG,IAAI,EAAC,OAAO;oBAAC,2BAAG,SAAS,EAAC,YAAY,GAAK;;mBAAa;iBAAK;gBACpE,4BAAI,IAAI,EAAC,WAAW,EAAC,SAAS,EAAC,SAAS,GAAM;gBAC9C;;;kBAAI;;sBAAG,IAAI,EAAC,SAAS;oBAAC,2BAAG,SAAS,EAAC,iBAAiB,GAAK;;mBAAY;iBAAK;eACvE;aACF;WACF;SACD;OACF;KACF,CACT;GACF;CACF,CAAC,CAAC","file":"/client/components/navbar/navbar.jsx.map","sourcesContent":["Navbar = React.createClass({\n  render() {\n    let userinfo;\n    if(!Meteor.loggingIn() && Meteor.user()) {\n      userinfo = Meteor.user().emails[0].address;\n    }\n    return (\n        <nav className=\"navbar navbar-inverse\" id=\"topNavbar\">\n          <div className=\"container-fluid\">\n            <div className=\"navbar-header\">\n                <a className=\"navbar-toggle\" id=\"logOutToggle\" href=\"/logout\">Log out</a>\n                <a className=\"navbar-brand\" href=\"/site\">Biogrid Cortex</a>\n              </div>\n\n              <div id=\"logoutNavbar\" className=\"collapse navbar-collapse pull-right\">\n                <ul className=\"nav navbar-nav\">\n                  <li className=\"dropdown\">\n                    <a href=\"#\" className=\"dropdown-toggle\" data-toggle=\"dropdown\" role=\"button\" aria-haspopup=\"true\" aria-expanded=\"false\">\n                      {userinfo} <span className=\"caret\"></span>\n                  </a>\n                  <ul className=\"dropdown-menu\" id=\"testDrop\">\n                    <li><a href=\"/site\"><i className=\"fa fa-list\"></i> My Sites</a></li>\n                    <li role=\"separator\" className=\"divider\"></li>\n                    <li><a href=\"/logout\"><i className=\"fa fa-power-off\"></i> Log out</a></li>\n                  </ul>\n                </li>\n              </ul>\n            </div>\n          </div>\n        </nav>\n    )\n  }\n});\n"]},"hash":"130994a067cf6e2cd0d4da6da75b47ca3ab102d3"}
