{"metadata":{"modules":{"imports":[],"exports":{"exported":[],"specifiers":[]}},"usedHelpers":[]},"ignored":false,"code":"Graph = React.createClass({\n  displayName: \"Graph\",\n\n  mixins: [ReactMeteorData],\n\n  getMeteorData: function () {\n\n    var data = [];\n    var handle = Meteor.subscribe('sensors');\n\n    //Use ready() so data dont log before Sensors.find().fetch() is done\n    if (handle.ready()) {\n      data = Sensors.find({}).fetch();\n      console.log(\"This is\", data);\n    }\n\n    return {\n      sensors: Sensors.find({}).fetch()\n    };\n  },\n\n  _createGraph: function () {\n    this.g = new Dygraph(this.refs.graphDiv.getDOMNODE(), \"Date,time,Value\\n\" + \"2016-02-18,11-03-19,1276.5014518141647\\n\" + \"2016-02-19,11-03-20,1399.7787571636275\\n\" + \"2016-02-20,11-03-21,1690.055215939916\\n\" + \"2016-02-21,11-03-22,1200.331930606972\\n\" + \"2016-02-22,11-03-23,1078.608350055789\\n\");\n  },\n\n  componentDidMount: function () {\n    this._createGraph();\n  },\n  componentDidUpdate: function () {\n    this._createGraph();\n  },\n\n  render: function () {\n\n    if (this.data.sensors) {\n      var testVar = React.createElement(\n        \"div\",\n        null,\n        \"Hei test\"\n      );\n    }\n    return React.createElement(\"div\", { ref: \"graphDiv\" });\n  }\n});","ast":null,"map":{"version":3,"sources":["/client/components/dashboard/graph/Graph.jsx"],"names":[],"mappings":"AAAA,KAAK,GAAG,KAAK,CAAC,WAAW,CAAC;;;AAExB,QAAM,EAAC,CAAC,eAAe,CAAC;;AAExB,eAAa,EAAA,YAAE;;AAEb,QAAI,IAAI,GAAG,EAAE,CAAC;AACd,QAAI,MAAM,GAAG,MAAM,CAAC,SAAS,CAAC,SAAS,CAAC,CAAC;;;AAGzC,QAAG,MAAM,CAAC,KAAK,EAAE,EAAC;AAChB,UAAI,GAAG,OAAO,CAAC,IAAI,CAAC,EAAE,CAAC,CAAC,KAAK,EAAE,CAAC;AAChC,aAAO,CAAC,GAAG,CAAC,SAAS,EAAC,IAAI,CAAC,CAAC;KAC7B;;AAED,WAAM;AACJ,aAAO,EAAE,OAAO,CAAC,IAAI,CAAC,EAAE,CAAC,CAAC,KAAK,EAAE;KAClC,CAAA;GAEF;;AAED,cAAY,EAAE,YAAU;AACpB,QAAI,CAAC,CAAC,GAAG,IAAI,OAAO,CACpB,IAAI,CAAC,IAAI,CAAC,QAAQ,CAAC,UAAU,EAAE,EAC/B,mBAAmB,GACnB,0CAA0C,GAC1C,0CAA0C,GAC1C,yCAAyC,GACzC,yCAAyC,GACzC,yCAAyC,CAC1C,CAAC;GACH;;AAED,mBAAiB,EAAE,YAAU;AAC3B,QAAI,CAAC,YAAY,EAAE,CAAC;GACrB;AACD,oBAAkB,EAAE,YAAU;AAC5B,QAAI,CAAC,YAAY,EAAE,CAAC;GACrB;;AAGD,QAAM,EAAA,YAAE;;AAEN,QAAG,IAAI,CAAC,IAAI,CAAC,OAAO,EAAC;AACnB,UAAI,OAAO,GAAG;;;;OAAmB,CAAA;KAClC;AACD,WACE,6BAAK,GAAG,EAAC,UAAU,GACb,CACP;GACF;CACF,CAAC,CAAA","file":"/client/components/dashboard/graph/Graph.jsx.map","sourcesContent":["Graph = React.createClass({\n\n  mixins:[ReactMeteorData],\n\n  getMeteorData(){\n\n    var data = [];\n    var handle = Meteor.subscribe('sensors');\n\n    //Use ready() so data dont log before Sensors.find().fetch() is done\n    if(handle.ready()){\n      data = Sensors.find({}).fetch();\n      console.log(\"This is\",data);\n    }\n\n    return{\n      sensors: Sensors.find({}).fetch()\n    }\n\n  },\n\n  _createGraph: function(){\n      this.g = new Dygraph(\n      this.refs.graphDiv.getDOMNODE(),\n      \"Date,time,Value\\n\" +\n      \"2016-02-18,11-03-19,1276.5014518141647\\n\" +\n      \"2016-02-19,11-03-20,1399.7787571636275\\n\" +\n      \"2016-02-20,11-03-21,1690.055215939916\\n\" +\n      \"2016-02-21,11-03-22,1200.331930606972\\n\" +\n      \"2016-02-22,11-03-23,1078.608350055789\\n\"\n    );\n  },\n\n  componentDidMount: function(){\n    this._createGraph();\n  },\n  componentDidUpdate: function(){\n    this._createGraph();\n  },\n\n\n  render(){\n\n    if(this.data.sensors){\n      var testVar = <div>Hei test</div>\n    }\n    return(\n      <div ref=\"graphDiv\">\n      </div>\n    )\n  }\n})\n"]},"hash":"1335a5210b14b5be4086d7ef147aae3663d548b3"}
