{"metadata":{"modules":{"imports":[],"exports":{"exported":[],"specifiers":[]}},"usedHelpers":[]},"ignored":false,"code":"ParentGraph = React.createClass({\n  displayName: \"ParentGraph\",\n\n  mixins: [ReactMeteorData],\n  getMeteorData: function () {\n\n    /*const subscription = Meteor.subscribe('sensors');\n    /*if ( subscription.ready()) {\n      return {\n        sensors: Sensors.find({}).fetch(),\n      }\n    }\n    return{\n      ready: subscription.ready(),\n      sensorsRH: Sensors.find({type:\"rh\"}).fetch(),\n      sensorsCo2: Sensors.find({type:\"co2\"}).fetch()\n    }*/\n    var data = {};\n    data.readings = [];\n    var subscriptionReadings = Meteor.subscribe('readings', this.props.sensorId);\n    if (subscriptionReadings.ready()) {\n      data.readings = Readings.find({ sensorId: this.props.sensorId }).fetch();\n    }\n  },\n\n  render: function () {\n    //TODO should map through returned types and make a graph component\n    return React.createElement(\n      \"div\",\n      null,\n      React.createElement(Graph, { sensors: this.data.readings, ready: this.data.readingsReady, color: \"246,75,218\" })\n    );\n  }\n});","ast":null,"map":{"version":3,"sources":["/client/components/dashboard/graph/ParentGraph.jsx"],"names":[],"mappings":"AAAA,WAAW,GAAG,KAAK,CAAC,WAAW,CAAC;;;AAC9B,QAAM,EAAE,CAAC,eAAe,CAAC;AACzB,eAAa,EAAA,YAAG;;;;;;;;;;;;;AAcd,QAAI,IAAI,GAAG,EAAE,CAAC;AACd,QAAI,CAAC,QAAQ,GAAG,EAAE,CAAC;AACnB,QAAM,oBAAoB,GAAG,MAAM,CAAC,SAAS,CAAC,UAAU,EAAE,IAAI,CAAC,KAAK,CAAC,QAAQ,CAAC,CAAC;AAC/E,QAAG,oBAAoB,CAAC,KAAK,EAAE,EAAE;AAC/B,UAAI,CAAC,QAAQ,GAAG,QAAQ,CAAC,IAAI,CAAC,EAAC,QAAQ,EAAC,IAAI,CAAC,KAAK,CAAC,QAAQ,EAAC,CAAC,CAAC,KAAK,EAAE,CAAC;KACvE;GAEF;;AAED,QAAM,EAAA,YAAG;;AAEL,WACE;;;MACE,oBAAC,KAAK,IAAC,OAAO,EAAE,IAAI,CAAC,IAAI,CAAC,QAAQ,AAAC,EAAC,KAAK,EAAE,IAAI,CAAC,IAAI,CAAC,aAAa,AAAC,EAAC,KAAK,EAAE,YAAY,AAAC,GAAG;KACvF,CACP;GACF;CACJ,CAAC,CAAA","file":"/client/components/dashboard/graph/ParentGraph.jsx.map","sourcesContent":["ParentGraph = React.createClass({\n  mixins: [ReactMeteorData],\n  getMeteorData() {\n\n\n    /*const subscription = Meteor.subscribe('sensors');\n    /*if ( subscription.ready()) {\n      return {\n        sensors: Sensors.find({}).fetch(),\n      }\n    }\n    return{\n      ready: subscription.ready(),\n      sensorsRH: Sensors.find({type:\"rh\"}).fetch(),\n      sensorsCo2: Sensors.find({type:\"co2\"}).fetch()\n    }*/\n    let data = {};\n    data.readings = [];\n    const subscriptionReadings = Meteor.subscribe('readings', this.props.sensorId);\n    if(subscriptionReadings.ready()) {\n      data.readings = Readings.find({sensorId:this.props.sensorId}).fetch();\n    }\n\n  },\n\n  render() {\n      //TODO should map through returned types and make a graph component\n      return (\n        <div>\n          <Graph sensors={this.data.readings} ready={this.data.readingsReady} color={\"246,75,218\"} />\n        </div>\n      )\n    }\n})\n"]},"hash":"143d565230bb7b1296c10aa33c26ab114bc559bf"}
