{"metadata":{"modules":{"imports":[],"exports":{"exported":[],"specifiers":[]}},"usedHelpers":[]},"ignored":false,"code":"Graph = React.createClass({\n  displayName: \"Graph\",\n\n  mixins: [ReactMeteorData],\n  getMeteorData: function () {\n    var dataArray = [];\n    var object = {};\n    console.log(\"This is dataArray: \" + dataArray);\n\n    var datahandle = Meteor.subscribe('data');\n    //console.log(Meteor.subscribe('data'));\n    object = sensors.find({}).fetch();\n    console.log(\"This is object: \" + object);\n\n    //console.log(\"This is datahandle: \" + datahandle.values);\n\n    if (datahandle.ready()) {\n      dataArray = sensors.find({});\n    }\n    return dataArray;\n  },\n\n  render: function () {\n\n    /*var rows = this.dataArray.map(function(data1){\n      return(\n        <div>\n          h\n        </div>\n      )\n    });*/\n\n    return React.createElement(\n      \"div\",\n      { className: \"jumbotron\" },\n      \"hei\"\n    );\n  }\n});","ast":null,"map":{"version":3,"sources":["/client/components/dashboard/graph/Graph.jsx"],"names":[],"mappings":"AAAA,KAAK,GAAG,KAAK,CAAC,WAAW,CAAC;;;AAExB,QAAM,EAAC,CAAC,eAAe,CAAC;AACxB,eAAa,EAAA,YAAE;AACb,QAAI,SAAS,GAAG,EAAE,CAAC;AACnB,QAAI,MAAM,GAAG,EAAE,CAAC;AAChB,WAAO,CAAC,GAAG,CAAC,qBAAqB,GAAG,SAAS,CAAC,CAAC;;AAE/C,QAAI,UAAU,GAAG,MAAM,CAAC,SAAS,CAAC,MAAM,CAAC,CAAC;;AAE1C,UAAM,GAAG,OAAO,CAAC,IAAI,CAAC,EAAE,CAAC,CAAC,KAAK,EAAE,CAAA;AACjC,WAAO,CAAC,GAAG,CAAC,kBAAkB,GAAG,MAAM,CAAC,CAAC;;;;AAKzC,QAAG,UAAU,CAAC,KAAK,EAAE,EAAC;AACpB,eAAS,GAAG,OAAO,CAAC,IAAI,CAAC,EAAE,CAAC,CAAC;KAC9B;AACD,WAAO,SAAS,CAAC;GAClB;;AAED,QAAM,EAAA,YAAE;;;;;;;;;;AAUN,WACE;;QAAK,SAAS,EAAC,WAAW;;KAEpB,CACP;GACF;CACF,CAAC,CAAA","file":"/client/components/dashboard/graph/Graph.jsx.map","sourcesContent":["Graph = React.createClass({\n\n  mixins:[ReactMeteorData],\n  getMeteorData(){\n    let dataArray = [];\n    let object = {};\n    console.log(\"This is dataArray: \" + dataArray);\n\n    var datahandle = Meteor.subscribe('data');\n    //console.log(Meteor.subscribe('data'));\n    object = sensors.find({}).fetch()\n    console.log(\"This is object: \" + object);\n\n\n    //console.log(\"This is datahandle: \" + datahandle.values);\n\n    if(datahandle.ready()){\n      dataArray = sensors.find({});\n    }\n    return dataArray;\n  },\n\n  render(){\n\n    /*var rows = this.dataArray.map(function(data1){\n      return(\n        <div>\n          h\n        </div>\n      )\n    });*/\n\n    return(\n      <div className=\"jumbotron\">\n        hei\n      </div>\n    )\n  }\n})\n"]},"hash":"14648759e8794c79b95e1c91c7b7d6482f224193"}
