{"metadata":{"modules":{"imports":[],"exports":{"exported":[],"specifiers":[]}},"usedHelpers":[]},"ignored":false,"code":"Hub = React.createClass({\n  displayName: 'Hub',\n\n  mixins: [ReactMeteorData],\n  getMeteorData: function () {\n    var data = {};\n    data.sensor = {}; //_id, sensorType, graph{}, uuid, hubId, thingId\n    data.thing = [];\n    data.sensor.reading = [];\n    //subscribe to Sensors1 with this.props.hubId\n    var subscriptionSensors1 = Meteor.subscribe('sensors1', this.props.hubId);\n    if (subscriptionSensors1.ready()) {\n      data.sensor = Sensors.find().fetch();\n\n      data.sensor.map(function (sensor) {\n        var subscriptionReading = Meteor.subscribe('readings', sensor._id);\n        if (subscriptionReading.ready()) {\n          data.reading = Readings.find().fetch();\n        }\n      });\n    }\n    return data;\n  },\n  render: function () {\n    return React.createElement(\n      'div',\n      null,\n      'Map gjennom hvert resultat og skriv ut en thing component this.data.map return (',\n      React.createElement(\n        'div',\n        { className: 'Row' },\n        React.createElement(Thing, { props: true })\n      ),\n      ')'\n    );\n  }\n});","ast":null,"map":{"version":3,"sources":["/client/components/dashboard/hubs/Hub.jsx"],"names":[],"mappings":"AAAA,GAAG,GAAG,KAAK,CAAC,WAAW,CAAC;;;AACtB,QAAM,EAAC,CAAC,eAAe,CAAC;AACxB,eAAa,EAAA,YAAE;AACb,QAAI,IAAI,GAAG,EAAE,CAAC;AACd,QAAI,CAAC,MAAM,GAAG,EAAE,CAAC;AACjB,QAAI,CAAC,KAAK,GAAG,EAAE,CAAC;AAChB,QAAI,CAAC,MAAM,CAAC,OAAO,GAAG,EAAE,CAAC;;AAEzB,QAAM,oBAAoB,GAAG,MAAM,CAAC,SAAS,CAAC,UAAU,EAAE,IAAI,CAAC,KAAK,CAAC,KAAK,CAAC,CAAC;AAC5E,QAAG,oBAAoB,CAAC,KAAK,EAAE,EAAE;AAC/B,UAAI,CAAC,MAAM,GAAG,OAAO,CAAC,IAAI,EAAE,CAAC,KAAK,EAAE,CAAC;;AAErC,UAAI,CAAC,MAAM,CAAC,GAAG,CAAC,UAAS,MAAM,EAAC;AAC9B,YAAI,mBAAmB,GAAG,MAAM,CAAC,SAAS,CAAC,UAAU,EAAE,MAAM,CAAC,GAAG,CAAC,CAAC;AACnE,YAAG,mBAAmB,CAAC,KAAK,EAAE,EAAE;AAC9B,cAAI,CAAC,OAAO,GAAG,QAAQ,CAAC,IAAI,EAAE,CAAC,KAAK,EAAE,CAAC;SACxC;OACF,CAAC,CAAA;KACH;AACD,WAAO,IAAI,CAAC;GACb;AACD,QAAM,EAAA,YAAE;AACN,WACE;;;;MAGI;;UAAK,SAAS,EAAC,KAAK;QAClB,oBAAC,KAAK,IAAC,KAAK,MAAA,GAAG;OACX;;KAEJ,CACP;GACF;CACF,CAAC,CAAA","file":"/client/components/dashboard/hubs/Hub.jsx.map","sourcesContent":["Hub = React.createClass({\n  mixins:[ReactMeteorData],\n  getMeteorData(){\n    let data = {};\n    data.sensor = {}; //_id, sensorType, graph{}, uuid, hubId, thingId\n    data.thing = [];\n    data.sensor.reading = [];\n    //subscribe to Sensors1 with this.props.hubId\n    const subscriptionSensors1 = Meteor.subscribe('sensors1', this.props.hubId);\n    if(subscriptionSensors1.ready()) {\n      data.sensor = Sensors.find().fetch();\n\n      data.sensor.map(function(sensor){\n        let subscriptionReading = Meteor.subscribe('readings', sensor._id);\n        if(subscriptionReading.ready()) {\n          data.reading = Readings.find().fetch();\n        }\n      })\n    }\n    return data;\n  },\n  render(){\n    return(\n      <div>\n        Map gjennom hvert resultat og skriv ut en thing component\n        this.data.map return (\n          <div className=\"Row\">\n            <Thing props />\n          </div>\n        )\n      </div>\n    )\n  }\n})\n"]},"hash":"149cb6159acc1370c4e59239720926e0a9e63de3"}
