{"metadata":{"modules":{"imports":[],"exports":{"exported":[],"specifiers":[]}},"usedHelpers":[]},"ignored":false,"code":"Graph = React.createClass({\n  displayName: \"Graph\",\n\n  mixins: [ReactMeteorData],\n  getMeteorData: function () {\n\n    var data = {};\n\n    SensorsCollection = new Mongo.Collection('sensors');\n    Meteor.subscribe(\"sensors\");\n    data = SensorsCollection.find();\n    //return data;\n    console.log(SensorsCollection.find());\n  },\n\n  render: function () {\n\n    /*var rows = this.dataArray.map(function(data1){\n      return(\n        <div>\n          h\n        </div>\n      )\n    });*/\n\n    return React.createElement(\n      \"div\",\n      { className: \"jumbotron\" },\n      \"hei\"\n    );\n  }\n});","ast":null,"map":{"version":3,"sources":["/client/components/dashboard/graph/Graph.jsx"],"names":[],"mappings":"AAAA,KAAK,GAAG,KAAK,CAAC,WAAW,CAAC;;;AAExB,QAAM,EAAC,CAAC,eAAe,CAAC;AACxB,eAAa,EAAA,YAAE;;AAEb,QAAI,IAAI,GAAG,EAAE,CAAC;;AAEd,qBAAiB,GAAG,IAAI,KAAK,CAAC,UAAU,CAAC,SAAS,CAAC,CAAC;AACpD,UAAM,CAAC,SAAS,CAAC,SAAS,CAAC,CAAC;AAC5B,QAAI,GAAG,iBAAiB,CAAC,IAAI,EAAE,CAAC;;AAEhC,WAAO,CAAC,GAAG,CAAC,iBAAiB,CAAC,IAAI,EAAE,CAAC,CAAC;GACvC;;AAED,QAAM,EAAA,YAAE;;;;;;;;;;AAUN,WACE;;QAAK,SAAS,EAAC,WAAW;;KAEpB,CACP;GACF;CACF,CAAC,CAAA","file":"/client/components/dashboard/graph/Graph.jsx.map","sourcesContent":["Graph = React.createClass({\n\n  mixins:[ReactMeteorData],\n  getMeteorData(){\n\n    let data = {};\n\n    SensorsCollection = new Mongo.Collection('sensors');\n    Meteor.subscribe(\"sensors\");\n    data = SensorsCollection.find();\n    //return data;\n    console.log(SensorsCollection.find());\n  },\n\n  render(){\n\n    /*var rows = this.dataArray.map(function(data1){\n      return(\n        <div>\n          h\n        </div>\n      )\n    });*/\n\n    return(\n      <div className=\"jumbotron\">\n        hei\n      </div>\n    )\n  }\n})\n"]},"hash":"14c6049afbf5035ebe5cea4d3dcd610e17d6e80c"}
