{"metadata":{"modules":{"imports":[],"exports":{"exported":[],"specifiers":[]}},"usedHelpers":[]},"ignored":false,"code":"Hub = React.createClass({\n  displayName: \"Hub\",\n\n  mixins: [ReactMeteorData],\n  getMeteorData: function () {\n    var data = {};\n    data.sensors = [];\n    var subscriptionSensors = Meteor.subscribe('sensors1', this.props.hubId);\n    if (subscriptionSensors.ready()) {\n      data.sensors = Sensors1.find({ hubId: this.props.hubId }).fetch();\n    }\n    return data;\n  },\n\n  render: function () {\n    var rows = this.data.sensors.map(function (sensor) {\n      return React.createElement(\n        \"div\",\n        { className: \"col-md-6 col-sm-12\" },\n        React.createElement(ParentGraph, { key: sensor._id, sensorId: sensor._id, thingId: sensor.thingId })\n      );\n    });\n\n    return React.createElement(\n      \"div\",\n      null,\n      \" \",\n      rows,\n      \" \"\n    );\n  }\n});","ast":null,"map":{"version":3,"sources":["/client/components/dashboard/hubs/Hub.jsx"],"names":[],"mappings":"AAAA,GAAG,GAAG,KAAK,CAAC,WAAW,CAAC;;;AACtB,QAAM,EAAC,CAAC,eAAe,CAAC;AACxB,eAAa,EAAA,YAAE;AACb,QAAI,IAAI,GAAG,EAAE,CAAC;AACd,QAAI,CAAC,OAAO,GAAG,EAAE,CAAC;AAClB,QAAM,mBAAmB,GAAG,MAAM,CAAC,SAAS,CAAC,UAAU,EAAE,IAAI,CAAC,KAAK,CAAC,KAAK,CAAC,CAAC;AAC3E,QAAG,mBAAmB,CAAC,KAAK,EAAE,EAAE;AAC9B,UAAI,CAAC,OAAO,GAAG,QAAQ,CAAC,IAAI,CAAC,EAAC,KAAK,EAAC,IAAI,CAAC,KAAK,CAAC,KAAK,EAAC,CAAC,CAAC,KAAK,EAAE,CAAC;KAChE;AACD,WAAO,IAAI,CAAC;GACb;;AAED,QAAM,EAAA,YAAE;AACN,QAAI,IAAI,GAAG,IAAI,CAAC,IAAI,CAAC,OAAO,CAAC,GAAG,CAAC,UAAS,MAAM,EAAE;AAChD,aACE;;UAAK,SAAS,EAAC,oBAAoB;QAC/B,oBAAC,WAAW,IAAC,GAAG,EAAE,MAAM,CAAC,GAAG,AAAC,EAAC,QAAQ,EAAE,MAAM,CAAC,GAAG,AAAC,EAAC,OAAO,EAAE,MAAM,CAAC,OAAO,AAAC,GAAG;OAC7E,CAEP;KACF,CAAC,CAAA;;AAEF,WACE;;;;MAAO,IAAI;;KAAQ,CACpB;GACF;CACF,CAAC,CAAA","file":"/client/components/dashboard/hubs/Hub.jsx.map","sourcesContent":["Hub = React.createClass({\n  mixins:[ReactMeteorData],\n  getMeteorData(){\n    let data = {};\n    data.sensors = [];\n    const subscriptionSensors = Meteor.subscribe('sensors1', this.props.hubId);\n    if(subscriptionSensors.ready()) {\n      data.sensors = Sensors1.find({hubId:this.props.hubId}).fetch();\n    }\n    return data;\n  },\n\n  render(){\n    var rows = this.data.sensors.map(function(sensor) {\n      return (\n        <div className=\"col-md-6 col-sm-12\">\n            <ParentGraph key={sensor._id} sensorId={sensor._id} thingId={sensor.thingId} />\n        </div>\n\n      )\n    })\n\n    return(\n      <div> {rows} </div>\n    )\n  }\n})\n"]},"hash":"14c8ab86d0dfe544829dfd035ddc26736ce45c34"}
