{"metadata":{"modules":{"imports":[],"exports":{"exported":[],"specifiers":[]}},"usedHelpers":[]},"ignored":false,"code":"privateRoutes = FlowRouter.group({\n  name: \"privateroutes\"\n});\n\npublicRoutes = FlowRouter.group({\n  name: \"publicroutes\"\n});\n\npublicRoutes.route(\"/\", {\n  name: \"Home\",\n  action: function () {\n    ReactLayout.render(Home, { content: React.createElement(Home, null) });\n  }\n});\n\npublicRoutes.route(\"/logout\", {\n  name: \"logout\",\n  action: function () {\n    Meteor.logout(function () {\n      FlowRouter.redirect(\"/\");\n    });\n  }\n});\n\nprivateRoutes.route(\"/site\", {\n  name: \"Site\",\n  action: function () {\n    ReactLayout.render(Site, {});\n  }\n});\n\nprivateRoutes.route(\"/dashboard\", {\n  name: \"Dashboard\",\n  action: function () {\n    ReactLayout.render(Dashboard, {});\n  }\n});","ast":null,"map":{"version":3,"sources":["/lib/routing/routes.jsx"],"names":[],"mappings":"AAAA,aAAa,GAAG,UAAU,CAAC,KAAK,CAAC;AAC/B,MAAI,EAAC,eAAe;CACrB,CAAC,CAAC;;AAEH,YAAY,GAAG,UAAU,CAAC,KAAK,CAAC;AAC9B,MAAI,EAAC,cAAc;CACpB,CAAC,CAAC;;AAEH,YAAY,CAAC,KAAK,CAAC,GAAG,EAAE;AACtB,MAAI,EAAE,MAAM;AACZ,QAAM,EAAA,YAAG;AACP,eAAW,CAAC,MAAM,CAAC,IAAI,EAAE,EAAE,OAAO,EAAE,oBAAC,IAAI,OAAG,EAAE,CAAC,CAAC;GACjD;CACF,CAAC,CAAC;;AAEH,YAAY,CAAC,KAAK,CAAC,SAAS,EAAE;AAC5B,MAAI,EAAE,QAAQ;AACd,QAAM,EAAA,YAAG;AACP,UAAM,CAAC,MAAM,CAAC,YAAM;AAClB,gBAAU,CAAC,QAAQ,CAAC,GAAG,CAAC,CAAC;KAC1B,CAAC,CAAC;GACJ;CACF,CAAC,CAAC;;AAEH,aAAa,CAAC,KAAK,CAAC,OAAO,EAAC;AAC1B,MAAI,EAAE,MAAM;AACZ,QAAM,EAAE,YAAU;AAChB,eAAW,CAAC,MAAM,CAAC,IAAI,EAAC,EAAE,CAAC,CAAC;GAC7B;CACF,CAAC,CAAC;;AAEH,aAAa,CAAC,KAAK,CAAC,YAAY,EAAC;AAC/B,MAAI,EAAC,WAAW;AAChB,QAAM,EAAC,YAAU;AACf,eAAW,CAAC,MAAM,CAAC,SAAS,EAAC,EAAE,CAAC,CAAA;GACjC;CACF,CACA,CAAC","file":"/lib/routing/routes.jsx.map","sourcesContent":["privateRoutes = FlowRouter.group({\n  name:\"privateroutes\"\n});\n\npublicRoutes = FlowRouter.group({\n  name:\"publicroutes\"\n});\n\npublicRoutes.route(\"/\", {\n  name: \"Home\",\n  action() {\n    ReactLayout.render(Home, { content: <Home /> });\n  }\n});\n\npublicRoutes.route(\"/logout\", {\n  name: \"logout\",\n  action() {\n    Meteor.logout(() => {\n      FlowRouter.redirect(\"/\");\n    });\n  }\n});\n\nprivateRoutes.route(\"/site\",{\n  name: \"Site\",\n  action: function(){\n    ReactLayout.render(Site,{});\n  }\n});\n\nprivateRoutes.route(\"/dashboard\",{\n  name:\"Dashboard\",\n  action:function(){\n    ReactLayout.render(Dashboard,{})\n  }\n}\n);\n"]},"hash":"17b0016f2e4df5cf1c9691f5d266e5c8a7aa3aab"}
