{"metadata":{"modules":{"imports":[],"exports":{"exported":[],"specifiers":[]}},"usedHelpers":[]},"ignored":false,"code":"Graph = React.createClass({\n  displayName: 'Graph',\n\n  mixins: [ReactMeteorData],\n  getMeteorData: function () {\n\n    //let data = {};\n\n    SensorsCollection = new Mongo.Collection('sensors');\n    //console.log(SensorsCollection);\n\n    var data;\n    Meteor.subscribe('sensors');\n    data = SensorsCollection.find({});\n    //return data;\n    //console.log(SensorsCollection.find());\n\n    //  data.array = [];\n  },\n\n  render: function () {\n\n    if (this.data) {\n      var testVar = React.createElement(\n        'div',\n        null,\n        'Hei test'\n      );\n    }\n\n    return React.createElement(\n      'div',\n      { className: 'jumbotron' },\n      '//',\n      testVar\n    );\n  }\n});","ast":null,"map":{"version":3,"sources":["/client/components/dashboard/graph/Graph.jsx"],"names":[],"mappings":"AAAA,KAAK,GAAG,KAAK,CAAC,WAAW,CAAC;;;AAExB,QAAM,EAAC,CAAC,eAAe,CAAC;AACxB,eAAa,EAAA,YAAE;;;;AAIb,qBAAiB,GAAG,IAAI,KAAK,CAAC,UAAU,CAAC,SAAS,CAAC,CAAC;;;AAGpD,QAAI,IAAI,CAAC;AACT,UAAM,CAAC,SAAS,CAAC,SAAS,CAAC,CAAC;AAC5B,QAAI,GAAG,iBAAiB,CAAC,IAAI,CAAC,EAAE,CAAC,CAAC;;;;;GAMnC;;AAED,QAAM,EAAA,YAAE;;AAEN,QAAG,IAAI,CAAC,IAAI,EAAC;AACX,UAAI,OAAO,GAAG;;;;OAAmB,CAAA;KAClC;;AAED,WACE;;QAAK,SAAS,EAAC,WAAW;;MACrB,OAAO;KACN,CACP;GACF;CACF,CAAC,CAAA","file":"/client/components/dashboard/graph/Graph.jsx.map","sourcesContent":["Graph = React.createClass({\n\n  mixins:[ReactMeteorData],\n  getMeteorData(){\n\n    //let data = {};\n\n    SensorsCollection = new Mongo.Collection('sensors');\n    //console.log(SensorsCollection);\n\n    var data;\n    Meteor.subscribe('sensors');\n    data = SensorsCollection.find({});\n    //return data;\n    //console.log(SensorsCollection.find());\n\n  //  data.array = [];\n\n  },\n\n  render(){\n\n    if(this.data){\n      var testVar = <div>Hei test</div>\n    }\n\n    return(\n      <div className=\"jumbotron\">\n        //{testVar}\n      </div>\n    )\n  }\n})\n"]},"hash":"17c4448a4c5a371e128df1f4c4944a45f5bacef2"}
