{"metadata":{"modules":{"imports":[],"exports":{"exported":[],"specifiers":[]}},"usedHelpers":[]},"ignored":false,"code":"LocationPage = React.createClass({\n  displayName: \"LocationPage\",\n\n  links: [{ _id: 1, href: \"/dashboardPage\", text: \"Oslo\" }, { _id: 2, href: \"/dashboardPage\", text: \"Trondheim\" }, { _id: 3, href: \"/dashboardPage\", text: \"Bergen\" }],\n\n  render: function () {\n\n    var rows = this.links.map(function (linkLocation) {\n      React.createElement(\n        \"li\",\n        null,\n        React.createElement(\n          \"a\",\n          { href: linkLocation.href },\n          \" \",\n          linkLocation.text,\n          \" \"\n        )\n      );\n    });\n\n    return React.createElement(\n      \"div\",\n      { className: \"jumbotron text-center\" },\n      React.createElement(\n        \"div\",\n        { className: \"row\" },\n        rows\n      )\n    );\n  }\n});","ast":null,"map":{"version":3,"sources":["/client/components/locationPage/LocationPage.jsx"],"names":[],"mappings":"AAAA,YAAY,GAAG,KAAK,CAAC,WAAW,CAAC;;;AAEjC,OAAK,EAAC,CACJ,EAAC,GAAG,EAAC,CAAC,EAAE,IAAI,EAAC,gBAAgB,EAAC,IAAI,EAAC,MAAM,EAAC,EAC1C,EAAC,GAAG,EAAC,CAAC,EAAE,IAAI,EAAC,gBAAgB,EAAC,IAAI,EAAC,WAAW,EAAC,EAC/C,EAAC,GAAG,EAAC,CAAC,EAAE,IAAI,EAAC,gBAAgB,EAAC,IAAI,EAAC,QAAQ,EAAC,CAC7C;;AAEC,QAAM,EAAA,YAAE;;AAEN,QAAI,IAAI,GAAG,IAAI,CAAC,KAAK,CAAC,GAAG,CAAC,UAAS,YAAY,EAAC;AAC9C;;;QACE;;YAAG,IAAI,EAAE,YAAY,CAAC,IAAI,AAAC;;UAAG,YAAY,CAAC,IAAI;;SAAM;OAClD,CAAA;KACN,CAAC,CAAA;;AAEF,WACE;;QAAK,SAAS,EAAC,uBAAuB;MAClC;;UAAK,SAAS,EAAC,KAAK;QACjB,IAAI;OACD;KACJ,CACP;GACF;CACF,CAAC,CAAA","file":"/client/components/locationPage/LocationPage.jsx.map","sourcesContent":["LocationPage = React.createClass({\n\nlinks:[\n  {_id:1, href:\"/dashboardPage\",text:\"Oslo\"},\n  {_id:2, href:\"/dashboardPage\",text:\"Trondheim\"},\n  {_id:3, href:\"/dashboardPage\",text:\"Bergen\"},\n],\n\n  render(){\n\n    let rows = this.links.map(function(linkLocation){\n      <li>\n        <a href={linkLocation.href}> {linkLocation.text} </a>\n      </li>\n    })\n\n    return(\n      <div className=\"jumbotron text-center\">\n          <div className=\"row\">\n            {rows}\n          </div>\n      </div>\n    )\n  }\n})\n"]},"hash":"1813a8b196f5a786898791b77234df154b64a0f8"}
