{"metadata":{"modules":{"imports":[],"exports":{"exported":[],"specifiers":[]}},"usedHelpers":[]},"ignored":false,"code":"Metadata = React.createClass({\n  displayName: \"Metadata\",\n\n  render: function () {\n    return React.createElement(\n      \"div\",\n      { className: \"metadataColumn\" },\n      React.createElement(\n        \"div\",\n        { className: \"row\" },\n        \"Name\"\n      ),\n      React.createElement(\n        \"div\",\n        { className: \"row\" },\n        \"Location\"\n      ),\n      React.createElement(\n        \"div\",\n        { className: \"row\" },\n        \"Id\"\n      )\n    );\n  }\n});","ast":null,"map":{"version":3,"sources":["/client/components/dashboard/Metadata.jsx"],"names":[],"mappings":"AAAA,QAAQ,GAAG,KAAK,CAAC,WAAW,CAAC;;;AAC3B,QAAM,EAAA,YAAE;AACN,WACE;;QAAK,SAAS,EAAC,gBAAgB;MAC7B;;UAAK,SAAS,EAAC,KAAK;;OAEd;MACN;;UAAK,SAAS,EAAC,KAAK;;OAEd;MACN;;UAAK,SAAS,EAAC,KAAK;;OAEd;KACF,CACP;GACF;CACF,CAAC,CAAA","file":"/client/components/dashboard/Metadata.jsx.map","sourcesContent":["Metadata = React.createClass({\n  render(){\n    return(\n      <div className=\"metadataColumn\">\n        <div className=\"row\">\n          Name\n        </div>\n        <div className=\"row\">\n          Location\n        </div>\n        <div className=\"row\">\n          Id\n        </div>\n      </div>\n    )\n  }\n})\n"]},"hash":"186122d421b2a4d6bec65d0a3e0ba4264de5cc46"}
