{"metadata":{"modules":{"imports":[],"exports":{"exported":[],"specifiers":[]}},"usedHelpers":[]},"ignored":false,"code":"Graph = React.createClass({\n  displayName: \"Graph\",\n\n  componentDidMount: function () {\n    console.log(\"data in graph: \" + this.props.data);\n  },\n\n  shouldComponentUpdate: function () {\n    return false;\n  },\n\n  /*_create: function(){\n    console.log(\"This is in graph: \", this.props.data  );\n  },*/\n\n  /*  var allValues = \"\";\n    //console.log(allValues);\n  \n  \n    for(var key in allValues){\n      if(key === \"values\")\n      for(var i in allValues[key]){ // i = hours\n        var hour = i;\n          for(var j in allValues[key][i]){ // j = minutes\n            var minute = j;\n            for(var k in allValues[key][i][j]){ // k = seconds\n              var second = k;\n              var value = allValues[key][i][j][k];\n              graphString += day + \" \" + hour + \":\" + minute + \":\" + second + \",\" + value + \"\\n\";\n            }\n          }\n      }\n    }\n        this.g2 = new Dygraph(\n        document.getElementById('graf1'),\n        \"Date,Value\\n\" + graphString,\n        {\n          ylabel: 'Value (' + allValues.type + \")\",\n          title: allValues.type,\n          strokeWidth: 2,\n          //gridLineColor: 'rgb(204,0,255)',\n          color: 'rgb(204,0,255)',\n          fillGraph: true,\n          axisLineColor: 'rgb(204,0,255)',\n          showRangeSelector: true,\n          rangeSelectorHeight: 30,\n          rangeSelectorPlotFillColor: 'rgb(204,0,255)',\n          rangeSelectorPlotStrokeColor: 'rgb(204,0,255)',\n  \n          //fillGraph:true,\n          //showRangeSelector:true\n          //connectSeparatedPoints:true,\n        }\n      );\n    },\n  \n    /*componentDidMount: function(){\n      this._createGraph2();\n    },\n    componentDidUpdate: function(){\n      this._createGraph2();\n    },*/\n\n  render: function () {\n    /*if(this.data.sensors){\n      var testVar = <div>Hei test</div>\n    }*/\n\n    return(\n      //<div id=\"graf1\" className=\"testgraf\" ref=\"graphDiv2\"></div>\n      React.createElement(\n        \"div\",\n        null,\n        \"This is in graph: My name is \",\n        this.props.data\n      )\n    );\n  }\n\n});","ast":null,"map":{"version":3,"sources":["/client/components/dashboard/graph/Graph.jsx"],"names":[],"mappings":"AAAA,KAAK,GAAG,KAAK,CAAC,WAAW,CAAC;;;AAExB,mBAAiB,EAAE,YAAU;AAC3B,WAAO,CAAC,GAAG,CAAC,iBAAiB,GAAG,IAAI,CAAC,KAAK,CAAC,IAAI,CAAC,CAAC;GAElD;;AAED,uBAAqB,EAAA,YAAE;AACrB,WAAO,KAAK,CAAC;GACd;;;;;;;;;;;;;;;;;;;;;;;;;;;;;;;;;;;;;;;;;;;;;;;;;;;;;;AA6DD,QAAM,EAAA,YAAE;;;;;AAKN;;AAEE;;;;QAAmC,IAAI,CAAC,KAAK,CAAC,IAAI;OAAO;MAC1D;GACF;;CAEF,CAAC,CAAA","file":"/client/components/dashboard/graph/Graph.jsx.map","sourcesContent":["Graph = React.createClass({\n\n  componentDidMount: function(){\n    console.log(\"data in graph: \" + this.props.data);\n\n  },\n\n  shouldComponentUpdate(){\n    return false;\n  },\n\n\n  /*_create: function(){\n    console.log(\"This is in graph: \", this.props.data  );\n  },*/\n\n\n\n\n\n/*  var allValues = \"\";\n  //console.log(allValues);\n\n\n  for(var key in allValues){\n    if(key === \"values\")\n    for(var i in allValues[key]){ // i = hours\n      var hour = i;\n        for(var j in allValues[key][i]){ // j = minutes\n          var minute = j;\n          for(var k in allValues[key][i][j]){ // k = seconds\n            var second = k;\n            var value = allValues[key][i][j][k];\n            graphString += day + \" \" + hour + \":\" + minute + \":\" + second + \",\" + value + \"\\n\";\n          }\n        }\n    }\n  }\n      this.g2 = new Dygraph(\n      document.getElementById('graf1'),\n      \"Date,Value\\n\" + graphString,\n      {\n        ylabel: 'Value (' + allValues.type + \")\",\n        title: allValues.type,\n        strokeWidth: 2,\n        //gridLineColor: 'rgb(204,0,255)',\n        color: 'rgb(204,0,255)',\n        fillGraph: true,\n        axisLineColor: 'rgb(204,0,255)',\n        showRangeSelector: true,\n        rangeSelectorHeight: 30,\n        rangeSelectorPlotFillColor: 'rgb(204,0,255)',\n        rangeSelectorPlotStrokeColor: 'rgb(204,0,255)',\n\n        //fillGraph:true,\n        //showRangeSelector:true\n        //connectSeparatedPoints:true,\n      }\n    );\n  },\n\n  /*componentDidMount: function(){\n    this._createGraph2();\n  },\n  componentDidUpdate: function(){\n    this._createGraph2();\n  },*/\n\n\n\n  render(){\n    /*if(this.data.sensors){\n      var testVar = <div>Hei test</div>\n    }*/\n\n    return(\n      //<div id=\"graf1\" className=\"testgraf\" ref=\"graphDiv2\"></div>\n      <div>This is in graph: My name is {this.props.data}</div>\n    )\n  }\n\n})\n"]},"hash":"189f5a2d47828ed611faf157afbe91e0f0451461"}
