{"metadata":{"modules":{"imports":[],"exports":{"exported":[],"specifiers":[]}},"usedHelpers":[]},"ignored":false,"code":"Login = React.createClass({\n  displayName: \"Login\",\n\n  render: function () {\n\n    return React.createElement(\n      \"div\",\n      { className: \"jumbotron text-center\" },\n      React.createElement(\n        \"div\",\n        { className: \"row\" },\n        React.createElement(\n          \"h2\",\n          null,\n          \"Welcome to BiogridCortex\"\n        )\n      ),\n      React.createElement(\n        \"div\",\n        { className: \"row\" },\n        React.createElement(\n          \"div\",\n          null,\n          React.createElement(\n            \"a\",\n            { href: \"/locationPage\" },\n            \"Log in\"\n          )\n        )\n      )\n    );\n  }\n});","ast":null,"map":{"version":3,"sources":["/client/components/loginPage/Login.jsx"],"names":[],"mappings":"AAAA,KAAK,GAAG,KAAK,CAAC,WAAW,CAAC;;;AAExB,QAAM,EAAA,YAAE;;AAEN,WACE;;QAAK,SAAS,EAAC,uBAAuB;MACpC;;UAAK,SAAS,EAAC,KAAK;QAClB;;;;SAAiC;OAC7B;MACN;;UAAK,SAAS,EAAC,KAAK;QAClB;;;UACE;;cAAG,IAAI,EAAC,eAAe;;WAAW;SAC9B;OACF;KACF,CACP;GACF;CACF,CAAC,CAAA","file":"/client/components/loginPage/Login.jsx.map","sourcesContent":["Login = React.createClass({\n\n  render(){\n\n    return(\n      <div className=\"jumbotron text-center\">\n        <div className=\"row\">\n          <h2>Welcome to BiogridCortex</h2>\n        </div>\n        <div className=\"row\">\n          <div>\n            <a href=\"/locationPage\">Log in</a>\n          </div>\n        </div>\n      </div>\n    )\n  }\n})\n"]},"hash":"1a48bd6cd313c0b5ee6849024cc4fbb93100f11e"}
