{"metadata":{"modules":{"imports":[],"exports":{"exported":[],"specifiers":[]}},"usedHelpers":[]},"ignored":false,"code":"Graph = React.createClass({\n  displayName: \"Graph\",\n\n  /* FIXME How not to render when theres new data in getMeteorData in FrameGraphCo2\n  When return true the graph is displayed\n  */\n  shouldComponentUpdate: function (nextProps, nextState) {\n    return true;\n  },\n\n  //check if object is empty\n  isEmpty: function (obj) {\n    var hasOwnProperty = Object.prototype.hasOwnProperty;\n\n    if (obj == null) return true;\n    if (obj.length > 0) return false;\n    if (obj.length === 0) return true;\n    for (var key in babelHelpers.sanitizeForInObject(obj)) {\n      if (hasOwnProperty.call(obj, key)) return false;\n    }\n    return true;\n  },\n\n  //check if object has more days than one\n  isObjectMoreThanOneDay: function (obj) {\n    return obj.length > 1;\n  },\n\n  writeGraphStringSeveralDays: function (allValues) {\n    //console.log(\"severalDays\", allValues);\n    var graphString = \"\";\n    var sensorType = undefined;\n    //TODO type = ?\n    for (var day = 0; day < allValues.length; day++) {\n      var dayDate = allValues[day].day;\n      for (var key in babelHelpers.sanitizeForInObject(allValues[day])) {\n        if (key === \"values\") {\n          for (var hour in babelHelpers.sanitizeForInObject(allValues[day][key])) {\n            for (var minute in babelHelpers.sanitizeForInObject(allValues[day][key][hour])) {\n              for (var second in babelHelpers.sanitizeForInObject(allValues[day][key][hour][minute])) {\n                var value = allValues[day][key][hour][minute][second];\n                graphString += dayDate + \" \" + hour + \":\" + minute + \":\" + second + \",\" + value + \"\\n\";\n                break; //only 1 post pr minute, not every second\n              }\n            }\n          }\n        }\n      }\n    }\n    return graphString;\n  },\n\n  writeGraphStringOneDay: function (allValues) {\n    allValues = allValues[0];\n    var graphString = \"\";\n    var sensorType = undefined;\n    //TODO type = ?\n    var dayDate = allValues.day;\n\n    for (var key in babelHelpers.sanitizeForInObject(allValues)) {\n      if (key === \"values\") {\n        for (var hour in babelHelpers.sanitizeForInObject(allValues[key])) {\n          for (var minute in babelHelpers.sanitizeForInObject(allValues[key][hour])) {\n            for (var second in babelHelpers.sanitizeForInObject(allValues[key][hour][minute])) {\n              var value = allValues[key][hour][minute][second];\n              graphString += dayDate + \" \" + hour + \":\" + minute + \":\" + second + \",\" + value + \"\\n\";\n              //break; //only 1 post pr minute, not every second\n            }\n          }\n        }\n      }\n    }\n    return graphString;\n  },\n\n  createGraph: function () {\n    var sensorData = this.props.sensors; //TODO this.props.readings\n    //console.log(\"createGraph\", sensorData);\n    var graphString = undefined;\n    if (this.isEmpty(sensorData)) {\n      graphString = \",\\n0,0\";\n      this.g = new Dygraph(this.graf, graphString, {\n        title: 'No data available',\n        pointSize: 0,\n        highlightCircleSize: 0,\n        showLabelsOnHighlight: false\n      });\n    } else {\n      graphString = this.isObjectMoreThanOneDay(sensorData) ? this.writeGraphStringSeveralDays(sensorData) : this.writeGraphStringOneDay(sensorData);\n      this.g2 = new Dygraph(\n      /*document.getElementById('graf')*/\n      this.graf, \"Date,Value\\n\" + graphString, {\n        ylabel: this.props.graphType, // TODO fix this to get the sensors.graph.graphType\n        axisLabelColor: '#fff',\n        //xlabel: allValues.sensor_id,\n        title: sensorData.type, //TODO fix this to get the sensors.sensorType\n        strokeWidth: 2,\n        //gridLineColor: 'rgb(204,0,255)',\n        color: 'rgb(' + this.props.color + ')', //TODO get colors based on graphType\n        fillGraph: true,\n        axisLineColor: 'rgb(' + this.props.color + ')', //TODO get colors based on graphType\n        showRangeSelector: true,\n        rangeSelectorHeight: 30,\n        //retainDateWindow is new. Should keep zoom level when new data\n        retainDateWindow: true,\n        rangeSelectorPlotFillColor: 'rgb(' + this.props.color + ')', //TODO get colors based on graphType\n        rangeSelectorPlotStrokeColor: 'rgb(' + this.props.color + ')' });\n    }\n  },\n\n  //TODO get colors based on graphType\n  componentDidMount: function () {\n    //this.createGraph();\n    //console.log(\"didMount\");\n  },\n\n  componentDidUpdate: function () {\n    if (this.props.sensors) this.createGraph(); //waits until all data is ready to draw the graph\n    //console.log(\"didUpdate\");\n  },\n\n  render: function () {\n    var _this = this;\n\n    return(\n      //FIXME have to use a ready-function to show spinners while data is loading\n      React.createElement(\n        \"div\",\n        { className: \"panel panel-default\" },\n        React.createElement(\n          \"div\",\n          { className: \"panel-heading\" },\n          React.createElement(\n            \"h3\",\n            { className: \"panel-title text-center\" },\n            this.props.thingDescription\n          )\n        ),\n        React.createElement(\n          \"div\",\n          { className: \"panel-body\" },\n          this.props.sensors ? React.createElement(\"div\", { id: \"graf\", className: \"graph\", ref: function (ref) {\n              return _this.graf = ref;\n            } }) : React.createElement(\n            \"div\",\n            { className: \"text-center\" },\n            React.createElement(\"i\", { className: \"fa fa-spinner fa-pulse fa-5x\" })\n          )\n        )\n      )\n    );\n  }\n});","ast":null,"map":{"version":3,"sources":["/client/components/graph/Graph.jsx"],"names":[],"mappings":"AAAA,KAAK,GAAG,KAAK,CAAC,WAAW,CAAC;;;;;;AAKxB,uBAAqB,EAAC,UAAS,SAAS,EAAE,SAAS,EAAE;AACnD,WAAO,IAAI,CAAC;GACb;;;AAGD,SAAO,EAAC,UAAS,GAAG,EAAE;AACpB,QAAI,cAAc,GAAG,MAAM,CAAC,SAAS,CAAC,cAAc,CAAC;;AAErD,QAAI,GAAG,IAAI,IAAI,EAAE,OAAO,IAAI,CAAC;AAC7B,QAAI,GAAG,CAAC,MAAM,GAAG,CAAC,EAAE,OAAO,KAAK,CAAC;AACjC,QAAI,GAAG,CAAC,MAAM,KAAK,CAAC,EAAE,OAAO,IAAI,CAAC;AAClC,SAAI,IAAI,GAAG,qCAAI,GAAG,GAAE;AAClB,UAAI,cAAc,CAAC,IAAI,CAAC,GAAG,EAAE,GAAG,CAAC,EAAE,OAAO,KAAK,CAAC;KACjD;AACD,WAAO,IAAI,CAAC;GACb;;;AAGD,wBAAsB,EAAC,UAAS,GAAG,EAAE;AACjC,WAAO,GAAG,CAAC,MAAM,GAAG,CAAC,CAAA;GACxB;;AAED,6BAA2B,EAAC,UAAS,SAAS,EAAC;;AAE7C,QAAI,WAAW,GAAG,EAAE,CAAC;AACrB,QAAI,UAAU,YAAA,CAAC;;AAEf,SAAK,IAAI,GAAG,GAAG,CAAC,EAAE,GAAG,GAAG,SAAS,CAAC,MAAM,EAAE,GAAG,EAAE,EAAE;AAC/C,UAAI,OAAO,GAAG,SAAS,CAAC,GAAG,CAAC,CAAC,GAAG,CAAC;AACjC,WAAK,IAAI,GAAG,qCAAI,SAAS,CAAC,GAAG,CAAC,GAAE;AAC9B,YAAI,GAAG,KAAK,QAAQ,EAAE;AACpB,eAAK,IAAI,IAAI,qCAAI,SAAS,CAAC,GAAG,CAAC,CAAC,GAAG,CAAC,GAAE;AACpC,iBAAK,IAAI,MAAM,qCAAI,SAAS,CAAC,GAAG,CAAC,CAAC,GAAG,CAAC,CAAC,IAAI,CAAC,GAAE;AAC5C,mBAAK,IAAI,MAAM,qCAAI,SAAS,CAAC,GAAG,CAAC,CAAC,GAAG,CAAC,CAAC,IAAI,CAAC,CAAC,MAAM,CAAC,GAAE;AACpD,oBAAI,KAAK,GAAG,SAAS,CAAC,GAAG,CAAC,CAAC,GAAG,CAAC,CAAC,IAAI,CAAC,CAAC,MAAM,CAAC,CAAC,MAAM,CAAC,CAAC;AACtD,2BAAW,IAAI,OAAO,GAAG,GAAG,GAAG,IAAI,GAAG,GAAG,GAAG,MAAM,GAAG,GAAG,GAAG,MAAM,GAAG,GAAG,GAAG,KAAK,GAAG,IAAI,CAAC;AACvF,sBAAM;eACP;aACF;WACF;SACF;OACF;KACF;AACD,WAAO,WAAW,CAAC;GACpB;;AAED,wBAAsB,EAAC,UAAS,SAAS,EAAC;AACxC,aAAS,GAAG,SAAS,CAAC,CAAC,CAAC,CAAC;AACzB,QAAI,WAAW,GAAG,EAAE,CAAC;AACrB,QAAI,UAAU,YAAA,CAAC;;AAEf,QAAI,OAAO,GAAG,SAAS,CAAC,GAAG,CAAC;;AAE5B,SAAK,IAAI,GAAG,qCAAI,SAAS,GAAE;AACzB,UAAI,GAAG,KAAK,QAAQ,EAAE;AACpB,aAAK,IAAI,IAAI,qCAAI,SAAS,CAAC,GAAG,CAAC,GAAE;AAC/B,eAAK,IAAI,MAAM,qCAAI,SAAS,CAAC,GAAG,CAAC,CAAC,IAAI,CAAC,GAAE;AACvC,iBAAK,IAAI,MAAM,qCAAI,SAAS,CAAC,GAAG,CAAC,CAAC,IAAI,CAAC,CAAC,MAAM,CAAC,GAAE;AAC/C,kBAAI,KAAK,GAAG,SAAS,CAAC,GAAG,CAAC,CAAC,IAAI,CAAC,CAAC,MAAM,CAAC,CAAC,MAAM,CAAC,CAAC;AACjD,yBAAW,IAAI,OAAO,GAAG,GAAG,GAAG,IAAI,GAAG,GAAG,GAAG,MAAM,GAAG,GAAG,GAAG,MAAM,GAAG,GAAG,GAAG,KAAK,GAAG,IAAI,CAAC;;aAExF;WACF;SACF;OACF;KACF;AACD,WAAO,WAAW,CAAC;GACpB;;AAED,aAAW,EAAC,YAAU;AACpB,QAAI,UAAU,GAAG,IAAI,CAAC,KAAK,CAAC,OAAO,CAAC;;AAEpC,QAAI,WAAW,YAAA,CAAC;AAChB,QAAI,IAAI,CAAC,OAAO,CAAC,UAAU,CAAC,EAAE;AAC5B,iBAAW,GAAG,QAAQ,CAAC;AACvB,UAAI,CAAC,CAAC,GAAG,IAAI,OAAO,CAClB,IAAI,CAAC,IAAI,EAAE,WAAW,EACtB;AACE,aAAK,EAAC,mBAAmB;AACzB,iBAAS,EAAE,CAAC;AACZ,2BAAmB,EAAE,CAAC;AACtB,6BAAqB,EAAC,KAAK;OAC5B,CACF,CAAC;KACH,MACI;AACH,iBAAW,GAAG,IAAI,CAAC,sBAAsB,CAAC,UAAU,CAAC,GAAG,IAAI,CAAC,2BAA2B,CAAC,UAAU,CAAC,GAAG,IAAI,CAAC,sBAAsB,CAAC,UAAU,CAAC,CAAC;AAC/I,UAAI,CAAC,EAAE,GAAG,IAAI,OAAO;;AAEnB,UAAI,CAAC,IAAI,EACT,cAAc,GAAG,WAAW,EAC5B;AACE,cAAM,EAAE,IAAI,CAAC,KAAK,CAAC,SAAS;AAC5B,sBAAc,EAAC,MAAM;;AAErB,aAAK,EAAE,UAAU,CAAC,IAAI;AACtB,mBAAW,EAAE,CAAC;;AAEd,aAAK,EAAE,MAAM,GAAC,IAAI,CAAC,KAAK,CAAC,KAAK,GAAC,GAAG;AAClC,iBAAS,EAAE,IAAI;AACf,qBAAa,EAAE,MAAM,GAAC,IAAI,CAAC,KAAK,CAAC,KAAK,GAAC,GAAG;AAC1C,yBAAiB,EAAE,IAAI;AACvB,2BAAmB,EAAE,EAAE;;AAEvB,wBAAgB,EAAC,IAAI;AACrB,kCAA0B,EAAE,MAAM,GAAC,IAAI,CAAC,KAAK,CAAC,KAAK,GAAC,GAAG;AACvD,oCAA4B,EAAE,MAAM,GAAC,IAAI,CAAC,KAAK,CAAC,KAAK,GAAC,GAAG,EAC1D,CACF,CAAC;KACH;GACF;;;AAED,mBAAiB,EAAC,YAAU;;;GAG3B;;AAED,oBAAkB,EAAC,YAAU;AAC3B,QAAI,IAAI,CAAC,KAAK,CAAC,OAAO,EAAE,IAAI,CAAC,WAAW,EAAE,CAAC;;GAE5C;;AAED,QAAM,EAAA,YAAE;;;AACN;;AAEE;;UAAK,SAAS,EAAC,qBAAqB;QAClC;;YAAK,SAAS,EAAC,eAAe;UAC5B;;cAAI,SAAS,EAAC,yBAAyB;YAAE,IAAI,CAAC,KAAK,CAAC,gBAAgB;WAAM;SACtE;QACN;;YAAK,SAAS,EAAC,YAAY;UACxB,IAAI,CAAC,KAAK,CAAC,OAAO,GAAG,6BAAK,EAAE,EAAC,MAAM,EAAC,SAAS,EAAC,OAAO,EAAC,GAAG,EAAE,UAAC,GAAG;qBAAK,MAAK,IAAI,GAAG,GAAG;aAAA,AAAC,GAAO,GAAG;;cAAK,SAAS,EAAC,aAAa;YAAC,2BAAG,SAAS,EAAC,8BAA8B,GAAK;WAAM;SAC9K;OACF;MACP;GACF;CACF,CAAC,CAAA","file":"/client/components/graph/Graph.jsx.map","sourcesContent":["Graph = React.createClass({\n\n  /* FIXME How not to render when theres new data in getMeteorData in FrameGraphCo2\n  When return true the graph is displayed\n  */\n  shouldComponentUpdate:function(nextProps, nextState) {\n    return true;\n  },\n\n  //check if object is empty\n  isEmpty:function(obj) {\n    let hasOwnProperty = Object.prototype.hasOwnProperty;\n\n    if (obj == null) return true;\n    if (obj.length > 0) return false;\n    if (obj.length === 0) return true;\n    for(var key in obj) {\n      if (hasOwnProperty.call(obj, key)) return false;\n    }\n    return true;\n  },\n\n  //check if object has more days than one\n  isObjectMoreThanOneDay:function(obj) {\n      return obj.length > 1\n  },\n\n  writeGraphStringSeveralDays:function(allValues){\n    //console.log(\"severalDays\", allValues);\n    let graphString = \"\";\n    let sensorType;\n    //TODO type = ?\n    for (let day = 0; day < allValues.length; day++) {\n      let dayDate = allValues[day].day;\n      for (let key in allValues[day]) {\n        if (key === \"values\") {\n          for (let hour in allValues[day][key]) {\n            for (let minute in allValues[day][key][hour]) {\n              for (let second in allValues[day][key][hour][minute]) {\n                let value = allValues[day][key][hour][minute][second];\n                graphString += dayDate + \" \" + hour + \":\" + minute + \":\" + second + \",\" + value + \"\\n\";\n                break; //only 1 post pr minute, not every second\n              }\n            }\n          }\n        }\n      }\n    }\n    return graphString;\n  },\n\n  writeGraphStringOneDay:function(allValues){\n    allValues = allValues[0];\n    let graphString = \"\";\n    let sensorType;\n    //TODO type = ?\n    let dayDate = allValues.day;\n\n    for (let key in allValues) {\n      if (key === \"values\") {\n        for (let hour in allValues[key]) {\n          for (let minute in allValues[key][hour]) {\n            for (let second in allValues[key][hour][minute]) {\n              let value = allValues[key][hour][minute][second];\n              graphString += dayDate + \" \" + hour + \":\" + minute + \":\" + second + \",\" + value + \"\\n\";\n              //break; //only 1 post pr minute, not every second\n            }\n          }\n        }\n      }\n    }\n    return graphString;\n  },\n\n  createGraph:function(){\n    let sensorData = this.props.sensors; //TODO this.props.readings\n    //console.log(\"createGraph\", sensorData);\n    let graphString;\n    if (this.isEmpty(sensorData)) {\n      graphString = \",\\n0,0\";\n      this.g = new Dygraph(\n        this.graf, graphString,\n        {\n          title:'No data available',\n          pointSize: 0,\n          highlightCircleSize: 0,\n          showLabelsOnHighlight:false\n        }\n      );\n    }\n    else {\n      graphString = this.isObjectMoreThanOneDay(sensorData) ? this.writeGraphStringSeveralDays(sensorData) : this.writeGraphStringOneDay(sensorData);\n      this.g2 = new Dygraph(\n        /*document.getElementById('graf')*/\n        this.graf,\n        \"Date,Value\\n\" + graphString,\n        {\n          ylabel: this.props.graphType, // TODO fix this to get the sensors.graph.graphType\n          axisLabelColor:'#fff',\n          //xlabel: allValues.sensor_id,\n          title: sensorData.type, //TODO fix this to get the sensors.sensorType\n          strokeWidth: 2,\n          //gridLineColor: 'rgb(204,0,255)',\n          color: 'rgb('+this.props.color+')', //TODO get colors based on graphType\n          fillGraph: true,\n          axisLineColor: 'rgb('+this.props.color+')', //TODO get colors based on graphType\n          showRangeSelector: true,\n          rangeSelectorHeight: 30,\n          //retainDateWindow is new. Should keep zoom level when new data\n          retainDateWindow:true,\n          rangeSelectorPlotFillColor: 'rgb('+this.props.color+')', //TODO get colors based on graphType\n          rangeSelectorPlotStrokeColor: 'rgb('+this.props.color+')', //TODO get colors based on graphType\n        }\n      );\n    }\n  },\n\n  componentDidMount:function(){\n    //this.createGraph();\n    //console.log(\"didMount\");\n  },\n\n  componentDidUpdate:function(){\n    if (this.props.sensors) this.createGraph(); //waits until all data is ready to draw the graph\n    //console.log(\"didUpdate\");\n  },\n\n  render(){\n    return(\n      //FIXME have to use a ready-function to show spinners while data is loading\n      <div className=\"panel panel-default\">\n        <div className=\"panel-heading\">\n          <h3 className=\"panel-title text-center\">{this.props.thingDescription}</h3>\n        </div>\n        <div className=\"panel-body\">\n          {this.props.sensors ? <div id=\"graf\" className=\"graph\" ref={(ref) => this.graf = ref}></div> : <div className=\"text-center\"><i className=\"fa fa-spinner fa-pulse fa-5x\"></i></div>}\n        </div>\n      </div>\n    )\n  }\n})\n"]},"hash":"1a6432f5ecfa2f5e807bacc95dac98b2553c9b5e"}
