{"metadata":{"modules":{"imports":[],"exports":{"exported":[],"specifiers":[]}},"usedHelpers":[]},"ignored":false,"code":"DashboardPage = React.createClass({\n  displayName: \"DashboardPage\",\n\n  render: function () {\n    return React.createElement(\n      \"div\",\n      { className: \"\" },\n      React.createElement(Navbar, null),\n      React.createElement(\n        \"div\",\n        { className: \"row\" },\n        React.createElement(\n          \"div\",\n          { className: \"col-md-2 col-sm-2\" },\n          React.createElement(Metadata, null)\n        ),\n        React.createElement(\n          \"div\",\n          null,\n          React.createElement(Graph, null)\n        )\n      )\n    );\n  }\n});","ast":null,"map":{"version":3,"sources":["/client/components/dashboard/DashboardPage.jsx"],"names":[],"mappings":"AAAA,aAAa,GAAG,KAAK,CAAC,WAAW,CAAC;;;AAChC,QAAM,EAAA,YAAE;AACN,WAEE;;QAAK,SAAS,EAAC,EAAE;MACf,oBAAC,MAAM,OAAG;MACV;;UAAK,SAAS,EAAC,KAAK;QAClB;;YAAK,SAAS,EAAC,mBAAmB;UAChC,oBAAC,QAAQ,OAAG;SACR;QACN;;;UACE,oBAAC,KAAK,OAAG;SACL;OACF;KACF,CACP;GACF;CACF,CAAC,CAAA","file":"/client/components/dashboard/DashboardPage.jsx.map","sourcesContent":["DashboardPage = React.createClass({\n  render(){\n    return(\n\n      <div className=\"\">\n        <Navbar />\n        <div className=\"row\">\n          <div className=\"col-md-2 col-sm-2\">\n            <Metadata />\n          </div>\n          <div>\n            <Graph />\n          </div>\n        </div>\n      </div>\n    )\n  }\n})\n"]},"hash":"1a85268e35f0e89d80fabcbf39594bf226b0d3c7"}
