{"metadata":{"modules":{"imports":[],"exports":{"exported":[],"specifiers":[]}},"usedHelpers":[]},"ignored":false,"code":"Navbar = React.createClass({\n  displayName: \"Navbar\",\n\n  render: function () {\n    var userinfo = undefined;\n    if (!Meteor.loggingIn() && Meteor.user()) {\n      userinfo = React.createElement(\n        \"ul\",\n        { className: \"nav navbar-nav pull-right\" },\n        React.createElement(\n          \"li\",\n          { className: \"dropdown\" },\n          React.createElement(\n            \"a\",\n            { className: \"navCortex dropdown-toggle\", href: \"#\", \"data-toggle\": \"dropdown\", \"aria-haspopup\": \"true\", \"aria-expanded\": \"false\" },\n            \" \",\n            Meteor.user().emails[0].address,\n            React.createElement(\"span\", { className: \"glyphicon glyphicon-user greenIcon \", \"aria-hidden\": \"true\" })\n          ),\n          React.createElement(\n            \"ul\",\n            { className: \"dropdown-menu\" },\n            React.createElement(\n              \"li\",\n              null,\n              \"Logout\"\n            )\n          )\n        )\n      );\n    } else {\n      userinfo = React.createElement(\n        \"ul\",\n        { className: \"nav navbar-nav pull-right\" },\n        React.createElement(\n          \"li\",\n          null,\n          React.createElement(\n            \"a\",\n            { className: \"navCortex\", href: \"http://www.biogrid.no\", target: \"_blank\" },\n            \"Biogrid.no \",\n            React.createElement(\"span\", { className: \"glyphicon glyphicon-home greenIcon\", \"aria-hidden\": \"true\" })\n          )\n        )\n      );\n    }\n    return React.createElement(\n      \"div\",\n      null,\n      React.createElement(\n        \"nav\",\n        { className: \"navbar navbar-inverse navbar-static-top\", role: \"navigation\" },\n        React.createElement(\n          \"div\",\n          { className: \"navbar-header collapse navbar-collapse\" },\n          React.createElement(\n            \"ul\",\n            { className: \"nav navbar-nav\" },\n            React.createElement(\n              \"li\",\n              null,\n              React.createElement(\n                \"a\",\n                { className: \"navCortex\", href: \"/site\" },\n                \"Biogrid Cortex\"\n              )\n            )\n          )\n        ),\n        React.createElement(\n          \"div\",\n          { className: \"\" },\n          userinfo\n        )\n      )\n    );\n  }\n});","ast":null,"map":{"version":3,"sources":["/client/components/navbar/navbar.jsx"],"names":[],"mappings":"AAAA,MAAM,GAAG,KAAK,CAAC,WAAW,CAAC;;;AACzB,QAAM,EAAA,YAAG;AACP,QAAI,QAAQ,YAAA,CAAC;AACb,QAAG,CAAC,MAAM,CAAC,SAAS,EAAE,IAAI,MAAM,CAAC,IAAI,EAAE,EAAE;AACvC,cAAQ,GAAG;;UAAI,SAAS,EAAC,2BAA2B;QAClD;;YAAI,SAAS,EAAC,UAAU;UACtB;;cAAG,SAAS,EAAC,2BAA2B,EAAC,IAAI,EAAC,GAAG,EAAC,eAAY,UAAU,EAAC,iBAAc,MAAM,EAAC,iBAAc,OAAO;;YAAG,MAAM,CAAC,IAAI,EAAE,CAAC,MAAM,CAAC,CAAC,CAAC,CAAC,OAAO;YACnJ,8BAAM,SAAS,EAAC,qCAAqC,EAAC,eAAY,MAAM,GAAQ;WAC9E;UACJ;;cAAI,SAAS,EAAC,eAAe;YAC3B;;;;aAAe;WACZ;SACF;OACF,CAAC;KACP,MACG;AACF,cAAQ,GAAG;;UAAI,SAAS,EAAC,2BAA2B;QAClD;;;UACE;;cAAG,SAAS,EAAC,WAAW,EAAC,IAAI,EAAC,uBAAuB,EAAC,MAAM,EAAC,QAAQ;;YAAY,8BAAM,SAAS,EAAC,oCAAoC,EAAC,eAAY,MAAM,GACjJ;WACL;SACD;OACF,CAAC;KACP;AACD,WACE;;;MACE;;UAAK,SAAS,EAAC,yCAAyC,EAAC,IAAI,EAAC,YAAY;QACpE;;YAAK,SAAS,EAAC,wCAAwC;UACrD;;cAAI,SAAS,EAAC,gBAAgB;YAC5B;;;cACE;;kBAAG,SAAS,EAAC,WAAW,EAAC,IAAI,EAAC,OAAO;;eAAmB;aACrD;WACF;SACD;QACN;;YAAK,SAAS,EAAC,EAAE;UACd,QAAQ;SACL;OACN;KACF,CACP;GACF;CACA,CAAC,CAAC","file":"/client/components/navbar/navbar.jsx.map","sourcesContent":["Navbar = React.createClass({\n  render() {\n    let userinfo;\n    if(!Meteor.loggingIn() && Meteor.user()) {\n      userinfo = <ul className=\"nav navbar-nav pull-right\">\n        <li className=\"dropdown\" >\n          <a className=\"navCortex dropdown-toggle\" href=\"#\" data-toggle=\"dropdown\" aria-haspopup=\"true\" aria-expanded=\"false\"> {Meteor.user().emails[0].address}\n            <span className=\"glyphicon glyphicon-user greenIcon \" aria-hidden=\"true\"></span>\n          </a>\n          <ul className=\"dropdown-menu\">\n            <li>Logout</li>\n          </ul>\n        </li>\n      </ul>;\n    }\n    else{\n      userinfo = <ul className=\"nav navbar-nav pull-right\">\n        <li>\n          <a className=\"navCortex\" href=\"http://www.biogrid.no\" target=\"_blank\">Biogrid.no <span className=\"glyphicon glyphicon-home greenIcon\" aria-hidden=\"true\">\n          </span>\n        </a>\n      </li>\n    </ul>;\n  }\n  return (\n    <div>\n      <nav className=\"navbar navbar-inverse navbar-static-top\" role=\"navigation\">\n            <div className=\"navbar-header collapse navbar-collapse\">\n              <ul className=\"nav navbar-nav\">\n                <li>\n                  <a className=\"navCortex\" href=\"/site\">Biogrid Cortex</a>\n                </li>\n              </ul>\n            </div>\n            <div className=\"\">\n              {userinfo}\n            </div>\n      </nav>\n    </div>\n  )\n}\n});\n"]},"hash":"1ab2b7a4622b5d92d0a9376586c5cb7bcf568657"}
