{"metadata":{"modules":{"imports":[],"exports":{"exported":[],"specifiers":[]}},"usedHelpers":[]},"ignored":false,"code":"Dashboard = React.createClass({\n  displayName: \"Dashboard\",\n\n  mixins: [ReactMeteorData],\n  getMeteorData: function () {\n\n    var siteId = FlowRouter.getParam(\"siteId\");\n    console.log(\"siteId:\", siteId);\n    var data = {};\n\n    //TODO\n    //1.Get data from matching siteId and hubId\n    var subscriptionHubs = Meteor.subscribe('hubs', siteId);\n    //const subscriptionSensors1 = Meteor.subscribe('sensors1', hubId);\n    //2.Publish from hubs with siteId. That gives _id\n    //3.Publish from sensors1 with hubId. That should give thingId og _id\n    //4. Publish from things with thingId. That gives description\n    //5. Publish from reading whith sensorId. That gives day and values\n\n    return {\n      hubsReady: subscriptionHubs.ready(),\n      hubs: Hubs.find().fetch()\n    };\n  },\n\n  //sensors1: Sensors1.find().fetch(),\n  findHubIds: function () {\n    var hubIdArray = [];\n    if (this.data.hubsReady) {\n      var hubs = this.data.hubs.map(function (hub) {\n        hubIdArray.push(hub._id);\n      });\n    }\n    return hubIdArray;\n  },\n\n  componentDidUpdate: function () {\n    //console.log(\"THIS IS HUBIDARRAY: \",this.findHubIds());\n  },\n\n  render: function () {\n    if (this.data.hubsReady) {\n      var hubsList = this.findHubIds().map(function (hubId) {\n        return React.createElement(Hub, { key: hubId, hubId: hubId });\n      });\n    }\n\n    return React.createElement(\n      \"div\",\n      { id: \"bg\" },\n      React.createElement(Navbar, null),\n      React.createElement(\n        \"div\",\n        { className: \"row\" },\n        React.createElement(\n          \"div\",\n          { className: \"col-md-2 col-sm-12\" },\n          React.createElement(Metadata, null)\n        ),\n        React.createElement(\n          \"div\",\n          { className: \"col-md-5 col-sm-12\" },\n          React.createElement(ParentGraph, null)\n        ),\n        React.createElement(\"div\", { className: \"col-md-5 col-sm-12\" })\n      ),\n      React.createElement(\n        \"div\",\n        { className: \"row\" },\n        React.createElement(\n          \"div\",\n          { className: \"col-md-5 col-md-offset-2\" },\n          hubsList\n        )\n      )\n    );\n  }\n});","ast":null,"map":{"version":3,"sources":["/client/components/dashboard/Dashboard.jsx"],"names":[],"mappings":"AAAA,SAAS,GAAG,KAAK,CAAC,WAAW,CAAC;;;AAC5B,QAAM,EAAE,CAAC,eAAe,CAAC;AACzB,eAAa,EAAA,YAAE;;AAEb,QAAM,MAAM,GAAG,UAAU,CAAC,QAAQ,CAAC,QAAQ,CAAC,CAAC;AAC7C,WAAO,CAAC,GAAG,CAAC,SAAS,EAAE,MAAM,CAAC,CAAC;AAC/B,QAAM,IAAI,GAAG,EAAE,CAAC;;;;AAIhB,QAAM,gBAAgB,GAAG,MAAM,CAAC,SAAS,CAAC,MAAM,EAAE,MAAM,CAAC,CAAC;;;;;;;AAO1D,WAAM;AACJ,eAAS,EAAE,gBAAgB,CAAC,KAAK,EAAE;AACnC,UAAI,EAAE,IAAI,CAAC,IAAI,EAAE,CAAC,KAAK,EAAE;KAE1B,CAAA;GACF;;;AAED,YAAU,EAAA,YAAE;AACV,QAAI,UAAU,GAAG,EAAE,CAAC;AACpB,QAAG,IAAI,CAAC,IAAI,CAAC,SAAS,EAAE;AACtB,UAAI,IAAI,GAAG,IAAI,CAAC,IAAI,CAAC,IAAI,CAAC,GAAG,CAAC,UAAS,GAAG,EAAC;AACzC,kBAAU,CAAC,IAAI,CAAC,GAAG,CAAC,GAAG,CAAC,CAAC;OAC1B,CAAC,CAAA;KACH;AACD,WAAO,UAAU,CAAC;GACnB;;AAED,oBAAkB,EAAA,YAAE;;GAEnB;;AAED,QAAM,EAAA,YAAE;AACN,QAAG,IAAI,CAAC,IAAI,CAAC,SAAS,EAAE;AACtB,UAAI,QAAQ,GAAG,IAAI,CAAC,UAAU,EAAE,CAAC,GAAG,CAAC,UAAS,KAAK,EAAC;AAClD,eACI,oBAAC,GAAG,IAAC,GAAG,EAAE,KAAK,AAAC,EAAC,KAAK,EAAE,KAAK,AAAC,GAAG,CACpC;OACF,CAAC,CAAA;KACH;;AAGD,WACE;;QAAK,EAAE,EAAC,IAAI;MACZ,oBAAC,MAAM,OAAG;MACR;;UAAK,SAAS,EAAC,KAAK;QAClB;;YAAK,SAAS,EAAC,oBAAoB;UACjC,oBAAC,QAAQ,OAAG;SACR;QACN;;YAAK,SAAS,EAAC,oBAAoB;UACjC,oBAAC,WAAW,OAAG;SACX;QACN,6BAAK,SAAS,EAAC,oBAAoB,GAC7B;OACF;MACN;;UAAK,SAAS,EAAC,KAAK;QAClB;;YAAK,SAAS,EAAC,0BAA0B;UACtC,QAAQ;SACL;OACF;KACF,CACP;GACF;CACF,CAAC,CAAA","file":"/client/components/dashboard/Dashboard.jsx.map","sourcesContent":["Dashboard = React.createClass({\n  mixins: [ReactMeteorData],\n  getMeteorData(){\n\n    const siteId = FlowRouter.getParam(\"siteId\");\n    console.log(\"siteId:\", siteId);\n    const data = {};\n\n    //TODO\n    //1.Get data from matching siteId and hubId\n    const subscriptionHubs = Meteor.subscribe('hubs', siteId);\n    //const subscriptionSensors1 = Meteor.subscribe('sensors1', hubId);\n    //2.Publish from hubs with siteId. That gives _id\n    //3.Publish from sensors1 with hubId. That should give thingId og _id\n    //4. Publish from things with thingId. That gives description\n    //5. Publish from reading whith sensorId. That gives day and values\n\n    return{\n      hubsReady: subscriptionHubs.ready(),\n      hubs: Hubs.find().fetch(),\n      //sensors1: Sensors1.find().fetch(),\n    }\n  },\n\n  findHubIds(){\n    let hubIdArray = [];\n    if(this.data.hubsReady) {\n      let hubs = this.data.hubs.map(function(hub){\n        hubIdArray.push(hub._id);\n      })\n    }\n    return hubIdArray;\n  },\n\n  componentDidUpdate(){\n    //console.log(\"THIS IS HUBIDARRAY: \",this.findHubIds());\n  },\n\n  render(){\n    if(this.data.hubsReady) {\n      var hubsList = this.findHubIds().map(function(hubId){\n        return(\n            <Hub key={hubId} hubId={hubId} />\n        )\n      })\n    }\n\n\n    return(\n      <div id=\"bg\">\n      <Navbar />\n        <div className=\"row\">\n          <div className=\"col-md-2 col-sm-12\">\n            <Metadata />\n          </div>\n          <div className=\"col-md-5 col-sm-12\">\n            <ParentGraph />\n          </div>\n          <div className=\"col-md-5 col-sm-12\">\n          </div>\n        </div>\n        <div className=\"row\">\n          <div className=\"col-md-5 col-md-offset-2\">\n            {hubsList}\n          </div>\n        </div>\n      </div>\n    )\n  }\n})\n"]},"hash":"1b7ca026db1301a55cb70acceaf3ca0db8b1e406"}
