{"metadata":{"modules":{"imports":[],"exports":{"exported":[],"specifiers":[]}},"usedHelpers":[]},"ignored":false,"code":"Login = React.createClass({\n  displayName: \"Login\",\n\n  render: function () {\n    return React.createElement(\n      \"div\",\n      { className: \"jumbotron\" },\n      React.createElement(\n        \"button\",\n        null,\n        \"Logg inn\"\n      )\n    );\n  }\n});","ast":null,"map":{"version":3,"sources":["/client/components/loginPage/Login.jsx"],"names":[],"mappings":"AAAA,KAAK,GAAG,KAAK,CAAC,WAAW,CAAC;;;AACxB,QAAM,EAAA,YAAE;AACN,WACE;;QAAK,SAAS,EAAC,WAAW;MACxB;;;;OAAyB;KACrB,CACP;GACF;CACF,CAAC,CAAA","file":"/client/components/loginPage/Login.jsx.map","sourcesContent":["Login = React.createClass({\n  render(){\n    return(\n      <div className=\"jumbotron\">\n        <button>Logg inn</button>\n      </div>\n    )\n  }\n})\n"]},"hash":"1bd1a80c2634a53fa8a51aa989bf76dbb02d3539"}
