{"metadata":{"modules":{"imports":[],"exports":{"exported":[],"specifiers":[]}},"usedHelpers":[]},"ignored":false,"code":"PageNotFound = React.createClass({\n  displayName: \"PageNotFound\",\n\n  render: function () {\n    return React.createElement(\n      \"div\",\n      { className: \"text-center\" },\n      React.createElement(\n        \"h3\",\n        null,\n        \" Sorry, this page dont exist! \"\n      )\n    );\n  }\n});","ast":null,"map":{"version":3,"sources":["/client/components/pageNotFound/PageNotFound.jsx"],"names":[],"mappings":"AAAA,YAAY,GAAG,KAAK,CAAC,WAAW,CAAC;;;AAC/B,QAAM,EAAA,YAAE;AACN,WACE;;QAAK,SAAS,EAAC,aAAa;MAC1B;;;;OAAuC;KACnC,CACP;GACF;CACF,CAAC,CAAA","file":"/client/components/pageNotFound/PageNotFound.jsx.map","sourcesContent":["PageNotFound = React.createClass({\n  render(){\n    return(\n      <div className=\"text-center\">\n        <h3> Sorry, this page dont exist! </h3>\n      </div>\n    )\n  }\n})\n"]},"hash":"1c19853cb1030c21ccd95a4760dc52473780fa6d"}
