{"metadata":{"modules":{"imports":[],"exports":{"exported":[],"specifiers":[]}},"usedHelpers":[]},"ignored":false,"code":"DashboardPage = React.createClass({\n  displayName: \"DashboardPage\",\n\n  render: function () {\n    return React.createElement(\n      \"div\",\n      { className: \"container-fluid\" },\n      React.createElement(Navbar, null),\n      React.createElement(\n        \"div\",\n        { className: \"row\" },\n        React.createElement(\n          \"div\",\n          { className: \"col-md-3\" },\n          \"Metadata\"\n        ),\n        React.createElement(\n          \"div\",\n          { className: \"col-md-9\" },\n          \"Interactive components\"\n        )\n      )\n    );\n  }\n});","ast":null,"map":{"version":3,"sources":["/client/components/dashboardPage/DashboardPage.jsx"],"names":[],"mappings":"AAAA,aAAa,GAAG,KAAK,CAAC,WAAW,CAAC;;;AAChC,QAAM,EAAA,YAAE;AACN,WACE;;QAAK,SAAS,EAAC,iBAAiB;MAC9B,oBAAC,MAAM,OAAG;MACV;;UAAK,SAAS,EAAC,KAAK;QAClB;;YAAK,SAAS,EAAC,UAAU;;SAEnB;QACN;;YAAK,SAAS,EAAC,UAAU;;SAEnB;OACF;KACF,CACP;GACF;CACF,CAAC,CAAA","file":"/client/components/dashboardPage/DashboardPage.jsx.map","sourcesContent":["DashboardPage = React.createClass({\n  render(){\n    return(\n      <div className=\"container-fluid\">\n        <Navbar />\n        <div className=\"row\">\n          <div className=\"col-md-3\">\n            Metadata\n          </div>\n          <div className=\"col-md-9\">\n            Interactive components\n          </div>\n        </div>\n      </div>\n    )\n  }\n})\n"]},"hash":"1ca39ae17532ba0f49c5cd6de5ba8f69f6cbde80"}
