{"metadata":{"modules":{"imports":[],"exports":{"exported":[],"specifiers":[]}},"usedHelpers":[]},"ignored":false,"code":"Hub = React.createClass({\n  displayName: \"Hub\",\n\n  mixins: [ReactMeteorData],\n  getMeteorData: function () {\n    var data = {};\n    data.sensor = {}; //_id, sensorType, graph{}, uuid, hubId, thingId\n\n    //subscribe to Sensors1 with this.props.hubId\n    console.log(\"THIS.PROPS.HUBID: \", this.props.hubId);\n\n    /*const subscriptionSensors1 = Meteor.subscribe('sensors1', this.props.hubId);\n    if(subscriptionSensors1.ready()) {\n      data.sensor = Sensors1.find().fetch();\n       data.sensor.map(function(sensor){\n        //console.log(\"one sensor: \", sensor);\n         //FIXME things.find returns two objects. Should check out callback and make functions\n        let subscriptionReading = Meteor.subscribe('readings', sensor._id);\n        if(subscriptionReading.ready()) {\n          sensor.reading = Readings.find().fetch();\n          let subscriptionThings = Meteor.subscribe('things', sensor.thingId);\n          if(subscriptionThings.ready()) {\n            let tmp = Things.find().fetch();\n            //console.log(\"things.find\", tmp);\n            //data.sensors.thingDescription = tmp.description\n          }\n        }\n        //console.log(\"sensor: \", sensor);\n      })\n    }*/\n    return data;\n  },\n  /*subscribeSensor() {\n    const subscrSensors1 = Meteor.subscribe('sensors1',this.props.hubId);\n    if(subscrSensors1.ready()) {\n      data.sensor = Sensors1.find().fetch();\n    }\n  },*/\n\n  //TODO return ParentGraph. Map through this.data\n  render: function () {\n    return React.createElement(\n      \"div\",\n      null,\n      \"tom\"\n    );\n  }\n});","ast":null,"map":{"version":3,"sources":["/client/components/dashboard/hubs/Hub.jsx"],"names":[],"mappings":"AAAA,GAAG,GAAG,KAAK,CAAC,WAAW,CAAC;;;AACtB,QAAM,EAAC,CAAC,eAAe,CAAC;AACxB,eAAa,EAAA,YAAE;AACb,QAAI,IAAI,GAAG,EAAE,CAAC;AACd,QAAI,CAAC,MAAM,GAAG,EAAE,CAAC;;;AAGjB,WAAO,CAAC,GAAG,CAAC,oBAAoB,EAAE,IAAI,CAAC,KAAK,CAAC,KAAK,CAAC,CAAC;;;;;;;;;;;;;;;;;;;;;AAuBpD,WAAO,IAAI,CAAC;GACb;;;;;;;;;AASD,QAAM,EAAA,YAAE;AACN,WACE;;;;KAAc,CACf;GACF;CACF,CAAC,CAAA","file":"/client/components/dashboard/hubs/Hub.jsx.map","sourcesContent":["Hub = React.createClass({\n  mixins:[ReactMeteorData],\n  getMeteorData(){\n    let data = {};\n    data.sensor = {}; //_id, sensorType, graph{}, uuid, hubId, thingId\n\n    //subscribe to Sensors1 with this.props.hubId\n    console.log(\"THIS.PROPS.HUBID: \", this.props.hubId);\n\n    /*const subscriptionSensors1 = Meteor.subscribe('sensors1', this.props.hubId);\n    if(subscriptionSensors1.ready()) {\n      data.sensor = Sensors1.find().fetch();\n\n      data.sensor.map(function(sensor){\n        //console.log(\"one sensor: \", sensor);\n\n        //FIXME things.find returns two objects. Should check out callback and make functions\n        let subscriptionReading = Meteor.subscribe('readings', sensor._id);\n        if(subscriptionReading.ready()) {\n          sensor.reading = Readings.find().fetch();\n          let subscriptionThings = Meteor.subscribe('things', sensor.thingId);\n          if(subscriptionThings.ready()) {\n            let tmp = Things.find().fetch();\n            //console.log(\"things.find\", tmp);\n            //data.sensors.thingDescription = tmp.description\n          }\n        }\n        //console.log(\"sensor: \", sensor);\n      })\n    }*/\n    return data;\n  },\n  /*subscribeSensor() {\n    const subscrSensors1 = Meteor.subscribe('sensors1',this.props.hubId);\n    if(subscrSensors1.ready()) {\n      data.sensor = Sensors1.find().fetch();\n    }\n  },*/\n\n  //TODO return ParentGraph. Map through this.data\n  render(){\n    return(\n      <div>tom</div>\n    )\n  }\n})\n"]},"hash":"1cbda8210b3cf2bcc11c16928777020f672137f6"}
