{"metadata":{"modules":{"imports":[],"exports":{"exported":[],"specifiers":[]}},"usedHelpers":[]},"ignored":false,"code":"Hub = React.createClass({\n  displayName: \"Hub\",\n\n  mixins: [ReactMeteorData],\n  getMeteorData: function () {},\n  render: function () {\n    return React.createElement(\n      \"div\",\n      null,\n      React.createElement(\n        \"div\",\n        { className: \"row topRowHub\" },\n        React.createElement(\n          \"div\",\n          { className: \"col-md-12 col-sm-12\" },\n          \"One large graph for first thing. ParentGraph\"\n        )\n      ),\n      React.createElement(\n        \"div\",\n        { className: \"row bottomRowHub\" },\n        React.createElement(\n          \"div\",\n          { className: \"col-md-12 col-sm-12\" },\n          \"Small graphs for rest of the things. Component should be col-md-4\"\n        )\n      )\n    );\n  }\n});","ast":null,"map":{"version":3,"sources":["/client/components/dashboard/hubs/Hub.jsx"],"names":[],"mappings":"AAAA,GAAG,GAAG,KAAK,CAAC,WAAW,CAAC;;;AACtB,QAAM,EAAC,CAAC,eAAe,CAAC;AACxB,eAAa,EAAA,YAAE,EAEd;AACD,QAAM,EAAA,YAAE;AACN,WACE;;;MACE;;UAAK,SAAS,EAAC,eAAe;QAC5B;;YAAK,SAAS,EAAC,qBAAqB;;SAE9B;OACF;MACN;;UAAK,SAAS,EAAC,kBAAkB;QAC/B;;YAAK,SAAS,EAAC,qBAAqB;;SAE9B;OACF;KACF,CACP;GACF;CACF,CAAC,CAAA","file":"/client/components/dashboard/hubs/Hub.jsx.map","sourcesContent":["Hub = React.createClass({\n  mixins:[ReactMeteorData],\n  getMeteorData(){\n\n  },\n  render(){\n    return(\n      <div>\n        <div className=\"row topRowHub\">\n          <div className=\"col-md-12 col-sm-12\">\n            One large graph for first thing. ParentGraph\n          </div>\n        </div>\n        <div className=\"row bottomRowHub\">\n          <div className=\"col-md-12 col-sm-12\">\n            Small graphs for rest of the things. Component should be col-md-4\n          </div>\n        </div>\n      </div>\n    )\n  }\n})\n"]},"hash":"1d2912b8a3ef4faf51673d2dc4691e88130be9d3"}
