{"metadata":{"modules":{"imports":[],"exports":{"exported":[],"specifiers":[]}},"usedHelpers":[]},"ignored":false,"code":"Graph = React.createClass({\n  displayName: \"Graph\",\n\n  mixins: [ReactMeteorData],\n  getMeteorData: function () {\n    var dataArray = [];\n    var datahandle = Meteor.subscribe('data');\n    if (datahandle.ready()) {\n      dataArray = sensors.find({});\n    }\n    return dataArray;\n  },\n\n  render: function () {\n\n    var rows = this.dataArray.map(function (data1) {\n      return React.createElement(\n        \"div\",\n        null,\n        \"h\"\n      );\n    });\n\n    return React.createElement(\n      \"div\",\n      { className: \"jumbotron\" },\n      \"hei\"\n    );\n  }\n});","ast":null,"map":{"version":3,"sources":["/client/components/dashboard/graph/Graph.jsx"],"names":[],"mappings":"AAAA,KAAK,GAAG,KAAK,CAAC,WAAW,CAAC;;;AAExB,QAAM,EAAC,CAAC,eAAe,CAAC;AACxB,eAAa,EAAA,YAAE;AACb,QAAI,SAAS,GAAG,EAAE,CAAC;AACnB,QAAI,UAAU,GAAG,MAAM,CAAC,SAAS,CAAC,MAAM,CAAC,CAAC;AAC1C,QAAG,UAAU,CAAC,KAAK,EAAE,EAAC;AACpB,eAAS,GAAG,OAAO,CAAC,IAAI,CAAC,EAAE,CAAC,CAAC;KAC9B;AACD,WAAO,SAAS,CAAC;GAClB;;AAED,QAAM,EAAA,YAAE;;AAEN,QAAI,IAAI,GAAG,IAAI,CAAC,SAAS,CAAC,GAAG,CAAC,UAAS,KAAK,EAAC;AAC3C,aACE;;;;OAEM,CACP;KACF,CAAC,CAAC;;AAEH,WACE;;QAAK,SAAS,EAAC,WAAW;;KAEpB,CACP;GACF;CACF,CAAC,CAAA","file":"/client/components/dashboard/graph/Graph.jsx.map","sourcesContent":["Graph = React.createClass({\n\n  mixins:[ReactMeteorData],\n  getMeteorData(){\n    let dataArray = [];\n    var datahandle = Meteor.subscribe('data');\n    if(datahandle.ready()){\n      dataArray = sensors.find({});\n    }\n    return dataArray;\n  },\n\n  render(){\n\n    var rows = this.dataArray.map(function(data1){\n      return(\n        <div>\n          h\n        </div>\n      )\n    });\n\n    return(\n      <div className=\"jumbotron\">\n        hei\n      </div>\n    )\n  }\n})\n"]},"hash":"1e58c362966b7baae9a667d76f9c3723f7f00ea5"}
