{"metadata":{"modules":{"imports":[],"exports":{"exported":[],"specifiers":[]}},"usedHelpers":[]},"ignored":false,"code":"LocationPage = React.createClass({\n  displayName: 'LocationPage',\n\n  links: [{ _id: 1, href: '/dashboardPage', text: 'Oslo', icon: '\"glyphicon glypichon-home\"' }, { _id: 2, href: '/#', text: 'Trondheim', icon: '\"glyphicon glypichon-heart\"' }, { _id: 3, href: '/#', text: \"Bergen\", icon: '\"glyphicon glypichon-road\"' }],\n\n  render: function () {\n\n    var rows = this.links.map(function (link) {\n      return React.createElement(\n        'div',\n        { key: link._id },\n        React.createElement(\n          'a',\n          { href: link.href },\n          ' ',\n          React.createElement('span', { className: link.icon }),\n          ' ',\n          link.text,\n          ' '\n        )\n      );\n    });\n\n    return React.createElement(\n      'div',\n      { className: 'jumbotron text-center' },\n      React.createElement(\n        'div',\n        { className: 'row' },\n        rows\n      )\n    );\n  }\n});","ast":null,"map":{"version":3,"sources":["/client/components/locationPage/LocationPage.jsx"],"names":[],"mappings":"AAAA,YAAY,GAAG,KAAK,CAAC,WAAW,CAAC;;;AAEjC,OAAK,EAAC,CACJ,EAAC,GAAG,EAAC,CAAC,EAAE,IAAI,EAAC,gBAAgB,EAAC,IAAI,EAAC,MAAM,EAAE,IAAI,EAAC,4BAA4B,EAAC,EAC7E,EAAC,GAAG,EAAC,CAAC,EAAE,IAAI,EAAC,IAAI,EAAC,IAAI,EAAC,WAAW,EAAE,IAAI,EAAC,6BAA6B,EAAC,EACvE,EAAC,GAAG,EAAC,CAAC,EAAE,IAAI,EAAC,IAAI,EAAC,IAAI,EAAC,QAAQ,EAAE,IAAI,EAAC,4BAA4B,EAAC,CACpE;;AAEC,QAAM,EAAA,YAAE;;AAEN,QAAI,IAAI,GAAG,IAAI,CAAC,KAAK,CAAC,GAAG,CAAC,UAAS,IAAI,EAAC;AACtC,aACE;;UAAK,GAAG,EAAE,IAAI,CAAC,GAAG,AAAC;QACjB;;YAAG,IAAI,EAAE,IAAI,CAAC,IAAI,AAAC;;UAAE,8BAAM,SAAS,EAAE,IAAI,CAAC,IAAI,AAAC,GAAQ;;UAAE,IAAI,CAAC,IAAI;;SAAM;OACrE,CACP;KACF,CAAC,CAAC;;AAEH,WACE;;QAAK,SAAS,EAAC,uBAAuB;MAClC;;UAAK,SAAS,EAAC,KAAK;QACf,IAAI;OACH;KACJ,CACP;GACF;CACF,CAAC,CAAA","file":"/client/components/locationPage/LocationPage.jsx.map","sourcesContent":["LocationPage = React.createClass({\n\nlinks:[\n  {_id:1, href:'/dashboardPage',text:'Oslo', icon:'\"glyphicon glypichon-home\"'},\n  {_id:2, href:'/#',text:'Trondheim' ,icon:'\"glyphicon glypichon-heart\"'},\n  {_id:3, href:'/#',text:\"Bergen\", icon:'\"glyphicon glypichon-road\"'},\n],\n\n  render(){\n\n    let rows = this.links.map(function(link){\n      return(\n        <div key={link._id}>\n          <a href={link.href}> <span className={link.icon}></span> {link.text} </a>\n        </div>\n      )\n    });\n\n    return(\n      <div className=\"jumbotron text-center\">\n          <div className=\"row\">\n              {rows}\n          </div>\n      </div>\n    )\n  }\n})\n"]},"hash":"1eaca7c0aa6c601fdf0a096e2b86ee7dc3930a6f"}
