{"metadata":{"modules":{"imports":[],"exports":{"exported":[],"specifiers":[]}},"usedHelpers":[]},"ignored":false,"code":"Graph = React.createClass({\n  displayName: \"Graph\",\n\n  mixins: [ReactMeteorData],\n  getMeteorData: function () {\n\n    var data = [];\n\n    var handle = Meteor.subscribe('sensors');\n\n    //Use ready() so data dont log before Sensors.find().fetch() is done\n    if (handle.ready()) {\n      data = Sensors.find({}).fetch();\n      console.log(\"This is\", data);\n    }\n\n    return {\n      sensors: Sensors.find({}).fetch()\n    };\n  },\n\n  render: function () {\n\n    if (this.data.sensors) {\n      var testVar = React.createElement(\n        \"div\",\n        null,\n        \"Hei test\"\n      );\n    }\n    return React.createElement(\n      \"div\",\n      { className: \"jumbotron\" },\n      testVar\n    );\n  }\n});","ast":null,"map":{"version":3,"sources":["/client/components/dashboard/graph/Graph.jsx"],"names":[],"mappings":"AAAA,KAAK,GAAG,KAAK,CAAC,WAAW,CAAC;;;AAExB,QAAM,EAAC,CAAC,eAAe,CAAC;AACxB,eAAa,EAAA,YAAE;;AAGb,QAAI,IAAI,GAAG,EAAE,CAAC;;AAEd,QAAI,MAAM,GAAG,MAAM,CAAC,SAAS,CAAC,SAAS,CAAC,CAAC;;;AAGzC,QAAG,MAAM,CAAC,KAAK,EAAE,EAAC;AAChB,UAAI,GAAG,OAAO,CAAC,IAAI,CAAC,EAAE,CAAC,CAAC,KAAK,EAAE,CAAC;AAChC,aAAO,CAAC,GAAG,CAAC,SAAS,EAAC,IAAI,CAAC,CAAC;KAC7B;;AAED,WAAM;AACJ,aAAO,EAAE,OAAO,CAAC,IAAI,CAAC,EAAE,CAAC,CAAC,KAAK,EAAE;KAClC,CAAA;GAEF;;AAED,QAAM,EAAA,YAAE;;AAEN,QAAG,IAAI,CAAC,IAAI,CAAC,OAAO,EAAC;AACnB,UAAI,OAAO,GAAG;;;;OAAmB,CAAA;KAClC;AACD,WACE;;QAAK,SAAS,EAAC,WAAW;MACvB,OAAO;KACJ,CACP;GACF;CACF,CAAC,CAAA","file":"/client/components/dashboard/graph/Graph.jsx.map","sourcesContent":["Graph = React.createClass({\n\n  mixins:[ReactMeteorData],\n  getMeteorData(){\n\n\n    var data = [];\n\n    var handle = Meteor.subscribe('sensors');\n\n    //Use ready() so data dont log before Sensors.find().fetch() is done\n    if(handle.ready()){\n      data = Sensors.find({}).fetch();\n      console.log(\"This is\",data);\n    }\n\n    return{\n      sensors: Sensors.find({}).fetch()\n    }\n\n  },\n\n  render(){\n\n    if(this.data.sensors){\n      var testVar = <div>Hei test</div>\n    }\n    return(\n      <div className=\"jumbotron\">\n        {testVar}\n      </div>\n    )\n  }\n})\n"]},"hash":"1eb311f89f9e0f7a523aee980fdd7ca370e84d13"}
