{"metadata":{"modules":{"imports":[],"exports":{"exported":[],"specifiers":[]}},"usedHelpers":[]},"ignored":false,"code":"ParentGraph = React.createClass({\n  displayName: 'ParentGraph',\n\n  mixins: [ReactMeteorData],\n  getMeteorData: function () {\n    //TODO subscribe to data from Mongo. From Readings\n    //Fetch data with params from user\n    // readings = Meteor.subscribe(<name>);\n    var subscription = Meteor.subscribe('sensors');\n    if (subscription.ready()) {\n      return {\n        sensors: Sensors.find({}).fetch()\n      };\n    }\n  },\n\n  render: function () {\n    //return Graph.jsx with data from getMeteorData\n    // this.props.<name>\n    if (this.data.readings) {\n\n      /* TODO map through results in readings and create a Graph component\n        for every results\n      */\n      return React.createElement(\n        'div',\n        null,\n        this.data.sensors.map(function (graph) {\n          return React.createElement(Graph, { sensors: graph.values });\n        })\n      );\n    } else {\n      //TODO Return spinner\n      return React.createElement(\n        'div',\n        null,\n        ' Loading...'\n      );\n    }\n  }\n});","ast":null,"map":{"version":3,"sources":["/client/components/dashboard/graph/ParentGraph.jsx"],"names":[],"mappings":"AAAA,WAAW,GAAG,KAAK,CAAC,WAAW,CAAC;;;AAC9B,QAAM,EAAE,CAAC,eAAe,CAAC;AACzB,eAAa,EAAA,YAAG;;;;AAId,QAAM,YAAY,GAAG,MAAM,CAAC,SAAS,CAAC,SAAS,CAAC,CAAC;AACjD,QAAK,YAAY,CAAC,KAAK,EAAE,EAAE;AACzB,aAAO;AACL,eAAO,EAAE,OAAO,CAAC,IAAI,CAAC,EAAE,CAAC,CAAC,KAAK,EAAE;OAClC,CAAA;KACF;GACF;;AAED,QAAM,EAAA,YAAG;;;AAGL,QAAI,IAAI,CAAC,IAAI,CAAC,QAAQ,EAAE;;;;;AAKtB,aACE;;;QACG,IAAI,CAAC,IAAI,CAAC,OAAO,CAAC,GAAG,CAAE,UAAA,KAAK;iBAAI,oBAAC,KAAK,IAAC,OAAO,EAAE,KAAK,CAAC,MAAM,AAAC,GAAG;SAAA,CAAE;OAC/D,CACP;KACF,MAAM;;AAEL,aACE;;;;OAAsB,CACvB;KACF;GACJ;CACF,CAAC,CAAA","file":"/client/components/dashboard/graph/ParentGraph.jsx.map","sourcesContent":["ParentGraph = React.createClass({\n  mixins: [ReactMeteorData],\n  getMeteorData() {\n    //TODO subscribe to data from Mongo. From Readings\n    //Fetch data with params from user\n    // readings = Meteor.subscribe(<name>);\n    const subscription = Meteor.subscribe('sensors');\n    if ( subscription.ready()) {\n      return {\n        sensors: Sensors.find({}).fetch(),\n      }\n    }\n  },\n\n  render() {\n      //return Graph.jsx with data from getMeteorData\n      // this.props.<name>\n      if (this.data.readings) {\n\n        /* TODO map through results in readings and create a Graph component\n          for every results\n        */\n        return(\n          <div>\n            {this.data.sensors.map((graph => <Graph sensors={graph.values} />))}\n          </div>\n        )\n      } else {\n        //TODO Return spinner\n        return (\n          <div> Loading...</div>\n        )\n      }\n  }\n})\n"]},"hash":"1f427e0ea3f0d0348f4a04e80b435f822c2864a0"}
