{"metadata":{"modules":{"imports":[],"exports":{"exported":[],"specifiers":[]}},"usedHelpers":[]},"ignored":false,"code":"Graph = React.createClass({\n  displayName: \"Graph\",\n\n  mixins: [ReactMeteorData],\n  getMeteorData: function () {\n    var object = {};\n    object.data = [];\n\n    var datahandle = Meteor.subscribe('sensors');\n    if (datahandle.ready()) {\n      object.data = Sensors.find({});\n      console.log(object.data);\n    }\n    //object = sensors.find({});\n    //console.log(\"This is object: \" + object);\n\n    //console.log(\"This is datahandle: \" + datahandle.values);\n  },\n\n  render: function () {\n\n    /*var rows = this.dataArray.map(function(data1){\n      return(\n        <div>\n          h\n        </div>\n      )\n    });*/\n\n    return React.createElement(\n      \"div\",\n      { className: \"jumbotron\" },\n      \"hei\"\n    );\n  }\n});","ast":null,"map":{"version":3,"sources":["/client/components/dashboard/graph/Graph.jsx"],"names":[],"mappings":"AAAA,KAAK,GAAG,KAAK,CAAC,WAAW,CAAC;;;AAExB,QAAM,EAAC,CAAC,eAAe,CAAC;AACxB,eAAa,EAAA,YAAE;AACb,QAAI,MAAM,GAAG,EAAE,CAAC;AAChB,UAAM,CAAC,IAAI,GAAG,EAAE,CAAC;;AAGjB,QAAI,UAAU,GAAG,MAAM,CAAC,SAAS,CAAC,SAAS,CAAC,CAAC;AAC7C,QAAG,UAAU,CAAC,KAAK,EAAE,EAAC;AACpB,YAAM,CAAC,IAAI,GAAG,OAAO,CAAC,IAAI,CAAC,EAAE,CAAC,CAAC;AAC/B,aAAO,CAAC,GAAG,CAAC,MAAM,CAAC,IAAI,CAAC,CAAC;KAC1B;;;;;GAOF;;AAED,QAAM,EAAA,YAAE;;;;;;;;;;AAUN,WACE;;QAAK,SAAS,EAAC,WAAW;;KAEpB,CACP;GACF;CACF,CAAC,CAAA","file":"/client/components/dashboard/graph/Graph.jsx.map","sourcesContent":["Graph = React.createClass({\n\n  mixins:[ReactMeteorData],\n  getMeteorData(){\n    let object = {};\n    object.data = [];\n\n\n    var datahandle = Meteor.subscribe('sensors');\n    if(datahandle.ready()){\n      object.data = Sensors.find({});\n      console.log(object.data);\n    }\n    //object = sensors.find({});\n    //console.log(\"This is object: \" + object);\n\n\n    //console.log(\"This is datahandle: \" + datahandle.values);\n\n  },\n\n  render(){\n\n    /*var rows = this.dataArray.map(function(data1){\n      return(\n        <div>\n          h\n        </div>\n      )\n    });*/\n\n    return(\n      <div className=\"jumbotron\">\n        hei\n      </div>\n    )\n  }\n})\n"]},"hash":"1f672f5643515a6f99b6b3bca25f3e63eb6664e2"}
