{"metadata":{"modules":{"imports":[],"exports":{"exported":[],"specifiers":[]}},"usedHelpers":[]},"ignored":false,"code":"Hub = React.createClass({\n  displayName: 'Hub',\n\n  mixins: [ReactMeteorData],\n  getMeteorData: function () {\n    var data = {};\n    data.sensor = {}; //_id, sensorType, graph{}, uuid, hubId, thingId\n    data.sensor.reading = [3, 2];\n    //subscribe to Sensors1 with this.props.hubId\n    var subscriptionSensors1 = Meteor.subscribe('sensors1', this.props.hubId);\n    if (subscriptionSensors1.ready()) {\n      data.sensor = Sensors1.find().fetch();\n\n      data.sensor.map(function (sensor) {\n        var subscriptionReading = Meteor.subscribe('readings', sensor._id);\n        if (subscriptionReading.ready()) {\n          data.sensor.reading = Readings.find().fetch();\n          var subscriptionThings = Meteor.subscribe('things', sensor.thingId);\n          if (subscriptionThings.ready()) {\n            data.sensor.thingDescription = Things.find({}, { _id: 0 });\n          }\n        }\n      });\n    }\n    console.log(\"DATA IN HUB\", data);\n    return data;\n  },\n  render: function () {\n    return React.createElement(\n      'div',\n      null,\n      'tom'\n    );\n  }\n});","ast":null,"map":{"version":3,"sources":["/client/components/dashboard/hubs/Hub.jsx"],"names":[],"mappings":"AAAA,GAAG,GAAG,KAAK,CAAC,WAAW,CAAC;;;AACtB,QAAM,EAAC,CAAC,eAAe,CAAC;AACxB,eAAa,EAAA,YAAE;AACb,QAAI,IAAI,GAAG,EAAE,CAAC;AACd,QAAI,CAAC,MAAM,GAAG,EAAE,CAAC;AACjB,QAAI,CAAC,MAAM,CAAC,OAAO,GAAG,CAAC,CAAC,EAAC,CAAC,CAAC,CAAC;;AAE5B,QAAM,oBAAoB,GAAG,MAAM,CAAC,SAAS,CAAC,UAAU,EAAE,IAAI,CAAC,KAAK,CAAC,KAAK,CAAC,CAAC;AAC5E,QAAG,oBAAoB,CAAC,KAAK,EAAE,EAAE;AAC/B,UAAI,CAAC,MAAM,GAAG,QAAQ,CAAC,IAAI,EAAE,CAAC,KAAK,EAAE,CAAC;;AAEtC,UAAI,CAAC,MAAM,CAAC,GAAG,CAAC,UAAS,MAAM,EAAC;AAC9B,YAAI,mBAAmB,GAAG,MAAM,CAAC,SAAS,CAAC,UAAU,EAAE,MAAM,CAAC,GAAG,CAAC,CAAC;AACnE,YAAG,mBAAmB,CAAC,KAAK,EAAE,EAAE;AAC9B,cAAI,CAAC,MAAM,CAAC,OAAO,GAAG,QAAQ,CAAC,IAAI,EAAE,CAAC,KAAK,EAAE,CAAC;AAC9C,cAAI,kBAAkB,GAAG,MAAM,CAAC,SAAS,CAAC,QAAQ,EAAE,MAAM,CAAC,OAAO,CAAC,CAAC;AACpE,cAAG,kBAAkB,CAAC,KAAK,EAAE,EAAE;AAC7B,gBAAI,CAAC,MAAM,CAAC,gBAAgB,GAAG,MAAM,CAAC,IAAI,CAAC,EAAE,EAAC,EAAC,GAAG,EAAC,CAAC,EAAC,CAAC,CAAC;WACxD;SACF;OACF,CAAC,CAAA;KACH;AACD,WAAO,CAAC,GAAG,CAAC,aAAa,EAAE,IAAI,CAAC,CAAC;AACjC,WAAO,IAAI,CAAC;GACb;AACD,QAAM,EAAA,YAAE;AACN,WACE;;;;KAAc,CACf;GACF;CACF,CAAC,CAAA","file":"/client/components/dashboard/hubs/Hub.jsx.map","sourcesContent":["Hub = React.createClass({\n  mixins:[ReactMeteorData],\n  getMeteorData(){\n    let data = {};\n    data.sensor = {}; //_id, sensorType, graph{}, uuid, hubId, thingId\n    data.sensor.reading = [3,2];\n    //subscribe to Sensors1 with this.props.hubId\n    const subscriptionSensors1 = Meteor.subscribe('sensors1', this.props.hubId);\n    if(subscriptionSensors1.ready()) {\n      data.sensor = Sensors1.find().fetch();\n\n      data.sensor.map(function(sensor){\n        let subscriptionReading = Meteor.subscribe('readings', sensor._id);\n        if(subscriptionReading.ready()) {\n          data.sensor.reading = Readings.find().fetch();\n          let subscriptionThings = Meteor.subscribe('things', sensor.thingId);\n          if(subscriptionThings.ready()) {\n            data.sensor.thingDescription = Things.find({},{_id:0});\n          }\n        }\n      })\n    }\n    console.log(\"DATA IN HUB\", data);\n    return data;\n  },\n  render(){\n    return(\n      <div>tom</div>\n    )\n  }\n})\n"]},"hash":"202bbf24252289491ae341b5e22031159b927e5d"}
