{"metadata":{"modules":{"imports":[],"exports":{"exported":[],"specifiers":[]}},"usedHelpers":[]},"ignored":false,"code":"Graph = React.createClass({\n  displayName: \"Graph\",\n\n  mixins: [ReactMeteorData],\n  getMeteorData: function () {\n\n    //let data = {};\n\n    SensorsCollection = new Mongo.Collection('sensors');\n    Meteor.subscribe(\"sensors\");\n    //data = SensorsCollection.find();\n    //return data;\n    //console.log(SensorsCollection.find());\n  },\n\n  render: function () {\n    return React.createElement(\n      \"div\",\n      { className: \"jumbotron\" },\n      \"hei\"\n    );\n  }\n});","ast":null,"map":{"version":3,"sources":["/client/components/dashboard/graph/Graph.jsx"],"names":[],"mappings":"AAAA,KAAK,GAAG,KAAK,CAAC,WAAW,CAAC;;;AAExB,QAAM,EAAC,CAAC,eAAe,CAAC;AACxB,eAAa,EAAA,YAAE;;;;AAIb,qBAAiB,GAAG,IAAI,KAAK,CAAC,UAAU,CAAC,SAAS,CAAC,CAAC;AACpD,UAAM,CAAC,SAAS,CAAC,SAAS,CAAC,CAAC;;;;GAI7B;;AAED,QAAM,EAAA,YAAE;AACN,WACE;;QAAK,SAAS,EAAC,WAAW;;KAEpB,CACP;GACF;CACF,CAAC,CAAA","file":"/client/components/dashboard/graph/Graph.jsx.map","sourcesContent":["Graph = React.createClass({\n\n  mixins:[ReactMeteorData],\n  getMeteorData(){\n\n    //let data = {};\n\n    SensorsCollection = new Mongo.Collection('sensors');\n    Meteor.subscribe(\"sensors\");\n    //data = SensorsCollection.find();\n    //return data;\n    //console.log(SensorsCollection.find());\n  },\n\n  render(){\n    return(\n      <div className=\"jumbotron\">\n        hei\n      </div>\n    )\n  }\n})\n"]},"hash":"203b1700e62b3e5b0cf55c71e5a9db6a82b35fc9"}
