{"metadata":{"modules":{"imports":[],"exports":{"exported":[],"specifiers":[]}},"usedHelpers":[]},"ignored":false,"code":"Site = React.createClass({\n  displayName: \"Site\",\n\n  mixins: [ReactMeteorData],\n  getMeteorData: function () {\n\n    var data = {};\n    data.sites = [];\n    var subscription = Meteor.subscribe('sites');\n\n    /*FIXME added message when sites not available, but the message renders first\n    even though the sites are available. Think a solution is more like the one\n    underneath the return. Just as solved in Hub-component\n    */\n    return {\n      ready: subscription.ready(),\n      sites: Sites.find().fetch()\n    };\n    /*if(subscription.ready()) {\n      data.sites = Sites.find({}).fetch();\n    }\n    return data;*/\n  },\n\n  render: function () {\n    var sitesList = undefined;\n    if (this.data.ready) {\n      sitesList = this.data.sites.map(function (site) {\n        var id = site._id;\n        var link = \"/dashboard/\" + id;\n        return React.createElement(\n          \"div\",\n          { key: site._id },\n          React.createElement(\n            \"div\",\n            { className: \"col-md-5 col-sm-10 siteWrapper\" },\n            React.createElement(\n              \"div\",\n              null,\n              React.createElement(\n                \"h2\",\n                { className: \"text-center\" },\n                React.createElement(\n                  \"a\",\n                  { className: \"site-links\", href: link },\n                  \" \",\n                  site.name,\n                  \" \"\n                ),\n                \" \"\n              ),\n              React.createElement(Map, { lat: site.latitude, lng: site.longitude })\n            )\n          )\n        );\n      });\n    } else {\n      sitesList = React.createElement(\n        \"div\",\n        { className: \"\" },\n        \" Sorry, no sites available or loading \"\n      );\n    }\n\n    return React.createElement(\n      \"div\",\n      { className: \"\" },\n      React.createElement(Navbar, null),\n      React.createElement(\n        \"div\",\n        { className: \"row\" },\n        sitesList\n      )\n    );\n  }\n});","ast":null,"map":{"version":3,"sources":["/client/components/sites/site.jsx"],"names":[],"mappings":"AAAA,IAAI,GAAG,KAAK,CAAC,WAAW,CAAC;;;AACvB,QAAM,EAAC,CAAC,eAAe,CAAC;AACxB,eAAa,EAAA,YAAE;;AAEb,QAAI,IAAI,GAAG,EAAE,CAAC;AACd,QAAI,CAAC,KAAK,GAAG,EAAE,CAAC;AAChB,QAAM,YAAY,GAAG,MAAM,CAAC,SAAS,CAAC,OAAO,CAAC,CAAC;;;;;;AAM/C,WAAO;AACL,WAAK,EAAE,YAAY,CAAC,KAAK,EAAE;AAC3B,WAAK,EAAE,KAAK,CAAC,IAAI,EAAE,CAAC,KAAK,EAAE;KAC5B,CAAA;;;;;GAKF;;AAED,QAAM,EAAA,YAAE;AACN,QAAI,SAAS,YAAA,CAAC;AACd,QAAI,IAAI,CAAC,IAAI,CAAC,KAAK,EAAE;AACf,eAAS,GAAG,IAAI,CAAC,IAAI,CAAC,KAAK,CAAC,GAAG,CAAC,UAAS,IAAI,EAAC;AAC5C,YAAI,EAAE,GAAG,IAAI,CAAC,GAAG,CAAC;AAClB,YAAI,IAAI,GAAG,aAAa,GAAC,EAAE,CAAC;AAC9B,eACE;;YAAK,GAAG,EAAE,IAAI,CAAC,GAAG,AAAC;UACjB;;cAAK,SAAS,EAAC,gCAAgC;YAC7C;;;cACE;;kBAAI,SAAS,EAAC,aAAa;gBAAC;;oBAAG,SAAS,EAAC,YAAY,EAAC,IAAI,EAAE,IAAI,AAAC;;kBAAG,IAAI,CAAC,IAAI;;iBAAM;;eAAM;cACvF,oBAAC,GAAG,IAAC,GAAG,EAAE,IAAI,CAAC,QAAQ,AAAC,EAAC,GAAG,EAAE,IAAI,CAAC,SAAS,AAAC,GAAG;aAC9C;WACF;SAEF,CACP;OACF,CAAC,CAAA;KACL,MAAM;AACL,eAAS,GAAG;;UAAK,SAAS,EAAC,EAAE;;OAA6C,CAAA;KAC3E;;AAED,WACE;;QAAK,SAAS,EAAC,EAAE;MACf,oBAAC,MAAM,OAAG;MACV;;UAAK,SAAS,EAAC,KAAK;QACf,SAAS;OACR;KACF,CACP;GACF;CACF,CAAC,CAAA","file":"/client/components/sites/site.jsx.map","sourcesContent":["Site = React.createClass({\n  mixins:[ReactMeteorData],\n  getMeteorData(){\n\n    let data = {};\n    data.sites = [];\n    const subscription = Meteor.subscribe('sites');\n\n    /*FIXME added message when sites not available, but the message renders first\n    even though the sites are available. Think a solution is more like the one\n    underneath the return. Just as solved in Hub-component\n    */\n    return {\n      ready: subscription.ready(),\n      sites: Sites.find().fetch(),\n    }\n    /*if(subscription.ready()) {\n      data.sites = Sites.find({}).fetch();\n    }\n    return data;*/\n  },\n\n  render(){\n    let sitesList;\n    if( this.data.ready) {\n          sitesList = this.data.sites.map(function(site){\n            let id = site._id;\n            let link = \"/dashboard/\"+id;\n          return(\n            <div key={site._id}>\n              <div className=\"col-md-5 col-sm-10 siteWrapper\">\n                <div>\n                  <h2 className=\"text-center\"><a className=\"site-links\" href={link}> {site.name} </a> </h2>\n                    <Map lat={site.latitude} lng={site.longitude} />\n                </div>\n              </div>\n\n            </div>\n          )\n        })\n    } else {\n      sitesList = <div className=\"\"> Sorry, no sites available or loading </div>\n    }\n\n    return(\n      <div className=\"\">\n        <Navbar />\n        <div className=\"row\">\n            {sitesList}\n        </div>\n      </div>\n    )\n  }\n})\n"]},"hash":"21171933a563431a23b2ec1e245d046c6e85a7d8"}
