{"metadata":{"modules":{"imports":[],"exports":{"exported":[],"specifiers":[]}},"usedHelpers":[]},"ignored":false,"code":"NoSitesAvailable = React.createClass({\n  displayName: \"NoSitesAvailable\",\n\n  render: function () {\n    return React.createElement(\n      \"div\",\n      { className: \"greenText\" },\n      \"Sorry, no \",\n      this.props.datatype,\n      \" available at this time!\"\n    );\n  }\n});","ast":null,"map":{"version":3,"sources":["/client/components/noSitesAvailable/noSitesAvailable.jsx"],"names":[],"mappings":"AAAA,gBAAgB,GAAG,KAAK,CAAC,WAAW,CAAC;;;AACnC,QAAM,EAAA,YAAE;AACN,WACE;;QAAK,SAAS,EAAC,WAAW;;MACb,IAAI,CAAC,KAAK,CAAC,QAAQ;;KAC1B,CACP;GACF;CACF,CAAC,CAAA","file":"/client/components/noSitesAvailable/noSitesAvailable.jsx.map","sourcesContent":["NoSitesAvailable = React.createClass({\n  render(){\n    return(\n      <div className=\"greenText\">\n        Sorry, no {this.props.datatype} available at this time! \n      </div>\n    )\n  }\n})\n"]},"hash":"2140f002f2ffc863456690e10c01bdffed5d58eb"}
