{"metadata":{"modules":{"imports":[],"exports":{"exported":[],"specifiers":[]}},"usedHelpers":[]},"ignored":false,"code":"FrameGraphCo2 = React.createClass({\n  displayName: \"FrameGraphCo2\",\n\n  mixins: [ReactMeteorData],\n  getMeteorData: function () {\n\n    var handle = Meteor.subscribe('sensors');\n    var data = {};\n    var sensors = [];\n\n    if (handle.ready()) {\n      sensors = Sensors.find({ type: \"co2\" }).fetch();\n      console.log(\"sensors in fgco2: \", sensors);\n    }\n    return sensors;\n  },\n  render: function () {\n    return React.createElement(\n      \"div\",\n      null,\n      React.createElement(Graph, { data: this.data.sensors })\n    );\n  }\n});","ast":null,"map":{"version":3,"sources":["/client/components/dashboard/graph/FrameGraphCo2.jsx"],"names":[],"mappings":"AAAA,aAAa,GAAG,KAAK,CAAC,WAAW,CAAC;;;AAEhC,QAAM,EAAE,CAAC,eAAe,CAAC;AACzB,eAAa,EAAA,YAAE;;AAEb,QAAI,MAAM,GAAG,MAAM,CAAC,SAAS,CAAC,SAAS,CAAC,CAAC;AACzC,QAAI,IAAI,GAAG,EAAE,CAAC;AACd,QAAI,OAAO,GAAG,EAAE,CAAC;;AAEjB,QAAG,MAAM,CAAC,KAAK,EAAE,EACjB;AACE,aAAO,GAAG,OAAO,CAAC,IAAI,CAAC,EAAC,IAAI,EAAC,KAAK,EAAC,CAAC,CAAC,KAAK,EAAE,CAAC;AAC7C,aAAO,CAAC,GAAG,CAAC,oBAAoB,EAAE,OAAO,CAAC,CAAC;KAC5C;AACD,WAAO,OAAO,CAAC;GAChB;AACD,QAAM,EAAA,YAAE;AACN,WACE;;;MACE,oBAAC,KAAK,IAAC,IAAI,EAAE,IAAI,CAAC,IAAI,CAAC,OAAO,AAAC,GAAE;KAC7B,CAEP;GACF;CACF,CAAC,CAAA","file":"/client/components/dashboard/graph/FrameGraphCo2.jsx.map","sourcesContent":["FrameGraphCo2 = React.createClass({\n\n  mixins: [ReactMeteorData],\n  getMeteorData(){\n\n    var handle = Meteor.subscribe('sensors');\n    let data = {};\n    var sensors = [];\n\n    if(handle.ready())\n    {\n      sensors = Sensors.find({type:\"co2\"}).fetch();\n      console.log(\"sensors in fgco2: \", sensors);\n    }\n    return sensors;\n  },\n  render(){\n    return (\n      <div>\n        <Graph data={this.data.sensors}/>\n      </div>\n\n    )\n  }\n})\n"]},"hash":"21a1c25b2cf25ec5b9af4c8cbbec168b94802283"}
