{"metadata":{"modules":{"imports":[],"exports":{"exported":[],"specifiers":[]}},"usedHelpers":[]},"ignored":false,"code":"Graph = React.createClass({\n  displayName: 'Graph',\n\n  mixins: [ReactMeteorData],\n  getMeteorData: function () {\n\n    //let data = {};\n\n    Sensors = new Mongo.Collection('sensors');\n    //console.log(SensorsCollection);\n\n    var data;\n    Meteor.subscribe('sensors');\n    data = Sensors.find({});\n    //return data;\n    //console.log(SensorsCollection.find());\n\n    //  data.array = [];\n    console.log(data);\n    return data;\n  },\n\n  render: function () {\n\n    if (!this.data) {\n      var testVar = React.createElement(\n        'div',\n        null,\n        'Hei test'\n      );\n    }\n\n    return React.createElement(\n      'div',\n      { className: 'jumbotron' },\n      testVar\n    );\n  }\n});","ast":null,"map":{"version":3,"sources":["/client/components/dashboard/graph/Graph.jsx"],"names":[],"mappings":"AAAA,KAAK,GAAG,KAAK,CAAC,WAAW,CAAC;;;AAExB,QAAM,EAAC,CAAC,eAAe,CAAC;AACxB,eAAa,EAAA,YAAE;;;;AAIb,WAAO,GAAG,IAAI,KAAK,CAAC,UAAU,CAAC,SAAS,CAAC,CAAC;;;AAG1C,QAAI,IAAI,CAAC;AACT,UAAM,CAAC,SAAS,CAAC,SAAS,CAAC,CAAC;AAC5B,QAAI,GAAG,OAAO,CAAC,IAAI,CAAC,EAAE,CAAC,CAAC;;;;;AAKxB,WAAO,CAAC,GAAG,CAAC,IAAI,CAAC,CAAC;AAClB,WAAO,IAAI,CAAC;GAEb;;AAED,QAAM,EAAA,YAAE;;AAEN,QAAG,CAAC,IAAI,CAAC,IAAI,EAAC;AACZ,UAAI,OAAO,GAAG;;;;OAAmB,CAAA;KAClC;;AAED,WACE;;QAAK,SAAS,EAAC,WAAW;MACvB,OAAO;KACJ,CACP;GACF;CACF,CAAC,CAAA","file":"/client/components/dashboard/graph/Graph.jsx.map","sourcesContent":["Graph = React.createClass({\n\n  mixins:[ReactMeteorData],\n  getMeteorData(){\n\n    //let data = {};\n\n    Sensors = new Mongo.Collection('sensors');\n    //console.log(SensorsCollection);\n\n    var data;\n    Meteor.subscribe('sensors');\n    data = Sensors.find({});\n    //return data;\n    //console.log(SensorsCollection.find());\n\n  //  data.array = [];\n    console.log(data);\n    return data;\n\n  },\n\n  render(){\n\n    if(!this.data){\n      var testVar = <div>Hei test</div>\n    }\n\n    return(\n      <div className=\"jumbotron\">\n        {testVar}\n      </div>\n    )\n  }\n})\n"]},"hash":"21d97138a26b650670e3f777e470c2dd057ff969"}
