{"metadata":{"modules":{"imports":[],"exports":{"exported":[],"specifiers":[]}},"usedHelpers":[]},"ignored":false,"code":"DashboardPage = React.createClass({\n  displayName: \"DashboardPage\",\n\n  mixins: [ReactMeteorData],\n  /*getMeteorData(){\n    //1.Get data from matching siteId and hubId\n    //2.Publish from hubs with siteId. That gives _id\n    //3.Publish from sensors1 with hubId. That should give thingId og _id\n    //4. Publish from things with thingId. That gives description\n    //5. Publish from reading whith sensorId. That gives day and values\n    return\n  },*/\n  render: function () {\n    return React.createElement(\n      \"div\",\n      { id: \"bg\" },\n      React.createElement(\n        \"div\",\n        { className: \"row\" },\n        React.createElement(\n          \"div\",\n          { className: \"col-md-2 col-sm-12\" },\n          React.createElement(Metadata, null)\n        ),\n        React.createElement(\n          \"div\",\n          { className: \"col-md-5 col-sm-12\" },\n          React.createElement(ParentGraph, null)\n        ),\n        React.createElement(\"div\", { className: \"col-md-5 col-sm-12\" })\n      ),\n      React.createElement(\n        \"div\",\n        { className: \"row\" },\n        React.createElement(\"div\", { className: \"col-md-5 col-md-offset-2\" })\n      )\n    );\n  }\n});","ast":null,"map":{"version":3,"sources":["/client/components/dashboard/DashboardPage.jsx"],"names":[],"mappings":"AAAA,aAAa,GAAG,KAAK,CAAC,WAAW,CAAC;;;AAChC,QAAM,EAAE,CAAC,eAAe,CAAC;;;;;;;;;AASzB,QAAM,EAAA,YAAE;AACN,WACE;;QAAK,EAAE,EAAC,IAAI;MACV;;UAAK,SAAS,EAAC,KAAK;QAClB;;YAAK,SAAS,EAAC,oBAAoB;UACjC,oBAAC,QAAQ,OAAG;SACR;QACN;;YAAK,SAAS,EAAC,oBAAoB;UACjC,oBAAC,WAAW,OAAG;SACX;QACN,6BAAK,SAAS,EAAC,oBAAoB,GAC7B;OACF;MACN;;UAAK,SAAS,EAAC,KAAK;QAClB,6BAAK,SAAS,EAAC,0BAA0B,GACnC;OACF;KACF,CACP;GACF;CACF,CAAC,CAAA","file":"/client/components/dashboard/DashboardPage.jsx.map","sourcesContent":["DashboardPage = React.createClass({\n  mixins: [ReactMeteorData],\n  /*getMeteorData(){\n    //1.Get data from matching siteId and hubId\n    //2.Publish from hubs with siteId. That gives _id\n    //3.Publish from sensors1 with hubId. That should give thingId og _id\n    //4. Publish from things with thingId. That gives description\n    //5. Publish from reading whith sensorId. That gives day and values\n    return\n  },*/\n  render(){\n    return(\n      <div id=\"bg\">\n        <div className=\"row\">\n          <div className=\"col-md-2 col-sm-12\">\n            <Metadata />\n          </div>\n          <div className=\"col-md-5 col-sm-12\">\n            <ParentGraph />\n          </div>\n          <div className=\"col-md-5 col-sm-12\">\n          </div>\n        </div>\n        <div className=\"row\">\n          <div className=\"col-md-5 col-md-offset-2\">\n          </div>\n        </div>\n      </div>\n    )\n  }\n})\n"]},"hash":"222014095eb5ae5be3e9b53f9520b75d91b587cf"}
