{"metadata":{"modules":{"imports":[],"exports":{"exported":[],"specifiers":[]}},"usedHelpers":[]},"ignored":false,"code":"Site = React.createClass({\n  displayName: \"Site\",\n\n  mixins: [ReactMeteorData],\n  getMeteorData: function () {\n\n    var data = {};\n    data.sites = [];\n    var subscription = Meteor.subscribe('sites');\n\n    /*return {\n      ready: subscription.ready(),\n      sites: Sites.find().fetch(),\n    }*/\n    if (subscription.ready()) {\n      data.sites = Sites.find({}).fetch();\n    }\n    return data;\n  },\n\n  render: function () {\n    var sitesList = undefined;\n    if (this.data.sites) {\n      sitesList = this.data.sites.map(function (site) {\n        var id = site._id;\n        var link = \"/dashboard/\" + id;\n        return React.createElement(\n          \"div\",\n          { key: site._id, className: \"row site-row\", id: \"site-row\" },\n          React.createElement(\n            \"div\",\n            { className: \"col-md-12 col-sm-12\" },\n            React.createElement(\n              \"div\",\n              null,\n              React.createElement(\n                \"h2\",\n                null,\n                React.createElement(\n                  \"a\",\n                  { className: \"site-links\", href: link },\n                  \" \",\n                  site.name,\n                  \" \"\n                ),\n                \" \"\n              ),\n              React.createElement(Map, null)\n            )\n          )\n        );\n      });\n    } else {\n      sitesList = React.createElement(\n        \"div\",\n        { className: \"blueText\" },\n        \" Sorry, no sites available \"\n      );\n    }\n\n    return React.createElement(\n      \"div\",\n      { className: \"text-center\" },\n      React.createElement(Navbar, null),\n      React.createElement(\n        \"div\",\n        null,\n        React.createElement(\n          \"h1\",\n          { className: \"blueText\" },\n          \"Your sites\"\n        ),\n        sitesList\n      )\n    );\n  }\n});","ast":null,"map":{"version":3,"sources":["/client/components/sites/Site.jsx"],"names":[],"mappings":"AAAA,IAAI,GAAG,KAAK,CAAC,WAAW,CAAC;;;AACvB,QAAM,EAAC,CAAC,eAAe,CAAC;AACxB,eAAa,EAAA,YAAE;;AAEb,QAAI,IAAI,GAAG,EAAE,CAAC;AACd,QAAI,CAAC,KAAK,GAAG,EAAE,CAAC;AAChB,QAAM,YAAY,GAAG,MAAM,CAAC,SAAS,CAAC,OAAO,CAAC,CAAC;;;;;;AAM/C,QAAG,YAAY,CAAC,KAAK,EAAE,EAAE;AACvB,UAAI,CAAC,KAAK,GAAG,KAAK,CAAC,IAAI,CAAC,EAAE,CAAC,CAAC,KAAK,EAAE,CAAC;KACrC;AACD,WAAO,IAAI,CAAC;GACb;;AAED,QAAM,EAAA,YAAE;AACN,QAAI,SAAS,YAAA,CAAC;AACd,QAAI,IAAI,CAAC,IAAI,CAAC,KAAK,EAAE;AACf,eAAS,GAAG,IAAI,CAAC,IAAI,CAAC,KAAK,CAAC,GAAG,CAAC,UAAS,IAAI,EAAC;AAC5C,YAAI,EAAE,GAAG,IAAI,CAAC,GAAG,CAAC;AAClB,YAAI,IAAI,GAAG,aAAa,GAAC,EAAE,CAAC;AAC9B,eACE;;YAAK,GAAG,EAAE,IAAI,CAAC,GAAG,AAAC,EAAC,SAAS,EAAC,cAAc,EAAC,EAAE,EAAC,UAAU;UACxD;;cAAK,SAAS,EAAC,qBAAqB;YAClC;;;cACE;;;gBAAI;;oBAAG,SAAS,EAAC,YAAY,EAAC,IAAI,EAAE,IAAI,AAAC;;kBAAG,IAAI,CAAC,IAAI;;iBAAM;;eAAM;cAC/D,oBAAC,GAAG,OAAG;aACL;WACF;SACF,CACP;OACF,CAAC,CAAA;KACL,MAAM;AACL,eAAS,GAAG;;UAAK,SAAS,EAAC,UAAU;;OAAkC,CAAA;KACxE;;AAED,WACE;;QAAK,SAAS,EAAC,aAAa;MAC1B,oBAAC,MAAM,OAAG;MACV;;;QACE;;YAAI,SAAS,EAAC,UAAU;;SAAgB;QACrC,SAAS;OACR;KACF,CACP;GACF;CACF,CAAC,CAAA","file":"/client/components/sites/Site.jsx.map","sourcesContent":["Site = React.createClass({\n  mixins:[ReactMeteorData],\n  getMeteorData(){\n\n    let data = {};\n    data.sites = [];\n    const subscription = Meteor.subscribe('sites');\n\n    /*return {\n      ready: subscription.ready(),\n      sites: Sites.find().fetch(),\n    }*/\n    if(subscription.ready()) {\n      data.sites = Sites.find({}).fetch();\n    }\n    return data;\n  },\n\n  render(){\n    let sitesList;\n    if( this.data.sites) {\n          sitesList = this.data.sites.map(function(site){\n            let id = site._id;\n            let link = \"/dashboard/\"+id;\n          return(\n            <div key={site._id} className=\"row site-row\" id=\"site-row\">\n              <div className=\"col-md-12 col-sm-12\">\n                <div>\n                  <h2><a className=\"site-links\" href={link}> {site.name} </a> </h2>\n                    <Map />\n                </div>\n              </div>\n            </div>\n          )\n        })\n    } else {\n      sitesList = <div className=\"blueText\"> Sorry, no sites available </div>\n    }\n\n    return(\n      <div className=\"text-center\">\n        <Navbar />\n        <div>\n          <h1 className=\"blueText\">Your sites</h1>\n            {sitesList}\n        </div>\n      </div>\n    )\n  }\n})\n"]},"hash":"2232e1c39152e42dd8aa83b9dad3c097d631b95b"}
