{"metadata":{"modules":{"imports":[],"exports":{"exported":[],"specifiers":[]}},"usedHelpers":[]},"ignored":false,"code":"Graph = React.createClass({\n  displayName: \"Graph\",\n\n  mixins: [ReactMeteorData],\n\n  getMeteorData: function () {\n    var data = [];\n    var handle = Meteor.subscribe('sensors');\n\n    //Use ready() so data dont log before Sensors.find().fetch() is done\n    if (handle.ready()) {\n      data = Sensors.find({}).fetch();\n      console.log(\"This is\", data);\n    }\n    return {\n      sensors: Sensors.find({}).fetch()\n    };\n  },\n\n  _createGraph: function (data) {\n\n    var graphString = \"\";\n    //console.log(retur[0]);\n    var allValues = this.data.sensors[0];\n    //console.log(\"this is test: \", test[0].day);\n    //console.log(\"this is allValues\", allValues[0]);\n    //var day = allValues[0].day;\n    var day = \"2016-02-09\";\n    for (var key in babelHelpers.sanitizeForInObject(allValues)) {\n      if (key == \"values\") for (var i in babelHelpers.sanitizeForInObject(allValues[key])) {\n        // i = hours\n        var hour = i;\n        //console.log(i);\n        for (var j in babelHelpers.sanitizeForInObject(allValues[key][i])) {\n          // j = minutes\n          var minute = j;\n          //console.log(j);\n          for (var k in babelHelpers.sanitizeForInObject(allValues[key][i][j])) {\n            // k = seconds\n            var second = k;\n            var value = allValues[key][i][j][k];\n            //console.log(\"hour:\" + hour + \"| minute: \" + minute + \"| second: \" + second + \"| value: \" + value);\n            graphString += day + \",\" + hour + \"-\" + minute + \"-\" + second + \",\" + value + \"\\n\";\n          }\n        }\n      }\n    }\n    console.log(graphString);\n    this.g = new Dygraph(this.refs.graphDiv, \"Date,time,Value\\n\" + \"2016-02-09,22-6-30,527.9575462179744\\n\" + \"2016-02-09,22-6-31,527.7079762950011\");\n  },\n\n  componentDidMount: function () {\n    this._createGraph();\n  },\n  componentDidUpdate: function () {\n    this._createGraph();\n  },\n\n  render: function () {\n    /*if(this.data.sensors){\n      var testVar = <div>Hei test</div>\n    }*/\n\n    return React.createElement(\"div\", { ref: \"graphDiv\" });\n  }\n});","ast":null,"map":{"version":3,"sources":["/client/components/dashboard/graph/Graph.jsx"],"names":[],"mappings":"AAAA,KAAK,GAAG,KAAK,CAAC,WAAW,CAAC;;;AAExB,QAAM,EAAC,CAAC,eAAe,CAAC;;AAExB,eAAa,EAAA,YAAE;AACb,QAAI,IAAI,GAAG,EAAE,CAAC;AACd,QAAI,MAAM,GAAG,MAAM,CAAC,SAAS,CAAC,SAAS,CAAC,CAAC;;;AAGzC,QAAG,MAAM,CAAC,KAAK,EAAE,EAAC;AAChB,UAAI,GAAG,OAAO,CAAC,IAAI,CAAC,EAAE,CAAC,CAAC,KAAK,EAAE,CAAC;AAChC,aAAO,CAAC,GAAG,CAAC,SAAS,EAAC,IAAI,CAAC,CAAC;KAC7B;AACD,WAAM;AACJ,aAAO,EAAE,OAAO,CAAC,IAAI,CAAC,EAAE,CAAC,CAAC,KAAK,EAAE;KAClC,CAAA;GAEF;;AAED,cAAY,EAAE,UAAS,IAAI,EAAC;;AAE5B,QAAI,WAAW,GAAG,EAAE,CAAC;;AAErB,QAAI,SAAS,GAAG,IAAI,CAAC,IAAI,CAAC,OAAO,CAAC,CAAC,CAAC,CAAC;;;;AAIrC,QAAI,GAAG,GAAG,YAAY,CAAC;AACvB,SAAI,IAAI,GAAG,qCAAI,SAAS,GAAC;AACvB,UAAG,GAAG,IAAI,QAAQ,EAClB,KAAI,IAAI,CAAC,qCAAI,SAAS,CAAC,GAAG,CAAC,GAAC;;AAC1B,YAAI,IAAI,GAAG,CAAC,CAAC;;AAEX,aAAI,IAAI,CAAC,qCAAI,SAAS,CAAC,GAAG,CAAC,CAAC,CAAC,CAAC,GAAC;;AAC7B,cAAI,MAAM,GAAG,CAAC,CAAC;;AAEf,eAAI,IAAI,CAAC,qCAAI,SAAS,CAAC,GAAG,CAAC,CAAC,CAAC,CAAC,CAAC,CAAC,CAAC,GAAC;;AAChC,gBAAI,MAAM,GAAG,CAAC,CAAC;AACf,gBAAI,KAAK,GAAG,SAAS,CAAC,GAAG,CAAC,CAAC,CAAC,CAAC,CAAC,CAAC,CAAC,CAAC,CAAC,CAAC,CAAC;;AAEpC,uBAAW,IAAI,GAAG,GAAG,GAAG,GAAG,IAAI,GAAG,GAAG,GAAG,MAAM,GAAG,GAAG,GAAG,MAAM,GAAG,GAAG,GAAG,KAAK,GAAG,IAAI,CAAC;WACpF;SACF;OACJ;KACF;AACD,WAAO,CAAC,GAAG,CAAC,WAAW,CAAC,CAAC;AACrB,QAAI,CAAC,CAAC,GAAG,IAAI,OAAO,CACpB,IAAI,CAAC,IAAI,CAAC,QAAQ,EAClB,mBAAmB,GAAG,wCAAwC,GAC9D,sCAAsC,CACvC,CAAC;GACH;;AAED,mBAAiB,EAAE,YAAU;AAC3B,QAAI,CAAC,YAAY,EAAE,CAAC;GACrB;AACD,oBAAkB,EAAE,YAAU;AAC5B,QAAI,CAAC,YAAY,EAAE,CAAC;GACrB;;AAGD,QAAM,EAAA,YAAE;;;;;AAKN,WACE,6BAAK,GAAG,EAAC,UAAU,GACb,CACP;GACF;CACF,CAAC,CAAA","file":"/client/components/dashboard/graph/Graph.jsx.map","sourcesContent":["Graph = React.createClass({\n\n  mixins:[ReactMeteorData],\n\n  getMeteorData(){\n    var data = [];\n    var handle = Meteor.subscribe('sensors');\n\n    //Use ready() so data dont log before Sensors.find().fetch() is done\n    if(handle.ready()){\n      data = Sensors.find({}).fetch();\n      console.log(\"This is\",data);\n    }\n    return{\n      sensors: Sensors.find({}).fetch()\n    }\n\n  },\n\n  _createGraph: function(data){\n\n  var graphString = \"\";\n  //console.log(retur[0]);\n  var allValues = this.data.sensors[0];\n  //console.log(\"this is test: \", test[0].day);\n  //console.log(\"this is allValues\", allValues[0]);\n  //var day = allValues[0].day;\n  var day = \"2016-02-09\";\n  for(var key in allValues){\n    if(key == \"values\")\n    for(var i in allValues[key]){ // i = hours\n      var hour = i;\n        //console.log(i);\n        for(var j in allValues[key][i]){ // j = minutes\n          var minute = j;\n          //console.log(j);\n          for(var k in allValues[key][i][j]){ // k = seconds\n            var second = k;\n            var value = allValues[key][i][j][k];\n            //console.log(\"hour:\" + hour + \"| minute: \" + minute + \"| second: \" + second + \"| value: \" + value);\n            graphString += day + \",\" + hour + \"-\" + minute + \"-\" + second + \",\" + value + \"\\n\";\n          }\n        }\n    }\n  }\n  console.log(graphString);\n      this.g = new Dygraph(\n      this.refs.graphDiv,\n      \"Date,time,Value\\n\" + \"2016-02-09,22-6-30,527.9575462179744\\n\" +\n      \"2016-02-09,22-6-31,527.7079762950011\"\n    );\n  },\n\n  componentDidMount: function(){\n    this._createGraph();\n  },\n  componentDidUpdate: function(){\n    this._createGraph();\n  },\n\n\n  render(){\n    /*if(this.data.sensors){\n      var testVar = <div>Hei test</div>\n    }*/\n\n    return(\n      <div ref=\"graphDiv\">\n      </div>\n    )\n  }\n})\n"]},"hash":"22be979444b7531dd4f34a416b15f1c72c4ff99f"}
