{"metadata":{"modules":{"imports":[],"exports":{"exported":[],"specifiers":[]}},"usedHelpers":[]},"ignored":false,"code":"SubNavbar = React.createClass({\n  displayName: 'SubNavbar',\n\n  mixins: [ReactMeteorData],\n  getMeteorData: function () {\n    var data = {};\n    data.sites = [];\n    var subscription = Meteor.subscribe('sites');\n    return {\n      ready: subscription.ready(),\n      sites: Sites.find().fetch()\n    };\n  },\n  handleButtonClicks: function (period) {\n    //timePeriod = new ReactiveVar();\n    switch (period) {\n      case 'today':\n        Session.set('timePeriod', 'today');\n        break;\n      case 'week':\n        Session.set('timePeriod', 'week');\n        break;\n      case 'month':\n        Session.set('timePeriod', 'month');\n        break;\n      default:\n      //Session.set('timePeriod', 'today');\n    }\n    console.log(Session.get('timePeriod'));\n  },\n  render: function () {\n    var sitesList = undefined;\n    if (this.data.ready) {\n      sitesList = this.data.sites.map(function (site) {\n        var id = site._id;\n        var link = \"/dashboard/\" + id;\n        return React.createElement(\n          'div',\n          { key: site._id },\n          React.createElement(\n            'li',\n            null,\n            React.createElement(\n              'a',\n              { className: 'queryLinks', href: link },\n              ' ',\n              site.name,\n              ' '\n            )\n          )\n        );\n      });\n    } else {\n      sitesList = React.createElement(\n        'li',\n        null,\n        ' Sorry, no sites available or loading '\n      );\n    }\n    return React.createElement(\n      'nav',\n      { className: 'navbar navbar-inverse navbar-static-top', id: 'subNavbar', role: 'navigation' },\n      React.createElement(\n        'div',\n        { className: 'navbar-header collapse navbar-collapse' },\n        React.createElement(\n          'ul',\n          { className: 'nav navbar-nav' },\n          React.createElement(\n            'li',\n            { className: 'dropdown subNavbarLi' },\n            React.createElement(\n              'a',\n              { href: '#', className: 'dropdown-toggle', 'data-toggle': 'dropdown', role: 'button', 'aria-haspopup': 'true', 'aria-expanded': 'false' },\n              'Change Site ',\n              React.createElement('i', { className: 'fa fa-caret-down greenIcon' }),\n              ' '\n            ),\n            React.createElement(\n              'ul',\n              { className: 'dropdown-menu', id: 'yourSites' },\n              sitesList\n            )\n          )\n        ),\n        React.createElement(\n          'ul',\n          { className: 'nav navbar-nav' },\n          React.createElement(\n            'li',\n            { className: 'subNavbarLi' },\n            React.createElement(\n              'a',\n              { href: '', onClick: this.handleButtonClicks.bind(this, 'today') },\n              'Today'\n            )\n          ),\n          React.createElement(\n            'li',\n            { className: 'subNavbarLi' },\n            React.createElement(\n              'a',\n              { href: '', onClick: this.handleButtonClicks.bind(this, 'week') },\n              'Week'\n            )\n          ),\n          React.createElement(\n            'li',\n            { className: 'subNavbarLi' },\n            React.createElement(\n              'a',\n              { href: '', onClick: this.handleButtonClicks.bind(this, 'month') },\n              'Month'\n            )\n          )\n        )\n      )\n    );\n  }\n});","ast":null,"map":{"version":3,"sources":["/client/components/navbar/subNavbar.jsx"],"names":[],"mappings":"AAAA,SAAS,GAAG,KAAK,CAAC,WAAW,CAAC;;;AAC5B,QAAM,EAAC,CAAC,eAAe,CAAC;AACxB,eAAa,EAAA,YAAG;AACd,QAAI,IAAI,GAAG,EAAE,CAAC;AACd,QAAI,CAAC,KAAK,GAAG,EAAE,CAAC;AAChB,QAAM,YAAY,GAAG,MAAM,CAAC,SAAS,CAAC,OAAO,CAAC,CAAC;AAC/C,WAAO;AACL,WAAK,EAAE,YAAY,CAAC,KAAK,EAAE;AAC3B,WAAK,EAAE,KAAK,CAAC,IAAI,EAAE,CAAC,KAAK,EAAE;KAC5B,CAAA;GACF;AACD,oBAAkB,EAAA,UAAC,MAAM,EAAE;;AAEzB,YAAQ,MAAM;AACZ,WAAK,OAAO;AACZ,eAAO,CAAC,GAAG,CAAC,YAAY,EAAE,OAAO,CAAC,CAAC;AACnC,cAAM;AAAA,AACN,WAAK,MAAM;AACX,eAAO,CAAC,GAAG,CAAC,YAAY,EAAE,MAAM,CAAC,CAAC;AAClC,cAAM;AAAA,AACN,WAAK,OAAO;AACZ,eAAO,CAAC,GAAG,CAAC,YAAY,EAAE,OAAO,CAAC,CAAC;AACnC,cAAM;AAAA,AACN,cAAQ;;KAET;AACD,WAAO,CAAC,GAAG,CAAC,OAAO,CAAC,GAAG,CAAC,YAAY,CAAC,CAAC,CAAC;GACxC;AACD,QAAM,EAAA,YAAE;AACN,QAAI,SAAS,YAAA,CAAC;AACd,QAAI,IAAI,CAAC,IAAI,CAAC,KAAK,EAAE;AACnB,eAAS,GAAG,IAAI,CAAC,IAAI,CAAC,KAAK,CAAC,GAAG,CAAC,UAAS,IAAI,EAAC;AAC5C,YAAI,EAAE,GAAG,IAAI,CAAC,GAAG,CAAC;AAClB,YAAI,IAAI,GAAG,aAAa,GAAC,EAAE,CAAC;AAC5B,eACE;;YAAK,GAAG,EAAE,IAAI,CAAC,GAAG,AAAC;UACjB;;;YAAI;;gBAAG,SAAS,EAAC,YAAY,EAAC,IAAI,EAAE,IAAI,AAAC;;cAAG,IAAI,CAAC,IAAI;;aAAM;WAAK;SAC5D,CACP;OACF,CAAC,CAAA;KACH,MAAM;AACL,eAAS,GAAG;;;;OAA+C,CAAA;KAC5D;AACD,WACE;;QAAK,SAAS,EAAC,yCAAyC,EAAC,EAAE,EAAC,WAAW,EAAC,IAAI,EAAC,YAAY;MACvF;;UAAK,SAAS,EAAC,wCAAwC;QACrD;;YAAI,SAAS,EAAC,gBAAgB;UAC5B;;cAAI,SAAS,EAAC,sBAAsB;YAClC;;gBAAG,IAAI,EAAC,GAAG,EAAC,SAAS,EAAC,iBAAiB,EAAC,eAAY,UAAU,EAAC,IAAI,EAAC,QAAQ,EAAC,iBAAc,MAAM,EAAC,iBAAc,OAAO;;cACzG,2BAAG,SAAS,EAAC,4BAA4B,GAAK;;aAAK;YACjE;;gBAAI,SAAS,EAAC,eAAe,EAAC,EAAE,EAAC,WAAW;cACzC,SAAS;aACP;WACF;SACF;QACL;;YAAI,SAAS,EAAC,gBAAgB;UAC5B;;cAAI,SAAS,EAAC,aAAa;YAAC;;gBAAG,IAAI,EAAC,EAAE,EAAC,OAAO,EAAE,IAAI,CAAC,kBAAkB,CAAC,IAAI,CAAC,IAAI,EAAE,OAAO,CAAC,AAAC;;aAAU;WAAK;UAC3G;;cAAI,SAAS,EAAC,aAAa;YAAC;;gBAAG,IAAI,EAAC,EAAE,EAAC,OAAO,EAAE,IAAI,CAAC,kBAAkB,CAAC,IAAI,CAAC,IAAI,EAAE,MAAM,CAAC,AAAC;;aAAS;WAAK;UACzG;;cAAI,SAAS,EAAC,aAAa;YAAC;;gBAAG,IAAI,EAAC,EAAE,EAAC,OAAO,EAAE,IAAI,CAAC,kBAAkB,CAAC,IAAI,CAAC,IAAI,EAAE,OAAO,CAAC,AAAC;;aAAU;WAAK;SACxG;OACD;KACF,CACP;GACF;CACF,CAAC,CAAC","file":"/client/components/navbar/subNavbar.jsx.map","sourcesContent":["SubNavbar = React.createClass({\n  mixins:[ReactMeteorData],\n  getMeteorData() {\n    let data = {};\n    data.sites = [];\n    const subscription = Meteor.subscribe('sites');\n    return {\n      ready: subscription.ready(),\n      sites: Sites.find().fetch(),\n    }\n  },\n  handleButtonClicks(period) {\n    //timePeriod = new ReactiveVar();\n    switch (period) {\n      case 'today':\n      Session.set('timePeriod', 'today');\n      break;\n      case 'week':\n      Session.set('timePeriod', 'week');\n      break;\n      case 'month':\n      Session.set('timePeriod', 'month');\n      break;\n      default:\n      //Session.set('timePeriod', 'today');\n    }\n    console.log(Session.get('timePeriod'));\n  },\n  render(){\n    let sitesList;\n    if( this.data.ready) {\n      sitesList = this.data.sites.map(function(site){\n        let id = site._id;\n        let link = \"/dashboard/\"+id;\n        return(\n          <div key={site._id}>\n            <li><a className=\"queryLinks\" href={link}> {site.name} </a></li>\n          </div>\n        )\n      })\n    } else {\n      sitesList = <li> Sorry, no sites available or loading </li>\n    }\n    return(\n      <nav className=\"navbar navbar-inverse navbar-static-top\" id=\"subNavbar\" role=\"navigation\">\n        <div className=\"navbar-header collapse navbar-collapse\">\n          <ul className=\"nav navbar-nav\">\n            <li className=\"dropdown subNavbarLi\">\n              <a href=\"#\" className=\"dropdown-toggle\" data-toggle=\"dropdown\" role=\"button\" aria-haspopup=\"true\" aria-expanded=\"false\">\n                Change Site <i className=\"fa fa-caret-down greenIcon\"></i> </a>\n              <ul className=\"dropdown-menu\" id=\"yourSites\">\n                {sitesList}\n              </ul>\n            </li>\n          </ul>\n          <ul className=\"nav navbar-nav\">\n            <li className=\"subNavbarLi\"><a href=\"\" onClick={this.handleButtonClicks.bind(this, 'today')}>Today</a></li>\n            <li className=\"subNavbarLi\"><a href=\"\" onClick={this.handleButtonClicks.bind(this, 'week')}>Week</a></li>\n            <li className=\"subNavbarLi\"><a href=\"\" onClick={this.handleButtonClicks.bind(this, 'month')}>Month</a></li>\n          </ul>\n        </div>\n      </nav>\n    )\n  }\n});\n"]},"hash":"22ca4021c8134f048277d07d36c7a93a542b5716"}
