{"metadata":{"modules":{"imports":[],"exports":{"exported":[],"specifiers":[]}},"usedHelpers":[]},"ignored":false,"code":"Metadata = React.createClass({\n  displayName: \"Metadata\",\n\n  render: function () {\n    return React.createElement(\n      \"div\",\n      { className: \"panel panel-default vertical-center\" },\n      React.createElement(\n        \"div\",\n        { className: \"panel-heading\" },\n        React.createElement(\n          \"h3\",\n          { className: \"panel-title\", \"data-toggle\": \"collapse\", href: \"#sideMenu\" },\n          \"Menu\",\n          React.createElement(\"i\", { className: \"fa fa-bars fa-pull-right\" })\n        )\n      ),\n      React.createElement(\n        \"div\",\n        { className: \"list-group\", id: \"sideMenu\" },\n        React.createElement(\n          \"a\",\n          { className: \"list-group-item\" },\n          \"Locations\",\n          React.createElement(\"i\", { className: \"fa fa-map-marker fa-lg fa-pull-right\" })\n        ),\n        React.createElement(\n          \"a\",\n          { className: \"list-group-item\" },\n          \"Sensors\",\n          React.createElement(\"i\", { className: \"fa fa-bolt fa-lg fa-pull-right\" })\n        ),\n        React.createElement(\n          \"a\",\n          { className: \"list-group-item\" },\n          \"Settings\",\n          React.createElement(\"i\", { className: \"fa fa-cog fa-lg fa-pull-right\" })\n        )\n      )\n    );\n  }\n});","ast":null,"map":{"version":3,"sources":["/client/components/dashboard/Metadata.jsx"],"names":[],"mappings":"AAAA,QAAQ,GAAG,KAAK,CAAC,WAAW,CAAC;;;AAC3B,QAAM,EAAA,YAAE;AACN,WACE;;QAAK,SAAS,EAAC,qCAAqC;MAClD;;UAAK,SAAS,EAAC,eAAe;QAC5B;;YAAI,SAAS,EAAC,aAAa,EAAC,eAAY,UAAU,EAAC,IAAI,EAAC,WAAW;;UAAK,2BAAG,SAAS,EAAC,0BAA0B,GAAK;SAAK;OACrH;MACN;;UAAK,SAAS,EAAC,YAAY,EAAC,EAAE,EAAC,UAAU;QACvC;;YAAG,SAAS,EAAC,iBAAiB;;UAAU,2BAAG,SAAS,EAAC,sCAAsC,GAAE;SAAI;QACjG;;YAAG,SAAS,EAAC,iBAAiB;;UAAQ,2BAAG,SAAS,EAAC,gCAAgC,GAAE;SAAI;QACzF;;YAAG,SAAS,EAAC,iBAAiB;;UAAS,2BAAG,SAAS,EAAC,+BAA+B,GAAE;SAAI;OACrF;KACF,CACP;GACF;CACF,CAAC,CAAA","file":"/client/components/dashboard/Metadata.jsx.map","sourcesContent":["Metadata = React.createClass({\n  render(){\n    return(\n      <div className=\"panel panel-default vertical-center\">\n        <div className=\"panel-heading\">\n          <h3 className=\"panel-title\" data-toggle=\"collapse\" href=\"#sideMenu\">Menu<i className=\"fa fa-bars fa-pull-right\"></i></h3>\n        </div>\n        <div className=\"list-group\" id=\"sideMenu\">\n          <a className=\"list-group-item\">Locations<i className=\"fa fa-map-marker fa-lg fa-pull-right\"/></a>\n          <a className=\"list-group-item\">Sensors<i className=\"fa fa-bolt fa-lg fa-pull-right\"/></a>\n          <a className=\"list-group-item\">Settings<i className=\"fa fa-cog fa-lg fa-pull-right\"/></a>\n        </div>\n      </div>\n    )\n  }\n})\n"]},"hash":"2316fbde34d5cc365d02b83d023cf61fb627d943"}
