{"metadata":{"modules":{"imports":[],"exports":{"exported":[],"specifiers":[]}},"usedHelpers":[]},"ignored":false,"code":"Graph = React.createClass({\n  displayName: \"Graph\",\n\n  mixins: [ReactMeteorData],\n  getMeteorData: function () {\n\n    var data = [];\n\n    Meteor.subscribe('sensors');\n\n    //dataa = Sensors.find({}).fetch();\n    console.log(\"This is\", data);\n    return {\n      sensors: Sensors.find({}).fetch()\n    };\n  },\n\n  render: function () {\n\n    if (this.data.sensors) {\n      var testVar = React.createElement(\n        \"div\",\n        null,\n        \"Hei test\"\n      );\n    }\n    return React.createElement(\"div\", { className: \"jumbotron\" });\n  }\n});","ast":null,"map":{"version":3,"sources":["/client/components/dashboard/graph/Graph.jsx"],"names":[],"mappings":"AAAA,KAAK,GAAG,KAAK,CAAC,WAAW,CAAC;;;AAExB,QAAM,EAAC,CAAC,eAAe,CAAC;AACxB,eAAa,EAAA,YAAE;;AAGb,QAAI,IAAI,GAAG,EAAE,CAAC;;AAElB,UAAM,CAAC,SAAS,CAAC,SAAS,CAAC,CAAC;;;AAGxB,WAAO,CAAC,GAAG,CAAC,SAAS,EAAC,IAAI,CAAC,CAAC;AAC5B,WAAM;AACJ,aAAO,EAAE,OAAO,CAAC,IAAI,CAAC,EAAE,CAAC,CAAC,KAAK,EAAE;KAClC,CAAA;GAEF;;AAED,QAAM,EAAA,YAAE;;AAEN,QAAG,IAAI,CAAC,IAAI,CAAC,OAAO,EAAC;AACnB,UAAI,OAAO,GAAG;;;;OAAmB,CAAA;KAClC;AACD,WACE,6BAAK,SAAS,EAAC,WAAW,GACpB,CACP;GACF;CACF,CAAC,CAAA","file":"/client/components/dashboard/graph/Graph.jsx.map","sourcesContent":["Graph = React.createClass({\n\n  mixins:[ReactMeteorData],\n  getMeteorData(){\n\n\n    var data = [];\n\nMeteor.subscribe('sensors');\n\n    //dataa = Sensors.find({}).fetch();\n    console.log(\"This is\",data);\n    return{\n      sensors: Sensors.find({}).fetch()\n    }\n\n  },\n\n  render(){\n\n    if(this.data.sensors){\n      var testVar = <div>Hei test</div>\n    }\n    return(\n      <div className=\"jumbotron\">\n      </div>\n    )\n  }\n})\n"]},"hash":"232c82b6ddf6f5778ea8f5895e655ff98e157e3d"}
