{"metadata":{"modules":{"imports":[],"exports":{"exported":[],"specifiers":[]}},"usedHelpers":[]},"ignored":false,"code":"Login2 = React.createClass({\n  displayName: \"Login2\",\n\n  render: function () {\n    return React.createElement(\n      \"div\",\n      { className: \"col-md-4 col-md-offset-4\", id: \"loginBox\" },\n      React.createElement(\n        \"div\",\n        { id: \"headingrow\", className: \"row\" },\n        React.createElement(\n          \"div\",\n          { className: \"col-md-10\" },\n          React.createElement(\n            \"h3\",\n            { className: \"text-center\" },\n            \" Login to access your sites \"\n          )\n        )\n      ),\n      React.createElement(\n        \"div\",\n        { id: \"formrow\", className: \"row\" },\n        React.createElement(\n          \"div\",\n          { className: \"col-md-6 col-md-offset-1\" },\n          React.createElement(\n            \"form\",\n            null,\n            React.createElement(\n              \"div\",\n              { className: \"input-group\" },\n              React.createElement(\n                \"span\",\n                { className: \"input-group-addon\" },\n                React.createElement(\"i\", { className: \"fa fa-user\" })\n              ),\n              React.createElement(\"input\", { id: \"usernameInput\", type: \"text\", placeholder: \"Email\" })\n            ),\n            React.createElement(\"div\", { className: \"spacer10\" }),\n            React.createElement(\n              \"div\",\n              { className: \"input-group\" },\n              React.createElement(\n                \"span\",\n                { className: \"input-group-addon\" },\n                React.createElement(\"i\", { className: \"fa fa-lock\" })\n              ),\n              React.createElement(\"input\", { id: \"passwordInput\", type: \"password\", placeholder: \"Password\" })\n            )\n          )\n        )\n      )\n    );\n  }\n});","ast":null,"map":{"version":3,"sources":["/client/components/login2.jsx"],"names":[],"mappings":"AAAA,MAAM,GAAG,KAAK,CAAC,WAAW,CAAC;;;AACzB,QAAM,EAAA,YAAE;AACN,WACE;;QAAK,SAAS,EAAC,0BAA0B,EAAC,EAAE,EAAC,UAAU;MACrD;;UAAK,EAAE,EAAC,YAAY,EAAC,SAAS,EAAC,KAAK;QAChC;;YAAK,SAAS,EAAC,WAAW;UACxB;;cAAI,SAAS,EAAC,aAAa;;WAAkC;SACzD;OACJ;MACN;;UAAK,EAAE,EAAC,SAAS,EAAC,SAAS,EAAC,KAAK;QAC/B;;YAAK,SAAS,EAAC,0BAA0B;UACvC;;;YACE;;gBAAK,SAAS,EAAC,aAAa;cAC1B;;kBAAM,SAAS,EAAC,mBAAmB;gBAAC,2BAAG,SAAS,EAAC,YAAY,GAAK;eAAO;cACzE,+BAAO,EAAE,EAAC,eAAe,EAAC,IAAI,EAAC,MAAM,EAAC,WAAW,EAAC,OAAO,GAAE;aACvD;YACN,6BAAK,SAAS,EAAC,UAAU,GAAO;YAChC;;gBAAK,SAAS,EAAC,aAAa;cAC1B;;kBAAM,SAAS,EAAC,mBAAmB;gBAAC,2BAAG,SAAS,EAAC,YAAY,GAAK;eAAO;cACzE,+BAAO,EAAE,EAAC,eAAe,EAAC,IAAI,EAAC,UAAU,EAAC,WAAW,EAAC,UAAU,GAAE;aAC9D;WACD;SACH;OACF;KACF,CACP;GACF;CACF,CAAC,CAAA","file":"/client/components/login2.jsx.map","sourcesContent":["Login2 = React.createClass({\n  render(){\n    return(\n      <div className=\"col-md-4 col-md-offset-4\" id=\"loginBox\">\n        <div id=\"headingrow\" className=\"row\">\n            <div className=\"col-md-10\">\n              <h3 className=\"text-center\"> Login to access your sites </h3>\n            </div>\n        </div>\n        <div id=\"formrow\" className=\"row\">\n          <div className=\"col-md-6 col-md-offset-1\">\n            <form>\n              <div className=\"input-group\">\n                <span className=\"input-group-addon\"><i className=\"fa fa-user\"></i></span>\n                <input id=\"usernameInput\" type=\"text\" placeholder=\"Email\"/>\n              </div>\n              <div className=\"spacer10\"></div>\n              <div className=\"input-group\">\n                <span className=\"input-group-addon\"><i className=\"fa fa-lock\"></i></span>\n                <input id=\"passwordInput\" type=\"password\" placeholder=\"Password\"/>\n              </div>\n            </form>\n          </div>\n        </div>\n      </div>\n    )\n  }\n})\n"]},"hash":"23863c637a67c6d3edc3efebae4e4c40617ed0c5"}
