{"metadata":{"modules":{"imports":[],"exports":{"exported":[],"specifiers":[]}},"usedHelpers":[]},"ignored":false,"code":"LocationPage = React.createClass({\n  displayName: \"LocationPage\",\n\n  links: [{ _id: 1, href: \"/dashboardPage\", text: \"Oslo\" }, { _id: 2, href: \"/dashboardPage\", text: \"Trondheim\" }, { _id: 3, href: \"/dashboardPage\", text: \"Bergen\" }],\n\n  render: function () {\n\n    var links = this.links.map(function (links) {\n      React.createElement(\n        \"li\",\n        null,\n        React.createElement(\n          \"a\",\n          { href: link.href },\n          \" \",\n          link.text,\n          \" \"\n        )\n      );\n    });\n\n    return React.createElement(\n      \"div\",\n      { className: \"jumbotron text-center\" },\n      React.createElement(\n        \"div\",\n        { className: \"row\" },\n        links\n      )\n    );\n  }\n});","ast":null,"map":{"version":3,"sources":["/client/components/locationPage/LocationPage.jsx"],"names":[],"mappings":"AAAA,YAAY,GAAG,KAAK,CAAC,WAAW,CAAC;;;AAEjC,OAAK,EAAC,CACJ,EAAC,GAAG,EAAC,CAAC,EAAE,IAAI,EAAC,gBAAgB,EAAC,IAAI,EAAC,MAAM,EAAC,EAC1C,EAAC,GAAG,EAAC,CAAC,EAAE,IAAI,EAAC,gBAAgB,EAAC,IAAI,EAAC,WAAW,EAAC,EAC/C,EAAC,GAAG,EAAC,CAAC,EAAE,IAAI,EAAC,gBAAgB,EAAC,IAAI,EAAC,QAAQ,EAAC,CAC7C;;AAEC,QAAM,EAAA,YAAE;;AAEN,QAAI,KAAK,GAAG,IAAI,CAAC,KAAK,CAAC,GAAG,CAAC,UAAS,KAAK,EAAC;AACxC;;;QACE;;YAAG,IAAI,EAAE,IAAI,CAAC,IAAI,AAAC;;UAAG,IAAI,CAAC,IAAI;;SAAM;OAClC,CAAA;KACN,CAAC,CAAA;;AAEF,WACE;;QAAK,SAAS,EAAC,uBAAuB;MAClC;;UAAK,SAAS,EAAC,KAAK;QACjB,KAAK;OACF;KACJ,CACP;GACF;CACF,CAAC,CAAA","file":"/client/components/locationPage/LocationPage.jsx.map","sourcesContent":["LocationPage = React.createClass({\n\nlinks:[\n  {_id:1, href:\"/dashboardPage\",text:\"Oslo\"},\n  {_id:2, href:\"/dashboardPage\",text:\"Trondheim\"},\n  {_id:3, href:\"/dashboardPage\",text:\"Bergen\"},\n],\n\n  render(){\n\n    var links = this.links.map(function(links){\n      <li>\n        <a href={link.href}> {link.text} </a>\n      </li>\n    })\n\n    return(\n      <div className=\"jumbotron text-center\">\n          <div className=\"row\">\n            {links}\n          </div>\n      </div>\n    )\n  }\n})\n"]},"hash":"23eb11b2c67da7303f6942a3f56449610bb5b3fc"}
