{"metadata":{"modules":{"imports":[],"exports":{"exported":[],"specifiers":[]}},"usedHelpers":[]},"ignored":false,"code":"Graph = React.createClass({\n  displayName: 'Graph',\n\n  mixins: [ReactMeteorData],\n  getMeteorData: function () {\n\n    var data;\n    Sensors = new Mongo.Collection('sensors');\n\n    Meteor.subscribe('sensors');\n    data = Sensors.find({});\n    console.log(\"This is data\", data);\n    return data;\n  },\n\n  render: function () {\n\n    /*if(!this.data){\n      var testVar = <div>Hei test</div>\n    }*/\n    return React.createElement('div', { className: 'jumbotron' });\n  }\n});","ast":null,"map":{"version":3,"sources":["/client/components/dashboard/graph/Graph.jsx"],"names":[],"mappings":"AAAA,KAAK,GAAG,KAAK,CAAC,WAAW,CAAC;;;AAExB,QAAM,EAAC,CAAC,eAAe,CAAC;AACxB,eAAa,EAAA,YAAE;;AAGb,QAAI,IAAI,CAAC;AACT,WAAO,GAAG,IAAI,KAAK,CAAC,UAAU,CAAC,SAAS,CAAC,CAAC;;AAE1C,UAAM,CAAC,SAAS,CAAC,SAAS,CAAC,CAAC;AAC5B,QAAI,GAAG,OAAO,CAAC,IAAI,CAAC,EAAE,CAAC,CAAC;AACxB,WAAO,CAAC,GAAG,CAAC,cAAc,EAAC,IAAI,CAAC,CAAC;AACjC,WAAO,IAAI,CAAC;GAEb;;AAED,QAAM,EAAA,YAAE;;;;;AAKN,WACE,6BAAK,SAAS,EAAC,WAAW,GACpB,CACP;GACF;CACF,CAAC,CAAA","file":"/client/components/dashboard/graph/Graph.jsx.map","sourcesContent":["Graph = React.createClass({\n\n  mixins:[ReactMeteorData],\n  getMeteorData(){\n\n\n    var data;\n    Sensors = new Mongo.Collection('sensors');\n\n    Meteor.subscribe('sensors');\n    data = Sensors.find({});\n    console.log(\"This is data\",data);\n    return data;\n\n  },\n\n  render(){\n\n    /*if(!this.data){\n      var testVar = <div>Hei test</div>\n    }*/\n    return(\n      <div className=\"jumbotron\">\n      </div>\n    )\n  }\n})\n"]},"hash":"241d5c52ba98ac91d362988b9483bbaf1e04de36"}
