{"metadata":{"modules":{"imports":[],"exports":{"exported":[],"specifiers":[]}},"usedHelpers":[]},"ignored":false,"code":"Map = React.createClass({\n  displayName: \"Map\",\n\n  mixins: [ReactMeteorData],\n  componentDidMount: function () {\n    GoogleMaps.load();\n  },\n  getMeteorData: function () {\n    return {\n      loaded: GoogleMaps.loaded(),\n      mapOptions: GoogleMaps.loaded() && this._mapOptions()\n    };\n  },\n  _mapOptions: function () {\n    return {\n      center: new google.maps.LatLng(this.props.lat, this.props.lng),\n      //FIXME id is now a combination of lat and long. Not good?\n      id: this.props.lat + this.props.lng,\n      zoom: 13,\n      scrollwheel: false,\n      disableDefaultUI: true,\n      draggable: false,\n      mapTypeId: google.maps.MapTypeId.SATELLITE,\n      styles: [{ \"featureType\": \"water\", \"stylers\": [{ \"saturation\": 43 }, { \"lightness\": -11 }, { \"hue\": \"#0088ff\" }] }, { \"featureType\": \"road\", \"elementType\": \"geometry.fill\", \"stylers\": [{ \"hue\": \"#ff0000\" }, { \"saturation\": -100 }, { \"lightness\": 99 }] }, { \"featureType\": \"road\", \"elementType\": \"geometry.stroke\", \"stylers\": [{ \"color\": \"#808080\" }, { \"lightness\": 54 }] }, { \"featureType\": \"road\", \"elementType\": \"labels.text.fill\", \"stylers\": [{ \"color\": \"#767676\" }] }, { \"featureType\": \"road\", \"elementType\": \"labels.icon\", \"stylers\": [{ \"visibility\": \"off\" }] }, { \"featureType\": \"poi\", \"stylers\": [{ \"visibility\": \"off\" }] }, { \"featureType\": \"landscape.natural\", \"elementType\": \"geometry.fill\", \"stylers\": [{ \"visibility\": \"on\" }, { \"color\": \"#b8cb93\" }] }]\n    };\n  },\n  render: function () {\n    if (this.data.loaded) {\n      return React.createElement(GoogleMap, { name: this.data.mapOptions.id, options: this.data.mapOptions });\n    }\n    return React.createElement(\n      \"div\",\n      { className: \"text-center\" },\n      \"Loading Map\"\n    );\n  }\n});\n\nGoogleMap = React.createClass({\n  displayName: \"GoogleMap\",\n\n  propTypes: {\n    name: React.PropTypes.string.isRequired,\n    options: React.PropTypes.object.isRequired\n  },\n  componentDidMount: function () {\n    GoogleMaps.create({\n      name: this.props.name,\n      element: ReactDOM.findDOMNode(this),\n      options: this.props.options\n    });\n\n    GoogleMaps.ready(this.props.name, function (map) {\n      var marker = new google.maps.Marker({\n        position: map.options.center,\n        map: map.instance\n      });\n    });\n  },\n  componentWillUnmount: function () {\n    if (GoogleMaps.maps[this.props.name]) {\n      google.maps.event.clearInstanceListeners(GoogleMaps.maps[this.props.name].instance);\n      delete GoogleMaps.maps[this.props.name];\n    }\n  },\n  render: function () {\n    return React.createElement(\"div\", { className: \"map-container\" });\n  }\n});","ast":null,"map":{"version":3,"sources":["/client/components/map/map.jsx"],"names":[],"mappings":"AAAA,GAAG,GAAG,KAAK,CAAC,WAAW,CAAC;;;AACtB,QAAM,EAAE,CAAC,eAAe,CAAC;AACzB,mBAAiB,EAAA,YAAG;AAClB,cAAU,CAAC,IAAI,EAAE,CAAC;GACnB;AACD,eAAa,EAAA,YAAG;AACd,WAAO;AACL,YAAM,EAAE,UAAU,CAAC,MAAM,EAAE;AAC3B,gBAAU,EAAE,UAAU,CAAC,MAAM,EAAE,IAAI,IAAI,CAAC,WAAW,EAAE;KACtD,CAAC;GACH;AACD,aAAW,EAAA,YAAG;AACZ,WAAO;AACL,YAAM,EAAE,IAAI,MAAM,CAAC,IAAI,CAAC,MAAM,CAAC,IAAI,CAAC,KAAK,CAAC,GAAG,EAAE,IAAI,CAAC,KAAK,CAAC,GAAG,CAAC;;AAE9D,QAAE,EAAE,IAAI,CAAC,KAAK,CAAC,GAAG,GAAG,IAAI,CAAC,KAAK,CAAC,GAAG;AACnC,UAAI,EAAE,EAAE;AACR,iBAAW,EAAE,KAAK;AAClB,sBAAgB,EAAE,IAAI;AACtB,eAAS,EAAC,KAAK;AACf,eAAS,EAAE,MAAM,CAAC,IAAI,CAAC,SAAS,CAAC,SAAS;AAC1C,YAAM,EAAE,CACN,EAAC,aAAa,EAAC,OAAO,EAAC,SAAS,EAAC,CAAC,EAAC,YAAY,EAAC,EAAE,EAAC,EAAC,EAAC,WAAW,EAAC,CAAC,EAAE,EAAC,EAAC,EAAC,KAAK,EAAC,SAAS,EAAC,CAAC,EAAC,EACzF,EAAC,aAAa,EAAC,MAAM,EAAC,aAAa,EAAC,eAAe,EAAC,SAAS,EAAC,CAAC,EAAC,KAAK,EAAC,SAAS,EAAC,EAAC,EAAC,YAAY,EAAC,CAAC,GAAG,EAAC,EAAC,EAAC,WAAW,EAAC,EAAE,EAAC,CAAC,EAAC,EACvH,EAAC,aAAa,EAAC,MAAM,EAAC,aAAa,EAAC,iBAAiB,EAAC,SAAS,EAAC,CAAC,EAAC,OAAO,EAAC,SAAS,EAAC,EAAC,EAAC,WAAW,EAAC,EAAE,EAAC,CAAC,EAAC,EACvG,EAAC,aAAa,EAAC,MAAM,EAAC,aAAa,EAAC,kBAAkB,EAAC,SAAS,EAAC,CAAC,EAAC,OAAO,EAAC,SAAS,EAAC,CAAC,EAAC,EACvF,EAAC,aAAa,EAAC,MAAM,EAAC,aAAa,EAAC,aAAa,EAAC,SAAS,EAAC,CAAC,EAAC,YAAY,EAAC,KAAK,EAAC,CAAC,EAAC,EACnF,EAAC,aAAa,EAAC,KAAK,EAAC,SAAS,EAAC,CAAC,EAAC,YAAY,EAAC,KAAK,EAAC,CAAC,EAAC,EACtD,EAAC,aAAa,EAAC,mBAAmB,EAAC,aAAa,EAAC,eAAe,EAAC,SAAS,EAAC,CAAC,EAAC,YAAY,EAAC,IAAI,EAAC,EAAC,EAAC,OAAO,EAAC,SAAS,EAAC,CAAC,EAAC,CACtH;KACF,CAAC;GACH;AACD,QAAM,EAAA,YAAG;AACP,QAAG,IAAI,CAAC,IAAI,CAAC,MAAM,EAAE;AACnB,aAAO,oBAAC,SAAS,IAAC,IAAI,EAAE,IAAI,CAAC,IAAI,CAAC,UAAU,CAAC,EAAE,AAAC,EAAC,OAAO,EAAE,IAAI,CAAC,IAAI,CAAC,UAAU,AAAC,GAAG,CAAC;KACpF;AACD,WAAO;;QAAK,SAAS,EAAC,aAAa;;KAAkB,CAAC;GACvD;CACF,CAAC,CAAC;;AAEH,SAAS,GAAG,KAAK,CAAC,WAAW,CAAC;;;AAC5B,WAAS,EAAE;AACT,QAAI,EAAE,KAAK,CAAC,SAAS,CAAC,MAAM,CAAC,UAAU;AACvC,WAAO,EAAE,KAAK,CAAC,SAAS,CAAC,MAAM,CAAC,UAAU;GAC3C;AACD,mBAAiB,EAAA,YAAG;AAClB,cAAU,CAAC,MAAM,CAAC;AAChB,UAAI,EAAE,IAAI,CAAC,KAAK,CAAC,IAAI;AACrB,aAAO,EAAE,QAAQ,CAAC,WAAW,CAAC,IAAI,CAAC;AACnC,aAAO,EAAE,IAAI,CAAC,KAAK,CAAC,OAAO;KAC5B,CAAC,CAAC;;AAEH,cAAU,CAAC,KAAK,CAAC,IAAI,CAAC,KAAK,CAAC,IAAI,EAAE,UAAS,GAAG,EAAE;AAC9C,UAAI,MAAM,GAAG,IAAI,MAAM,CAAC,IAAI,CAAC,MAAM,CAAC;AAClC,gBAAQ,EAAC,GAAG,CAAC,OAAO,CAAC,MAAM;AAC3B,WAAG,EAAE,GAAG,CAAC,QAAQ;OAClB,CAAC,CAAC;KACJ,CAAC,CAAC;GACJ;AACD,sBAAoB,EAAA,YAAG;AACrB,QAAI,UAAU,CAAC,IAAI,CAAC,IAAI,CAAC,KAAK,CAAC,IAAI,CAAC,EAAE;AACpC,YAAM,CAAC,IAAI,CAAC,KAAK,CAAC,sBAAsB,CAAC,UAAU,CAAC,IAAI,CAAC,IAAI,CAAC,KAAK,CAAC,IAAI,CAAC,CAAC,QAAQ,CAAC,CAAC;AACpF,aAAO,UAAU,CAAC,IAAI,CAAC,IAAI,CAAC,KAAK,CAAC,IAAI,CAAC,CAAC;KACzC;GACF;AACD,QAAM,EAAA,YAAG;AACP,WAAO,6BAAK,SAAS,EAAC,eAAe,GAAO,CAAC;GAC9C;CACF,CAAC,CAAC","file":"/client/components/map/map.jsx.map","sourcesContent":["Map = React.createClass({\n  mixins: [ReactMeteorData],\n  componentDidMount() {\n    GoogleMaps.load();\n  },\n  getMeteorData() {\n    return {\n      loaded: GoogleMaps.loaded(),\n      mapOptions: GoogleMaps.loaded() && this._mapOptions()\n    };\n  },\n  _mapOptions() {\n    return {\n      center: new google.maps.LatLng(this.props.lat, this.props.lng),\n      //FIXME id is now a combination of lat and long. Not good?\n      id: this.props.lat + this.props.lng,\n      zoom: 13,\n      scrollwheel: false,\n      disableDefaultUI: true,\n      draggable:false,\n      mapTypeId: google.maps.MapTypeId.SATELLITE,\n      styles: [\n        {\"featureType\":\"water\",\"stylers\":[{\"saturation\":43},{\"lightness\":-11},{\"hue\":\"#0088ff\"}]},\n        {\"featureType\":\"road\",\"elementType\":\"geometry.fill\",\"stylers\":[{\"hue\":\"#ff0000\"},{\"saturation\":-100},{\"lightness\":99}]},\n        {\"featureType\":\"road\",\"elementType\":\"geometry.stroke\",\"stylers\":[{\"color\":\"#808080\"},{\"lightness\":54}]},\n        {\"featureType\":\"road\",\"elementType\":\"labels.text.fill\",\"stylers\":[{\"color\":\"#767676\"}]},\n        {\"featureType\":\"road\",\"elementType\":\"labels.icon\",\"stylers\":[{\"visibility\":\"off\"}]},\n        {\"featureType\":\"poi\",\"stylers\":[{\"visibility\":\"off\"}]},\n        {\"featureType\":\"landscape.natural\",\"elementType\":\"geometry.fill\",\"stylers\":[{\"visibility\":\"on\"},{\"color\":\"#b8cb93\"}]},\n      ]\n    };\n  },\n  render() {\n    if(this.data.loaded) {\n      return <GoogleMap name={this.data.mapOptions.id} options={this.data.mapOptions} />;\n    }\n    return <div className=\"text-center\">Loading Map</div>;\n  }\n});\n\nGoogleMap = React.createClass({\n  propTypes: {\n    name: React.PropTypes.string.isRequired,\n    options: React.PropTypes.object.isRequired\n  },\n  componentDidMount() {\n    GoogleMaps.create({\n      name: this.props.name,\n      element: ReactDOM.findDOMNode(this),\n      options: this.props.options\n    });\n\n    GoogleMaps.ready(this.props.name, function(map) {\n      let marker = new google.maps.Marker({\n        position:map.options.center,\n        map: map.instance,\n      });\n    });\n  },\n  componentWillUnmount() {\n    if (GoogleMaps.maps[this.props.name]) {\n      google.maps.event.clearInstanceListeners(GoogleMaps.maps[this.props.name].instance);\n      delete GoogleMaps.maps[this.props.name];\n    }\n  },\n  render() {\n    return <div className=\"map-container\"></div>;\n  }\n});\n"]},"hash":"244decfafb58dfab467fa993c80299668cb19cd3"}
