{"metadata":{"modules":{"imports":[],"exports":{"exported":[],"specifiers":[]}},"usedHelpers":[]},"ignored":false,"code":"Graph = React.createClass({\n  displayName: \"Graph\",\n\n  mixins: [ReactMeteorData],\n  getMeteorData: function () {\n\n    //let data = {};\n\n    //SensorsCollection = new Mongo.Collection('sensors');\n    //console.log(SensorsCollection);\n\n    //Meteor.subscribe('sensors');\n    //data = SensorsCollection.find();\n    //return data;\n    //console.log(SensorsCollection.find());\n    var data = {};\n    data.array = [];\n\n    //SensorCollection = new Mongo.Collection('testCollection');\n    var handle = Meteor.subscribe('sensors');\n    if (handle.ready()) {\n      data.array = sensors.find();\n    }\n    console.log(data);\n    return data;\n  },\n\n  render: function () {\n\n    if (this.data.array) {\n      var testVar = React.createElement(\n        \"div\",\n        null,\n        \"Hei test\"\n      );\n    }\n\n    return React.createElement(\n      \"div\",\n      { className: \"jumbotron\" },\n      testVar\n    );\n  }\n});","ast":null,"map":{"version":3,"sources":["/client/components/dashboard/graph/Graph.jsx"],"names":[],"mappings":"AAAA,KAAK,GAAG,KAAK,CAAC,WAAW,CAAC;;;AAExB,QAAM,EAAC,CAAC,eAAe,CAAC;AACxB,eAAa,EAAA,YAAE;;;;;;;;;;;AAWb,QAAI,IAAI,GAAE,EAAE,CAAC;AACb,QAAI,CAAC,KAAK,GAAG,EAAE,CAAC;;;AAGhB,QAAI,MAAM,GAAG,MAAM,CAAC,SAAS,CAAC,SAAS,CAAC,CAAC;AACzC,QAAG,MAAM,CAAC,KAAK,EAAE,EAAC;AAChB,UAAI,CAAC,KAAK,GAAG,OAAO,CAAC,IAAI,EAAE,CAAC;KAC7B;AACD,WAAO,CAAC,GAAG,CAAC,IAAI,CAAC,CAAC;AAChB,WAAO,IAAI,CAAC;GACf;;AAED,QAAM,EAAA,YAAE;;AAEN,QAAG,IAAI,CAAC,IAAI,CAAC,KAAK,EAAC;AACjB,UAAI,OAAO,GAAG;;;;OAAmB,CAAA;KAClC;;AAED,WACE;;QAAK,SAAS,EAAC,WAAW;MACvB,OAAO;KACJ,CACP;GACF;CACF,CAAC,CAAA","file":"/client/components/dashboard/graph/Graph.jsx.map","sourcesContent":["Graph = React.createClass({\n\n  mixins:[ReactMeteorData],\n  getMeteorData(){\n\n    //let data = {};\n\n    //SensorsCollection = new Mongo.Collection('sensors');\n    //console.log(SensorsCollection);\n\n    //Meteor.subscribe('sensors');\n    //data = SensorsCollection.find();\n    //return data;\n    //console.log(SensorsCollection.find());\n    let data ={};\n    data.array = [];\n\n    //SensorCollection = new Mongo.Collection('testCollection');\n    var handle = Meteor.subscribe('sensors');\n    if(handle.ready()){\n      data.array = sensors.find();\n    }\n    console.log(data);\n      return data;\n  },\n\n  render(){\n\n    if(this.data.array){\n      var testVar = <div>Hei test</div>\n    }\n\n    return(\n      <div className=\"jumbotron\">\n        {testVar}\n      </div>\n    )\n  }\n})\n"]},"hash":"249b34e2c5a1878655339b3836d1e8963ca85c3d"}
