{"metadata":{"modules":{"imports":[],"exports":{"exported":[],"specifiers":[]}},"usedHelpers":[]},"ignored":false,"code":"LocationPage = React.createClass({\n  displayName: \"LocationPage\",\n\n  render: function () {\n    return React.createElement(\n      \"div\",\n      { className: \"jumbotron text-center\" },\n      React.createElement(\n        \"div\",\n        null,\n        React.createElement(\n          \"li\",\n          null,\n          \" Oslo\"\n        ),\n        React.createElement(\n          \"li\",\n          null,\n          \" Trondheim \"\n        ),\n        React.createElement(\n          \"li\",\n          null,\n          \" Bergen \"\n        )\n      )\n    );\n  }\n});","ast":null,"map":{"version":3,"sources":["/client/components/locationPage/LocationPage.jsx"],"names":[],"mappings":"AAAA,YAAY,GAAG,KAAK,CAAC,WAAW,CAAC;;;AAC/B,QAAM,EAAA,YAAE;AACN,WACE;;QAAK,SAAS,EAAC,uBAAuB;MACpC;;;QACE;;;;SAAc;QACd;;;;SAAoB;QACpB;;;;SAAiB;OACb;KACF,CACP;GACF;CACF,CAAC,CAAA","file":"/client/components/locationPage/LocationPage.jsx.map","sourcesContent":["LocationPage = React.createClass({\n  render(){\n    return(\n      <div className=\"jumbotron text-center\">\n        <div>\n          <li> Oslo</li>\n          <li> Trondheim </li>\n          <li> Bergen </li>\n        </div>\n      </div>\n    )\n  }\n})\n"]},"hash":"24d40a2c6ab713ca1c9d6ae5d1a79d462c526fee"}
