{"metadata":{"modules":{"imports":[],"exports":{"exported":[],"specifiers":[]}},"usedHelpers":[]},"ignored":false,"code":"Navbar = React.createClass({\n  displayName: \"Navbar\",\n\n  render: function () {\n    var userinfo = undefined;\n    if (!Meteor.loggingIn() && Meteor.user()) {\n      userinfo = Meteor.user().emails[0].address;\n    }\n    return React.createElement(\n      \"div\",\n      null,\n      React.createElement(\n        \"nav\",\n        { className: \"navbar navbar-inverse\", id: \"topNavbar\" },\n        React.createElement(\n          \"div\",\n          { className: \"container-fluid\" },\n          React.createElement(\n            \"div\",\n            { className: \"navbar-header\" },\n            React.createElement(\n              \"a\",\n              { id: \"logoutLink\", href: \"/logout\", className: \"navbar-toggle\" },\n              \"Log Out\"\n            ),\n            React.createElement(\n              \"a\",\n              { className: \"navbar-brand\", href: \"/site\" },\n              \"Biogrid Cortex\"\n            )\n          ),\n          React.createElement(\n            \"div\",\n            { id: \"navbar\", className: \"navbar-collapse collapse\" },\n            React.createElement(\n              \"ul\",\n              { className: \"nav navbar-nav navbar-right\" },\n              React.createElement(\n                \"li\",\n                { className: \"dropdown\" },\n                React.createElement(\n                  \"a\",\n                  { href: \"#\", className: \"dropdown-toggle\", \"data-toggle\": \"dropdown\", role: \"button\", \"aria-haspopup\": \"true\", \"aria-expanded\": \"false\" },\n                  userinfo,\n                  \" \",\n                  React.createElement(\"span\", { className: \"caret\" })\n                ),\n                React.createElement(\n                  \"ul\",\n                  { className: \"dropdown-menu\", id: \"testDrop\" },\n                  React.createElement(\n                    \"li\",\n                    null,\n                    React.createElement(\n                      \"a\",\n                      { href: \"/site\" },\n                      React.createElement(\"i\", { className: \"fa fa-list\" }),\n                      \" My Sites\"\n                    )\n                  ),\n                  React.createElement(\"li\", { role: \"separator\", className: \"divider\" }),\n                  React.createElement(\n                    \"li\",\n                    null,\n                    React.createElement(\n                      \"a\",\n                      { href: \"/logout\" },\n                      React.createElement(\"i\", { className: \"fa fa-power-off\" }),\n                      \" Log out\"\n                    )\n                  )\n                )\n              )\n            )\n          )\n        )\n      )\n    );\n  }\n});","ast":null,"map":{"version":3,"sources":["/client/components/navbar/navbar.jsx"],"names":[],"mappings":"AAAA,MAAM,GAAG,KAAK,CAAC,WAAW,CAAC;;;AACzB,QAAM,EAAA,YAAG;AACP,QAAI,QAAQ,YAAA,CAAC;AACb,QAAG,CAAC,MAAM,CAAC,SAAS,EAAE,IAAI,MAAM,CAAC,IAAI,EAAE,EAAE;AACvC,cAAQ,GAAG,MAAM,CAAC,IAAI,EAAE,CAAC,MAAM,CAAC,CAAC,CAAC,CAAC,OAAO,CAAC;KAC5C;AACD,WACE;;;MACE;;UAAK,SAAS,EAAC,uBAAuB,EAAC,EAAE,EAAC,WAAW;QACnD;;YAAK,SAAS,EAAC,iBAAiB;UAC9B;;cAAK,SAAS,EAAC,eAAe;YAC5B;;gBAAG,EAAE,EAAC,YAAY,EAAC,IAAI,EAAC,SAAS,EAAC,SAAS,EAAC,eAAe;;aAAY;YACvE;;gBAAG,SAAS,EAAC,cAAc,EAAC,IAAI,EAAC,OAAO;;aAAmB;WACvD;UACN;;cAAK,EAAE,EAAC,QAAQ,EAAC,SAAS,EAAC,0BAA0B;YACnD;;gBAAI,SAAS,EAAC,6BAA6B;cACvC;;kBAAI,SAAS,EAAC,UAAU;gBACtB;;oBAAG,IAAI,EAAC,GAAG,EAAC,SAAS,EAAC,iBAAiB,EAAC,eAAY,UAAU,EAAC,IAAI,EAAC,QAAQ,EAAC,iBAAc,MAAM,EAAC,iBAAc,OAAO;kBACpH,QAAQ;;kBAAE,8BAAM,SAAS,EAAC,OAAO,GAAQ;iBAC1C;gBACJ;;oBAAI,SAAS,EAAC,eAAe,EAAC,EAAE,EAAC,UAAU;kBACzC;;;oBAAI;;wBAAG,IAAI,EAAC,OAAO;sBAAC,2BAAG,SAAS,EAAC,YAAY,GAAK;;qBAAa;mBAAK;kBACpE,4BAAI,IAAI,EAAC,WAAW,EAAC,SAAS,EAAC,SAAS,GAAM;kBAC9C;;;oBAAI;;wBAAG,IAAI,EAAC,SAAS;sBAAC,2BAAG,SAAS,EAAC,iBAAiB,GAAK;;qBAAY;mBAAK;iBACvE;eACF;aACJ;WACD;SACF;OACF;KACF,CACP;GACF;CACA,CAAC,CAAC","file":"/client/components/navbar/navbar.jsx.map","sourcesContent":["Navbar = React.createClass({\n  render() {\n    let userinfo;\n    if(!Meteor.loggingIn() && Meteor.user()) {\n      userinfo = Meteor.user().emails[0].address;\n    }\n    return (\n      <div>\n        <nav className=\"navbar navbar-inverse\" id=\"topNavbar\">\n          <div className=\"container-fluid\">\n            <div className=\"navbar-header\">\n              <a id=\"logoutLink\" href=\"/logout\" className=\"navbar-toggle\">Log Out</a>\n              <a className=\"navbar-brand\" href=\"/site\">Biogrid Cortex</a>\n            </div>\n            <div id=\"navbar\" className=\"navbar-collapse collapse\">\n              <ul className=\"nav navbar-nav navbar-right\">\n                  <li className=\"dropdown\">\n                    <a href=\"#\" className=\"dropdown-toggle\" data-toggle=\"dropdown\" role=\"button\" aria-haspopup=\"true\" aria-expanded=\"false\">\n                      {userinfo} <span className=\"caret\"></span>\n                  </a>\n                  <ul className=\"dropdown-menu\" id=\"testDrop\">\n                    <li><a href=\"/site\"><i className=\"fa fa-list\"></i> My Sites</a></li>\n                    <li role=\"separator\" className=\"divider\"></li>\n                    <li><a href=\"/logout\"><i className=\"fa fa-power-off\"></i> Log out</a></li>\n                  </ul>\n                </li>\n            </ul>\n          </div>\n        </div>\n      </nav>\n    </div>\n  )\n}\n});\n"]},"hash":"24d81da7f9b488bd89038e4fc4baabacc33c9c4b"}
