{"metadata":{"modules":{"imports":[],"exports":{"exported":[],"specifiers":[]}},"usedHelpers":[]},"ignored":false,"code":"CustomRange = React.createClass({\n  displayName: \"CustomRange\",\n\n  componentWillMount: function () {\n    var date = [];\n    date[0] = this.getTodaysDate();\n    date[1] = this.getTodaysDate();\n    Session.set('timePeriod', date);\n  },\n\n  componentDidMount: function () {\n    $(\"#subNavbarToday\").css(\"border-color\", \"#2aa9dc\");\n    $('#datepicker').datepicker({\n      autoclose: true,\n      format: \"yyyy-mm-dd\",\n      todayHighlight: true,\n      weekStart: 1\n    });\n    $('#from').datepicker().on('changeDate', function () {\n      $('#end').focus();\n    });\n    $('#from').datepicker('update', new Date());\n    $('#end').datepicker('update', new Date());\n  },\n\n  getToday: function (date) {\n    $(\"#subNavbarToday\").css(\"border-color\", \"#2aa9dc\");\n    $(\"#subNavbarWeek\").css(\"border-color\", \"#222222\");\n    $(\"#subNavbarMonth\").css(\"border-color\", \"#222222\");\n    $(\"#subNavbarCustom\").css(\"border-color\", \"#222222\");\n    date[0] = this.getTodaysDate();\n    date[1] = this.getTodaysDate();\n    Session.set('timePeriod', date);\n    $('#from').datepicker('update', new Date());\n    $('#end').datepicker('update', new Date());\n  },\n\n  getWeek: function (date) {\n    $(\"#subNavbarToday\").css(\"border-color\", \"#222222\");\n    $(\"#subNavbarWeek\").css(\"border-color\", \"#2aa9dc\");\n    $(\"#subNavbarMonth\").css(\"border-color\", \"#222222\");\n    $(\"#subNavbarCustom\").css(\"border-color\", \"#222222\");\n    var today = new Date();\n    var week = new Date(today.getFullYear(), today.getMonth(), today.getDate() - 7);\n    date[0] = this.getRequestedDate(week);\n    date[1] = this.getTodaysDate();\n    Session.set('timePeriod', date);\n    $('#from').datepicker('update', week);\n    $('#end').datepicker('update', today);\n  },\n\n  getMonth: function (date) {\n    $(\"#subNavbarToday\").css(\"border-color\", \"#222222\");\n    $(\"#subNavbarWeek\").css(\"border-color\", \"#222222\");\n    $(\"#subNavbarMonth\").css(\"border-color\", \"#2aa9dc\");\n    $(\"#subNavbarCustom\").css(\"border-color\", \"#222222\");\n    var today = new Date();\n    var month = new Date(today.getFullYear(), today.getMonth() - 1, today.getDate());\n    date[0] = this.getRequestedDate(month);\n    date[1] = this.getTodaysDate();\n    Session.set('timePeriod', date);\n    $('#from').datepicker('update', month);\n    $('#end').datepicker('update', new Date());\n  },\n\n  getCustom: function (date) {\n    $(\"#subNavbarToday\").css(\"border-color\", \"#222222\");\n    $(\"#subNavbarWeek\").css(\"border-color\", \"#222222\");\n    $(\"#subNavbarMonth\").css(\"border-color\", \"#222222\");\n    date[0] = this.getRequestedDate(new Date(this.refs.from.value));\n    date[1] = this.getRequestedDate(new Date(this.refs.end.value));\n    Session.set('timePeriod', date);\n  },\n\n  getDefault: function (date) {\n    date[0] = this.getTodaysDate();\n    date[1] = this.getTodaysDate();\n    Session.set('timePeriod', date);\n    $('#from').datepicker('update', today);\n    $('#end').datepicker('update', today);\n  },\n\n  handleButtonClicks: function (period) {\n    var date = [];\n    switch (period) {\n      case 'today':\n        this.getToday(date);\n        break;\n      case 'week':\n        this.getWeek(date);\n        break;\n      case 'month':\n        this.getMonth(date);\n        break;\n      case 'custom':\n        this.getCustom(date);\n        break;\n      default:\n        this.getDefault(date);\n        break;\n    }\n  },\n\n  dateRangeHandler: function () {\n    $('#datepicker').datepicker();\n    var self = this;\n    $('#end').on(\"changeDate\", function () {\n      self.handleButtonClicks('custom');\n    });\n  },\n\n  getTodaysDate: function () {\n    var date = new Date();\n    return date.getFullYear() + \"-\" + ('0' + (date.getMonth() + 1)).slice(-2) + \"-\" + ('0' + date.getDate()).slice(-2);\n  },\n\n  getRequestedDate: function (inDate) {\n    return inDate.getFullYear() + \"-\" + ('0' + (inDate.getMonth() + 1)).slice(-2) + \"-\" + ('0' + inDate.getDate()).slice(-2);\n  },\n\n  render: function () {\n    return React.createElement(\n      \"ul\",\n      { className: \"nav navbar-nav\" },\n      React.createElement(\n        \"li\",\n        { className: \"subNavbarLi\", id: \"subNavbarToday\" },\n        React.createElement(\n          \"a\",\n          { href: \"\", onClick: this.handleButtonClicks.bind(this, 'today') },\n          \"Today\"\n        )\n      ),\n      React.createElement(\n        \"li\",\n        { className: \"subNavbarLi\", id: \"subNavbarWeek\" },\n        React.createElement(\n          \"a\",\n          { href: \"\", onClick: this.handleButtonClicks.bind(this, 'week') },\n          \"Last 7 days\"\n        )\n      ),\n      React.createElement(\n        \"li\",\n        { className: \"subNavbarLi\", id: \"subNavbarMonth\" },\n        React.createElement(\n          \"a\",\n          { href: \"\", onClick: this.handleButtonClicks.bind(this, 'month') },\n          \"Last month\"\n        )\n      ),\n      React.createElement(\n        \"li\",\n        { className: \"subNavbarLi\", id: \"subNavbarCustom\" },\n        React.createElement(\n          \"div\",\n          { className: \"input-group input-group-sm input-daterange\", id: \"datepicker\" },\n          React.createElement(\"input\", { type: \"text\", className: \"input-sm form-control dateRangeInput\", ref: \"from\", id: \"from\", onClick: this.dateRangeHandler }),\n          React.createElement(\"input\", { type: \"text\", className: \"input-sm form-control dateRangeInput\", ref: \"end\", id: \"end\", onClick: this.dateRangeHandler })\n        )\n      )\n    );\n  }\n});","ast":null,"map":{"version":3,"sources":["/client/components/navbar/customRange.jsx"],"names":[],"mappings":"AAAA,WAAW,GAAG,KAAK,CAAC,WAAW,CAAC;;;AAC9B,oBAAkB,EAAA,YAAG;AACnB,QAAI,IAAI,GAAG,EAAE,CAAC;AACd,QAAI,CAAC,CAAC,CAAC,GAAG,IAAI,CAAC,aAAa,EAAE,CAAC;AAC/B,QAAI,CAAC,CAAC,CAAC,GAAG,IAAI,CAAC,aAAa,EAAE,CAAC;AAC/B,WAAO,CAAC,GAAG,CAAC,YAAY,EAAE,IAAI,CAAC,CAAC;GACjC;;AAED,mBAAiB,EAAA,YAAG;AAClB,KAAC,CAAC,iBAAiB,CAAC,CAAC,GAAG,CAAC,cAAc,EAAE,SAAS,CAAC,CAAC;AACpD,KAAC,CAAC,aAAa,CAAC,CAAC,UAAU,CAAC;AAC1B,eAAS,EAAE,IAAI;AACf,YAAM,EAAE,YAAY;AACpB,oBAAc,EAAE,IAAI;AACpB,eAAS,EAAE,CAAC;KACb,CAAC,CAAC;AACH,KAAC,CAAC,OAAO,CAAC,CAAC,UAAU,EAAE,CACpB,EAAE,CAAC,YAAY,EAAE,YAAU;AAC1B,OAAC,CAAC,MAAM,CAAC,CAAC,KAAK,EAAE,CAAC;KACnB,CAAC,CAAC;AACH,KAAC,CAAC,OAAO,CAAC,CAAC,UAAU,CAAC,QAAQ,EAAE,IAAI,IAAI,EAAE,CAAC,CAAC;AAC5C,KAAC,CAAC,MAAM,CAAC,CAAC,UAAU,CAAC,QAAQ,EAAE,IAAI,IAAI,EAAE,CAAC,CAAC;GAC9C;;AAED,UAAQ,EAAA,UAAC,IAAI,EAAE;AACb,KAAC,CAAC,iBAAiB,CAAC,CAAC,GAAG,CAAC,cAAc,EAAE,SAAS,CAAC,CAAC;AACpD,KAAC,CAAC,gBAAgB,CAAC,CAAC,GAAG,CAAC,cAAc,EAAE,SAAS,CAAC,CAAC;AACnD,KAAC,CAAC,iBAAiB,CAAC,CAAC,GAAG,CAAC,cAAc,EAAE,SAAS,CAAC,CAAC;AACpD,KAAC,CAAC,kBAAkB,CAAC,CAAC,GAAG,CAAC,cAAc,EAAE,SAAS,CAAC,CAAC;AACrD,QAAI,CAAC,CAAC,CAAC,GAAG,IAAI,CAAC,aAAa,EAAE,CAAC;AAC/B,QAAI,CAAC,CAAC,CAAC,GAAG,IAAI,CAAC,aAAa,EAAE,CAAC;AAC/B,WAAO,CAAC,GAAG,CAAC,YAAY,EAAE,IAAI,CAAC,CAAC;AAChC,KAAC,CAAC,OAAO,CAAC,CAAC,UAAU,CAAC,QAAQ,EAAE,IAAI,IAAI,EAAE,CAAC,CAAC;AAC5C,KAAC,CAAC,MAAM,CAAC,CAAC,UAAU,CAAC,QAAQ,EAAE,IAAI,IAAI,EAAE,CAAC,CAAC;GAC5C;;AAED,SAAO,EAAA,UAAC,IAAI,EAAE;AACZ,KAAC,CAAC,iBAAiB,CAAC,CAAC,GAAG,CAAC,cAAc,EAAE,SAAS,CAAC,CAAC;AACpD,KAAC,CAAC,gBAAgB,CAAC,CAAC,GAAG,CAAC,cAAc,EAAE,SAAS,CAAC,CAAC;AACnD,KAAC,CAAC,iBAAiB,CAAC,CAAC,GAAG,CAAC,cAAc,EAAE,SAAS,CAAC,CAAC;AACpD,KAAC,CAAC,kBAAkB,CAAC,CAAC,GAAG,CAAC,cAAc,EAAE,SAAS,CAAC,CAAC;AACrD,QAAI,KAAK,GAAG,IAAI,IAAI,EAAE,CAAC;AACvB,QAAI,IAAI,GAAG,IAAI,IAAI,CAAC,KAAK,CAAC,WAAW,EAAE,EAAE,KAAK,CAAC,QAAQ,EAAE,EAAE,KAAK,CAAC,OAAO,EAAE,GAAG,CAAC,CAAC,CAAC;AAChF,QAAI,CAAC,CAAC,CAAC,GAAG,IAAI,CAAC,gBAAgB,CAAC,IAAI,CAAC,CAAC;AACtC,QAAI,CAAC,CAAC,CAAC,GAAG,IAAI,CAAC,aAAa,EAAE,CAAC;AAC/B,WAAO,CAAC,GAAG,CAAC,YAAY,EAAE,IAAI,CAAC,CAAC;AAChC,KAAC,CAAC,OAAO,CAAC,CAAC,UAAU,CAAC,QAAQ,EAAE,IAAI,CAAC,CAAC;AACtC,KAAC,CAAC,MAAM,CAAC,CAAC,UAAU,CAAC,QAAQ,EAAE,KAAK,CAAC,CAAC;GACvC;;AAED,UAAQ,EAAA,UAAC,IAAI,EAAE;AACb,KAAC,CAAC,iBAAiB,CAAC,CAAC,GAAG,CAAC,cAAc,EAAE,SAAS,CAAC,CAAC;AACpD,KAAC,CAAC,gBAAgB,CAAC,CAAC,GAAG,CAAC,cAAc,EAAE,SAAS,CAAC,CAAC;AACnD,KAAC,CAAC,iBAAiB,CAAC,CAAC,GAAG,CAAC,cAAc,EAAE,SAAS,CAAC,CAAC;AACpD,KAAC,CAAC,kBAAkB,CAAC,CAAC,GAAG,CAAC,cAAc,EAAE,SAAS,CAAC,CAAC;AACrD,QAAI,KAAK,GAAG,IAAI,IAAI,EAAE,CAAC;AACvB,QAAI,KAAK,GAAG,IAAI,IAAI,CAAC,KAAK,CAAC,WAAW,EAAE,EAAE,KAAK,CAAC,QAAQ,EAAE,GAAG,CAAC,EAAE,KAAK,CAAC,OAAO,EAAE,CAAC,CAAC;AACjF,QAAI,CAAC,CAAC,CAAC,GAAG,IAAI,CAAC,gBAAgB,CAAC,KAAK,CAAC,CAAC;AACvC,QAAI,CAAC,CAAC,CAAC,GAAG,IAAI,CAAC,aAAa,EAAE,CAAC;AAC/B,WAAO,CAAC,GAAG,CAAC,YAAY,EAAE,IAAI,CAAC,CAAC;AAChC,KAAC,CAAC,OAAO,CAAC,CAAC,UAAU,CAAC,QAAQ,EAAE,KAAK,CAAC,CAAC;AACvC,KAAC,CAAC,MAAM,CAAC,CAAC,UAAU,CAAC,QAAQ,EAAE,IAAI,IAAI,EAAE,CAAC,CAAC;GAC5C;;AAED,WAAS,EAAA,UAAC,IAAI,EAAE;AACd,KAAC,CAAC,iBAAiB,CAAC,CAAC,GAAG,CAAC,cAAc,EAAE,SAAS,CAAC,CAAC;AACpD,KAAC,CAAC,gBAAgB,CAAC,CAAC,GAAG,CAAC,cAAc,EAAE,SAAS,CAAC,CAAC;AACnD,KAAC,CAAC,iBAAiB,CAAC,CAAC,GAAG,CAAC,cAAc,EAAE,SAAS,CAAC,CAAC;AACpD,QAAI,CAAC,CAAC,CAAC,GAAG,IAAI,CAAC,gBAAgB,CAAC,IAAI,IAAI,CAAC,IAAI,CAAC,IAAI,CAAC,IAAI,CAAC,KAAK,CAAC,CAAC,CAAC;AAChE,QAAI,CAAC,CAAC,CAAC,GAAG,IAAI,CAAC,gBAAgB,CAAC,IAAI,IAAI,CAAC,IAAI,CAAC,IAAI,CAAC,GAAG,CAAC,KAAK,CAAC,CAAC,CAAC;AAC/D,WAAO,CAAC,GAAG,CAAC,YAAY,EAAE,IAAI,CAAC,CAAC;GACjC;;AAED,YAAU,EAAA,UAAC,IAAI,EAAE;AACf,QAAI,CAAC,CAAC,CAAC,GAAG,IAAI,CAAC,aAAa,EAAE,CAAC;AAC/B,QAAI,CAAC,CAAC,CAAC,GAAG,IAAI,CAAC,aAAa,EAAE,CAAC;AAC/B,WAAO,CAAC,GAAG,CAAC,YAAY,EAAE,IAAI,CAAC,CAAC;AAChC,KAAC,CAAC,OAAO,CAAC,CAAC,UAAU,CAAC,QAAQ,EAAE,KAAK,CAAC,CAAC;AACvC,KAAC,CAAC,MAAM,CAAC,CAAC,UAAU,CAAC,QAAQ,EAAE,KAAK,CAAC,CAAC;GACvC;;AAED,oBAAkB,EAAA,UAAC,MAAM,EAAE;AACzB,QAAI,IAAI,GAAG,EAAE,CAAC;AACd,YAAQ,MAAM;AACZ,WAAK,OAAO;AACV,YAAI,CAAC,QAAQ,CAAC,IAAI,CAAC,CAAC;AACpB,cAAM;AAAA,AACR,WAAK,MAAM;AACT,YAAI,CAAC,OAAO,CAAC,IAAI,CAAC,CAAC;AACnB,cAAM;AAAA,AACR,WAAK,OAAO;AACV,YAAI,CAAC,QAAQ,CAAC,IAAI,CAAC,CAAC;AACpB,cAAM;AAAA,AACR,WAAK,QAAQ;AACX,YAAI,CAAC,SAAS,CAAC,IAAI,CAAC,CAAC;AACrB,cAAM;AAAA,AACR;AACE,YAAI,CAAC,UAAU,CAAC,IAAI,CAAC,CAAC;AACtB,cAAM;AAAA,KACT;GACF;;AAED,kBAAgB,EAAA,YAAG;AACjB,KAAC,CAAC,aAAa,CAAC,CAAC,UAAU,EAAE,CAAC;AAC9B,QAAI,IAAI,GAAG,IAAI,CAAC;AAChB,KAAC,CAAC,MAAM,CAAC,CAAC,EAAE,CAAC,YAAY,EAAE,YAAW;AACpC,UAAI,CAAC,kBAAkB,CAAC,QAAQ,CAAC,CAAC;KACnC,CAAC,CAAC;GACJ;;AAED,eAAa,EAAA,YAAG;AACd,QAAI,IAAI,GAAG,IAAI,IAAI,EAAE,CAAC;AACtB,WAAO,IAAI,CAAC,WAAW,EAAE,GAAG,GAAG,GAC/B,CAAC,GAAG,IAAI,IAAI,CAAC,QAAQ,EAAE,GAAG,CAAC,CAAA,CAAC,CAAE,KAAK,CAAC,CAAC,CAAC,CAAC,GAAG,GAAG,GAC7C,CAAC,GAAG,GAAG,IAAI,CAAC,OAAO,EAAE,CAAA,CAAE,KAAK,CAAC,CAAC,CAAC,CAAC,CAAC;GAClC;;AAED,kBAAgB,EAAA,UAAC,MAAM,EAAE;AACvB,WAAO,MAAM,CAAC,WAAW,EAAE,GAAG,GAAG,GACjC,CAAC,GAAG,IAAI,MAAM,CAAC,QAAQ,EAAE,GAAG,CAAC,CAAA,CAAC,CAAE,KAAK,CAAC,CAAC,CAAC,CAAC,GAAG,GAAG,GAC/C,CAAC,GAAG,GAAG,MAAM,CAAC,OAAO,EAAE,CAAA,CAAE,KAAK,CAAC,CAAC,CAAC,CAAC,CAAC;GACpC;;AAED,QAAM,EAAA,YAAE;AACN,WACE;;QAAI,SAAS,EAAC,gBAAgB;MAC5B;;UAAI,SAAS,EAAC,aAAa,EAAC,EAAE,EAAC,gBAAgB;QAAC;;YAAG,IAAI,EAAC,EAAE,EAAC,OAAO,EAAE,IAAI,CAAC,kBAAkB,CAAC,IAAI,CAAC,IAAI,EAAE,OAAO,CAAC,AAAC;;SAAU;OAAK;MAC/H;;UAAI,SAAS,EAAC,aAAa,EAAC,EAAE,EAAC,eAAe;QAAC;;YAAG,IAAI,EAAC,EAAE,EAAC,OAAO,EAAE,IAAI,CAAC,kBAAkB,CAAC,IAAI,CAAC,IAAI,EAAE,MAAM,CAAC,AAAC;;SAAgB;OAAK;MACnI;;UAAI,SAAS,EAAC,aAAa,EAAC,EAAE,EAAC,gBAAgB;QAAC;;YAAG,IAAI,EAAC,EAAE,EAAC,OAAO,EAAE,IAAI,CAAC,kBAAkB,CAAC,IAAI,CAAC,IAAI,EAAE,OAAO,CAAC,AAAC;;SAAe;OAAK;MACpI;;UAAI,SAAS,EAAC,aAAa,EAAC,EAAE,EAAC,iBAAiB;QAC9C;;YAAK,SAAS,EAAC,4CAA4C,EAAC,EAAE,EAAC,YAAY;UACzE,+BAAO,IAAI,EAAC,MAAM,EAAC,SAAS,EAAC,sCAAsC,EAAC,GAAG,EAAC,MAAM,EAAC,EAAE,EAAC,MAAM,EAAC,OAAO,EAAE,IAAI,CAAC,gBAAgB,AAAC,GAAE;UAC1H,+BAAO,IAAI,EAAC,MAAM,EAAC,SAAS,EAAC,sCAAsC,EAAC,GAAG,EAAC,KAAK,EAAC,EAAE,EAAC,KAAK,EAAC,OAAO,EAAE,IAAI,CAAC,gBAAgB,AAAC,GAAE;SACpH;OACH;KACF,CACN;GACF;CACF,CAAC,CAAC","file":"/client/components/navbar/customRange.jsx.map","sourcesContent":["CustomRange = React.createClass({\n  componentWillMount() {\n    let date = [];\n    date[0] = this.getTodaysDate();\n    date[1] = this.getTodaysDate();\n    Session.set('timePeriod', date);\n  },\n\n  componentDidMount() {\n    $(\"#subNavbarToday\").css(\"border-color\", \"#2aa9dc\");\n    $('#datepicker').datepicker({\n      autoclose: true,\n      format: \"yyyy-mm-dd\",\n      todayHighlight: true,\n      weekStart: 1\n    });\n    $('#from').datepicker()\n      .on('changeDate', function(){\n        $('#end').focus();\n      });\n      $('#from').datepicker('update', new Date());\n      $('#end').datepicker('update', new Date());\n  },\n\n  getToday(date) {\n    $(\"#subNavbarToday\").css(\"border-color\", \"#2aa9dc\");\n    $(\"#subNavbarWeek\").css(\"border-color\", \"#222222\");\n    $(\"#subNavbarMonth\").css(\"border-color\", \"#222222\");\n    $(\"#subNavbarCustom\").css(\"border-color\", \"#222222\");\n    date[0] = this.getTodaysDate();\n    date[1] = this.getTodaysDate();\n    Session.set('timePeriod', date);\n    $('#from').datepicker('update', new Date());\n    $('#end').datepicker('update', new Date());\n  },\n\n  getWeek(date) {\n    $(\"#subNavbarToday\").css(\"border-color\", \"#222222\");\n    $(\"#subNavbarWeek\").css(\"border-color\", \"#2aa9dc\");\n    $(\"#subNavbarMonth\").css(\"border-color\", \"#222222\");\n    $(\"#subNavbarCustom\").css(\"border-color\", \"#222222\");\n    let today = new Date();\n    let week = new Date(today.getFullYear(), today.getMonth(), today.getDate() - 7);\n    date[0] = this.getRequestedDate(week);\n    date[1] = this.getTodaysDate();\n    Session.set('timePeriod', date);\n    $('#from').datepicker('update', week);\n    $('#end').datepicker('update', today);\n  },\n\n  getMonth(date) {\n    $(\"#subNavbarToday\").css(\"border-color\", \"#222222\");\n    $(\"#subNavbarWeek\").css(\"border-color\", \"#222222\");\n    $(\"#subNavbarMonth\").css(\"border-color\", \"#2aa9dc\");\n    $(\"#subNavbarCustom\").css(\"border-color\", \"#222222\");\n    let today = new Date();\n    let month = new Date(today.getFullYear(), today.getMonth() - 1, today.getDate());\n    date[0] = this.getRequestedDate(month);\n    date[1] = this.getTodaysDate();\n    Session.set('timePeriod', date);\n    $('#from').datepicker('update', month);\n    $('#end').datepicker('update', new Date());\n  },\n\n  getCustom(date) {\n    $(\"#subNavbarToday\").css(\"border-color\", \"#222222\");\n    $(\"#subNavbarWeek\").css(\"border-color\", \"#222222\");\n    $(\"#subNavbarMonth\").css(\"border-color\", \"#222222\");\n    date[0] = this.getRequestedDate(new Date(this.refs.from.value));\n    date[1] = this.getRequestedDate(new Date(this.refs.end.value));\n    Session.set('timePeriod', date);\n  },\n\n  getDefault(date) {\n    date[0] = this.getTodaysDate();\n    date[1] = this.getTodaysDate();\n    Session.set('timePeriod', date);\n    $('#from').datepicker('update', today);\n    $('#end').datepicker('update', today);\n  },\n\n  handleButtonClicks(period) {\n    let date = [];\n    switch (period) {\n      case 'today':\n        this.getToday(date);\n        break;\n      case 'week':\n        this.getWeek(date);\n        break;\n      case 'month':\n        this.getMonth(date);\n        break;\n      case 'custom':\n        this.getCustom(date);\n        break;\n      default:\n        this.getDefault(date);\n        break;\n    }\n  },\n\n  dateRangeHandler() {\n    $('#datepicker').datepicker();\n    let self = this;\n    $('#end').on(\"changeDate\", function() {\n      self.handleButtonClicks('custom');\n    });\n  },\n\n  getTodaysDate() {\n    let date = new Date();\n    return date.getFullYear() + \"-\" +\n    ('0' + (date.getMonth() + 1)).slice(-2) + \"-\" +\n    ('0' + date.getDate()).slice(-2);\n  },\n\n  getRequestedDate(inDate) {\n    return inDate.getFullYear() + \"-\" +\n    ('0' + (inDate.getMonth() + 1)).slice(-2) + \"-\" +\n    ('0' + inDate.getDate()).slice(-2);\n  },\n\n  render(){\n    return(\n      <ul className=\"nav navbar-nav\">\n        <li className=\"subNavbarLi\" id=\"subNavbarToday\"><a href=\"\" onClick={this.handleButtonClicks.bind(this, 'today')}>Today</a></li>\n        <li className=\"subNavbarLi\" id=\"subNavbarWeek\"><a href=\"\" onClick={this.handleButtonClicks.bind(this, 'week')}>Last 7 days</a></li>\n        <li className=\"subNavbarLi\" id=\"subNavbarMonth\"><a href=\"\" onClick={this.handleButtonClicks.bind(this, 'month')}>Last month</a></li>\n        <li className=\"subNavbarLi\" id=\"subNavbarCustom\">\n          <div className=\"input-group input-group-sm input-daterange\" id=\"datepicker\">\n            <input type=\"text\" className=\"input-sm form-control dateRangeInput\" ref=\"from\" id=\"from\" onClick={this.dateRangeHandler}/>\n            <input type=\"text\" className=\"input-sm form-control dateRangeInput\" ref=\"end\" id=\"end\" onClick={this.dateRangeHandler}/>\n          </div>\n        </li>\n      </ul>\n    )\n  }\n});\n"]},"hash":"24de941edc9a897bf93086f8240ecdd033823ce8"}
