{"metadata":{"modules":{"imports":[],"exports":{"exported":[],"specifiers":[]}},"usedHelpers":[]},"ignored":false,"code":"Graph = React.createClass({\n  displayName: \"Graph\",\n\n  mixins: [ReactMeteorData],\n\n  getMeteorData: function () {\n    var data = [];\n    var handle = Meteor.subscribe('sensors');\n\n    //Use ready() so data dont log before Sensors.find().fetch() is done\n    if (handle.ready()) {\n      data = Sensors.find({}).fetch();\n      console.log(\"This is\", data);\n    }\n    return {\n      sensors: Sensors.find({}).fetch()\n    };\n  },\n\n  render: function () {\n    if (this.data.sensors) {\n      var testVar = new Dygraph(this.refs.graphDiv.getDOMNode(), \"Date,time,Value\\n\" + \"2016-02-18,11-03-19,1276.5014518141647\\n\" + \"2016-02-19,11-03-20,1399.7787571636275\\n\" + \"2016-02-20,11-03-21,1690.055215939916\\n\" + \"2016-02-21,11-03-22,1200.331930606972\\n\" + \"2016-02-22,11-03-23,1078.608350055789\\n\");\n    }\n\n    return React.createElement(\n      \"div\",\n      { ref: \"graphDiv\" },\n      testVar\n    );\n  }\n});","ast":null,"map":{"version":3,"sources":["/client/components/dashboard/graph/Graph.jsx"],"names":[],"mappings":"AAAA,KAAK,GAAG,KAAK,CAAC,WAAW,CAAC;;;AAExB,QAAM,EAAC,CAAC,eAAe,CAAC;;AAExB,eAAa,EAAA,YAAE;AACb,QAAI,IAAI,GAAG,EAAE,CAAC;AACd,QAAI,MAAM,GAAG,MAAM,CAAC,SAAS,CAAC,SAAS,CAAC,CAAC;;;AAGzC,QAAG,MAAM,CAAC,KAAK,EAAE,EAAC;AAChB,UAAI,GAAG,OAAO,CAAC,IAAI,CAAC,EAAE,CAAC,CAAC,KAAK,EAAE,CAAC;AAChC,aAAO,CAAC,GAAG,CAAC,SAAS,EAAC,IAAI,CAAC,CAAC;KAC7B;AACD,WAAM;AACJ,aAAO,EAAE,OAAO,CAAC,IAAI,CAAC,EAAE,CAAC,CAAC,KAAK,EAAE;KAClC,CAAA;GACF;;AAKD,QAAM,EAAA,YAAE;AACN,QAAG,IAAI,CAAC,IAAI,CAAC,OAAO,EAAC;AACnB,UAAI,OAAO,GAAG,IAAI,OAAO,CACzB,IAAI,CAAC,IAAI,CAAC,QAAQ,CAAC,UAAU,EAAE,EAC/B,mBAAmB,GACnB,0CAA0C,GAC1C,0CAA0C,GAC1C,yCAAyC,GACzC,yCAAyC,GACzC,yCAAyC,CAC1C,CAAC;KACD;;AAGD,WACE;;QAAK,GAAG,EAAC,UAAU;MAChB,OAAO;KACJ,CACP;GACF;CACF,CAAC,CAAA","file":"/client/components/dashboard/graph/Graph.jsx.map","sourcesContent":["Graph = React.createClass({\n\n  mixins:[ReactMeteorData],\n\n  getMeteorData(){\n    var data = [];\n    var handle = Meteor.subscribe('sensors');\n\n    //Use ready() so data dont log before Sensors.find().fetch() is done\n    if(handle.ready()){\n      data = Sensors.find({}).fetch();\n      console.log(\"This is\",data);\n    }\n    return{\n      sensors: Sensors.find({}).fetch()\n    }\n  },\n\n\n\n\n  render(){\n    if(this.data.sensors){\n      var testVar = new Dygraph(\n      this.refs.graphDiv.getDOMNode(),\n      \"Date,time,Value\\n\" +\n      \"2016-02-18,11-03-19,1276.5014518141647\\n\" +\n      \"2016-02-19,11-03-20,1399.7787571636275\\n\" +\n      \"2016-02-20,11-03-21,1690.055215939916\\n\" +\n      \"2016-02-21,11-03-22,1200.331930606972\\n\" +\n      \"2016-02-22,11-03-23,1078.608350055789\\n\"\n    );\n    }\n\n\n    return(\n      <div ref=\"graphDiv\">\n        {testVar}\n      </div>\n    )\n  }\n})\n"]},"hash":"25c922a5982c3ca96dc7a0cad3614d14bddc42e1"}
