{"metadata":{"modules":{"imports":[],"exports":{"exported":[],"specifiers":[]}},"usedHelpers":[]},"ignored":false,"code":"Graph = React.createClass({\n  displayName: \"Graph\",\n\n  mixins: [ReactMeteorData],\n\n  getMeteorData: function () {\n    var data = [];\n    var handle = Meteor.subscribe('sensors');\n\n    //Use ready() so data dont log before Sensors.find().fetch() is done\n    if (handle.ready()) {\n      data = Sensors.find({}).fetch();\n      console.log(\"This is\", data);\n    }\n    return {\n      sensors: Sensors.find({}).fetch()\n    };\n  },\n\n  _createGraph: function (data) {\n\n    var graphString = \"\";\n\n    var allValues = this.data.sensors[0];\n\n    //FIXME day is hardcoded, get day from allValues\n    var day = \"2016-03-07\";\n    for (var key in babelHelpers.sanitizeForInObject(allValues)) {\n      if (key === \"values\") for (var i in babelHelpers.sanitizeForInObject(allValues[key])) {\n        // i = hours\n        var hour = i;\n        for (var j in babelHelpers.sanitizeForInObject(allValues[key][i])) {\n          // j = minutes\n          var minute = j;\n          for (var k in babelHelpers.sanitizeForInObject((allValues[key][i][j], k += 10))) {\n            // k = seconds\n            var second = k;\n            var value = allValues[key][i][j][k];\n            graphString += day + \" \" + hour + \":\" + minute + \":\" + second + \",\" + value + \"\\n\";\n          }\n        }\n      }\n    }\n    this.g = new Dygraph(this.refs.graphDiv, \"Date,Value\\n\" + graphString, {\n      connectSeparatedPoints: true,\n      xlabel: 'Time',\n      ylabel: 'Value',\n      strokeWidth: 2\n    });\n  },\n\n  //fillGraph:true,\n  //showRangeSelector:true\n  componentDidMount: function () {\n    this._createGraph();\n  },\n  componentDidUpdate: function () {\n    this._createGraph();\n  },\n\n  render: function () {\n    /*if(this.data.sensors){\n      var testVar = <div>Hei test</div>\n    }*/\n\n    return React.createElement(\"div\", { ref: \"graphDiv\" });\n  }\n});","ast":null,"map":{"version":3,"sources":["/client/components/dashboard/graph/Graph.jsx"],"names":[],"mappings":"AAAA,KAAK,GAAG,KAAK,CAAC,WAAW,CAAC;;;AAExB,QAAM,EAAC,CAAC,eAAe,CAAC;;AAExB,eAAa,EAAA,YAAE;AACb,QAAI,IAAI,GAAG,EAAE,CAAC;AACd,QAAI,MAAM,GAAG,MAAM,CAAC,SAAS,CAAC,SAAS,CAAC,CAAC;;;AAGzC,QAAG,MAAM,CAAC,KAAK,EAAE,EAAC;AAChB,UAAI,GAAG,OAAO,CAAC,IAAI,CAAC,EAAE,CAAC,CAAC,KAAK,EAAE,CAAC;AAChC,aAAO,CAAC,GAAG,CAAC,SAAS,EAAC,IAAI,CAAC,CAAC;KAC7B;AACD,WAAM;AACJ,aAAO,EAAE,OAAO,CAAC,IAAI,CAAC,EAAE,CAAC,CAAC,KAAK,EAAE;KAClC,CAAA;GAEF;;AAED,cAAY,EAAE,UAAS,IAAI,EAAC;;AAE5B,QAAI,WAAW,GAAG,EAAE,CAAC;;AAErB,QAAI,SAAS,GAAG,IAAI,CAAC,IAAI,CAAC,OAAO,CAAC,CAAC,CAAC,CAAC;;;AAGrC,QAAI,GAAG,GAAG,YAAY,CAAC;AACvB,SAAI,IAAI,GAAG,qCAAI,SAAS,GAAC;AACvB,UAAG,GAAG,KAAK,QAAQ,EACnB,KAAI,IAAI,CAAC,qCAAI,SAAS,CAAC,GAAG,CAAC,GAAC;;AAC1B,YAAI,IAAI,GAAG,CAAC,CAAC;AACX,aAAI,IAAI,CAAC,qCAAI,SAAS,CAAC,GAAG,CAAC,CAAC,CAAC,CAAC,GAAC;;AAC7B,cAAI,MAAM,GAAG,CAAC,CAAC;AACf,eAAI,IAAI,CAAC,sCAAI,SAAS,CAAC,GAAG,CAAC,CAAC,CAAC,CAAC,CAAC,CAAC,CAAC,EAAC,CAAC,IAAG,EAAE,CAAA,GAAC;;AACvC,gBAAI,MAAM,GAAG,CAAC,CAAC;AACf,gBAAI,KAAK,GAAG,SAAS,CAAC,GAAG,CAAC,CAAC,CAAC,CAAC,CAAC,CAAC,CAAC,CAAC,CAAC,CAAC,CAAC;AACpC,uBAAW,IAAI,GAAG,GAAG,GAAG,GAAG,IAAI,GAAG,GAAG,GAAG,MAAM,GAAG,GAAG,GAAG,MAAM,GAAG,GAAG,GAAG,KAAK,GAAG,IAAI,CAAC;WACpF;SACF;OACJ;KACF;AACG,QAAI,CAAC,CAAC,GAAG,IAAI,OAAO,CACpB,IAAI,CAAC,IAAI,CAAC,QAAQ,EAClB,cAAc,GAAG,WAAW,EAC5B;AACE,4BAAsB,EAAC,IAAI;AAC3B,YAAM,EAAC,MAAM;AACb,YAAM,EAAE,OAAO;AACf,iBAAW,EAAE,CAAC;KAGf,CACF,CAAC;GACH;;;;AAED,mBAAiB,EAAE,YAAU;AAC3B,QAAI,CAAC,YAAY,EAAE,CAAC;GACrB;AACD,oBAAkB,EAAE,YAAU;AAC5B,QAAI,CAAC,YAAY,EAAE,CAAC;GACrB;;AAGD,QAAM,EAAA,YAAE;;;;;AAKN,WACE,6BAAK,GAAG,EAAC,UAAU,GAAO,CAC3B;GACF;CACF,CAAC,CAAA","file":"/client/components/dashboard/graph/Graph.jsx.map","sourcesContent":["Graph = React.createClass({\n\n  mixins:[ReactMeteorData],\n\n  getMeteorData(){\n    var data = [];\n    var handle = Meteor.subscribe('sensors');\n\n    //Use ready() so data dont log before Sensors.find().fetch() is done\n    if(handle.ready()){\n      data = Sensors.find({}).fetch();\n      console.log(\"This is\",data);\n    }\n    return{\n      sensors: Sensors.find({}).fetch()\n    }\n\n  },\n\n  _createGraph: function(data){\n\n  var graphString = \"\";\n\n  var allValues = this.data.sensors[0];\n\n  //FIXME day is hardcoded, get day from allValues\n  var day = \"2016-03-07\";\n  for(var key in allValues){\n    if(key === \"values\")\n    for(var i in allValues[key]){ // i = hours\n      var hour = i;\n        for(var j in allValues[key][i]){ // j = minutes\n          var minute = j;\n          for(var k in allValues[key][i][j],k +=10){ // k = seconds\n            var second = k;\n            var value = allValues[key][i][j][k];\n            graphString += day + \" \" + hour + \":\" + minute + \":\" + second + \",\" + value + \"\\n\";\n          }\n        }\n    }\n  }\n      this.g = new Dygraph(\n      this.refs.graphDiv,\n      \"Date,Value\\n\" + graphString,\n      {\n        connectSeparatedPoints:true,\n        xlabel:'Time',\n        ylabel: 'Value',\n        strokeWidth: 2,\n        //fillGraph:true,\n        //showRangeSelector:true\n      }\n    );\n  },\n\n  componentDidMount: function(){\n    this._createGraph();\n  },\n  componentDidUpdate: function(){\n    this._createGraph();\n  },\n\n\n  render(){\n    /*if(this.data.sensors){\n      var testVar = <div>Hei test</div>\n    }*/\n\n    return(\n      <div ref=\"graphDiv\"></div>\n    )\n  }\n})\n"]},"hash":"25cc88c976d121b1ae994c08943c52fea3e2b280"}
