{"metadata":{"modules":{"imports":[],"exports":{"exported":[],"specifiers":[]}},"usedHelpers":[]},"ignored":false,"code":"GraphRh = React.createClass({\n  displayName: \"GraphRh\",\n\n  mixins: [ReactMeteorData],\n\n  getMeteorData: function () {\n    var data = [];\n    var handle = Meteor.subscribe('sensors');\n\n    //Use ready() so data dont log before Sensors.find().fetch() is done\n    if (handle.ready()) {\n      data = Sensors.find({ type: \"rh\" }).fetch();\n      //console.log(\"This is rh\",data);\n    }\n    return {\n      sensors: Sensors.find({ type: \"rh\" }).fetch()\n    };\n  },\n\n  _createGraph2: function (data) {\n\n    var graphString = \"\";\n    var type;\n    var allValues = this.data.sensors;\n\n    if (Object.keys(allValues).length > 1) {\n      //if data contains more than one day\n      type = allValues[0].type;\n      for (var i = 0; i < allValues.length; i++) {\n        var dayDate = allValues[i].day;\n        for (var key in babelHelpers.sanitizeForInObject(allValues[i])) {\n          if (key === \"values\") {\n            for (var j in babelHelpers.sanitizeForInObject(allValues[i][key])) {\n              // i = hours\n              var hour = j;\n              for (var k in babelHelpers.sanitizeForInObject(allValues[i][key][j])) {\n                // j = minutes\n                var minute = k;\n                for (var h in babelHelpers.sanitizeForInObject(allValues[i][key][j][k])) {\n                  // k = seconds\n                  var second = h;\n                  var value = allValues[i][key][j][k][h];\n                  graphString += dayDate + \" \" + hour + \":\" + minute + \":\" + second + \",\" + value + \"\\n\";\n                  break; //Every minute\n                }\n              }\n            }\n          }\n        }\n      }\n    } else if (Object.keys(allValues).length === 1) {\n        //if data contains only one day\n        allValues = allValues[0];\n        type = allValues.type;\n        var day = allValues.day;\n        for (var key in babelHelpers.sanitizeForInObject(allValues)) {\n          if (key === \"values\") for (var i in babelHelpers.sanitizeForInObject(allValues[key])) {\n            // i = hours\n            var hour = i;\n            for (var j in babelHelpers.sanitizeForInObject(allValues[key][i])) {\n              // j = minutes\n              var minute = j;\n              for (var k in babelHelpers.sanitizeForInObject(allValues[key][i][j])) {\n                // k = seconds\n                var second = k;\n                var value = allValues[key][i][j][k];\n                graphString += day + \" \" + hour + \":\" + minute + \":\" + second + \",\" + value + \"\\n\";\n                break; //Every minute\n              }\n            }\n          }\n        }\n      }\n\n    this.g2 = new Dygraph(document.getElementById('test2'), \"Date,Value\\n\" + graphString, {\n      ylabel: 'Value (' + type + \")\",\n      //title: allValues.type,\n      strokeWidth: 2,\n      //gridLineColor: 'rgb(204,0,255)',\n      color: 'rgb(204,0,255)',\n      fillGraph: true,\n      axisLineColor: 'rgb(204,0,255)',\n      showRangeSelector: true,\n      rangeSelectorHeight: 30,\n      rangeSelectorPlotFillColor: 'rgb(204,0,255)',\n      rangeSelectorPlotStrokeColor: 'rgb(204,0,255)'\n\n    });\n  },\n\n  //fillGraph:true,\n  //showRangeSelector:true\n  //connectSeparatedPoints:true,\n  componentDidMount: function () {\n    this._createGraph2();\n  },\n  componentDidUpdate: function () {\n    this._createGraph2();\n  },\n\n  render: function () {\n    /*if(this.data.sensors){\n      var testVar = <div>Hei test</div>\n    }*/\n\n    return React.createElement(\n      \"div\",\n      { className: \"panel panel-default\" },\n      React.createElement(\n        \"div\",\n        { className: \"panel-heading\" },\n        React.createElement(\n          \"h3\",\n          { className: \"panel-title text-center\" },\n          \"rh\"\n        )\n      ),\n      React.createElement(\n        \"div\",\n        { className: \"panel-body\" },\n        React.createElement(\"div\", { id: \"test2\", className: \"testgraf\", ref: \"graphDiv2\" })\n      )\n    );\n  }\n});","ast":null,"map":{"version":3,"sources":["/client/components/dashboard/graph/GraphRh.jsx"],"names":[],"mappings":"AAAA,OAAO,GAAG,KAAK,CAAC,WAAW,CAAC;;;AAE1B,QAAM,EAAC,CAAC,eAAe,CAAC;;AAExB,eAAa,EAAA,YAAE;AACb,QAAI,IAAI,GAAG,EAAE,CAAC;AACd,QAAI,MAAM,GAAG,MAAM,CAAC,SAAS,CAAC,SAAS,CAAC,CAAC;;;AAGzC,QAAG,MAAM,CAAC,KAAK,EAAE,EAAC;AAChB,UAAI,GAAG,OAAO,CAAC,IAAI,CAAC,EAAC,IAAI,EAAC,IAAI,EAAC,CAAC,CAAC,KAAK,EAAE,CAAC;;KAE1C;AACD,WAAM;AACJ,aAAO,EAAE,OAAO,CAAC,IAAI,CAAC,EAAC,IAAI,EAAC,IAAI,EAAC,CAAC,CAAC,KAAK,EAAE;KAC3C,CAAA;GAEF;;AAED,eAAa,EAAE,UAAS,IAAI,EAAC;;AAE7B,QAAI,WAAW,GAAG,EAAE,CAAC;AACrB,QAAI,IAAI,CAAC;AACT,QAAI,SAAS,GAAG,IAAI,CAAC,IAAI,CAAC,OAAO,CAAC;;AAElC,QAAG,MAAM,CAAC,IAAI,CAAC,SAAS,CAAC,CAAC,MAAM,GAAG,CAAC,EAAC;;AACnC,UAAI,GAAG,SAAS,CAAC,CAAC,CAAC,CAAC,IAAI,CAAC;AACzB,WAAI,IAAI,CAAC,GAAG,CAAC,EAAE,CAAC,GAAG,SAAS,CAAC,MAAM,EAAE,CAAC,EAAE,EAAC;AACvC,YAAI,OAAO,GAAG,SAAS,CAAC,CAAC,CAAC,CAAC,GAAG,CAAC;AAC/B,aAAI,IAAI,GAAG,qCAAI,SAAS,CAAC,CAAC,CAAC,GAAC;AAC1B,cAAG,GAAG,KAAK,QAAQ,EAAC;AAClB,iBAAI,IAAI,CAAC,qCAAI,SAAS,CAAC,CAAC,CAAC,CAAC,GAAG,CAAC,GAAC;;AAC7B,kBAAI,IAAI,GAAG,CAAC,CAAC;AACX,mBAAI,IAAI,CAAC,qCAAI,SAAS,CAAC,CAAC,CAAC,CAAC,GAAG,CAAC,CAAC,CAAC,CAAC,GAAC;;AAChC,oBAAI,MAAM,GAAG,CAAC,CAAC;AACf,qBAAI,IAAI,CAAC,qCAAI,SAAS,CAAC,CAAC,CAAC,CAAC,GAAG,CAAC,CAAC,CAAC,CAAC,CAAC,CAAC,CAAC,GAAC;;AACnC,sBAAI,MAAM,GAAG,CAAC,CAAC;AACf,sBAAI,KAAK,GAAG,SAAS,CAAC,CAAC,CAAC,CAAC,GAAG,CAAC,CAAC,CAAC,CAAC,CAAC,CAAC,CAAC,CAAC,CAAC,CAAC,CAAC;AACvC,6BAAW,IAAI,OAAO,GAAG,GAAG,GAAG,IAAI,GAAG,GAAG,GAAG,MAAM,GAAG,GAAG,GAAG,MAAM,GAAG,GAAG,GAAG,KAAK,GAAG,IAAI,CAAC;AACvF,wBAAM;iBACP;eACF;aACJ;WACF;SACF;OACF;KACF,MACI,IAAG,MAAM,CAAC,IAAI,CAAC,SAAS,CAAC,CAAC,MAAM,KAAK,CAAC,EAAC;;AAC1C,iBAAS,GAAG,SAAS,CAAC,CAAC,CAAC,CAAC;AACzB,YAAI,GAAG,SAAS,CAAC,IAAI,CAAC;AACtB,YAAI,GAAG,GAAG,SAAS,CAAC,GAAG,CAAC;AACxB,aAAI,IAAI,GAAG,qCAAI,SAAS,GAAC;AACvB,cAAG,GAAG,KAAK,QAAQ,EACnB,KAAI,IAAI,CAAC,qCAAI,SAAS,CAAC,GAAG,CAAC,GAAC;;AAC1B,gBAAI,IAAI,GAAG,CAAC,CAAC;AACX,iBAAI,IAAI,CAAC,qCAAI,SAAS,CAAC,GAAG,CAAC,CAAC,CAAC,CAAC,GAAC;;AAC7B,kBAAI,MAAM,GAAG,CAAC,CAAC;AACf,mBAAI,IAAI,CAAC,qCAAI,SAAS,CAAC,GAAG,CAAC,CAAC,CAAC,CAAC,CAAC,CAAC,CAAC,GAAC;;AAChC,oBAAI,MAAM,GAAG,CAAC,CAAC;AACf,oBAAI,KAAK,GAAG,SAAS,CAAC,GAAG,CAAC,CAAC,CAAC,CAAC,CAAC,CAAC,CAAC,CAAC,CAAC,CAAC,CAAC;AACpC,2BAAW,IAAI,GAAG,GAAG,GAAG,GAAG,IAAI,GAAG,GAAG,GAAG,MAAM,GAAG,GAAG,GAAG,MAAM,GAAG,GAAG,GAAG,KAAK,GAAG,IAAI,CAAC;AACnF,sBAAM;eACP;aACF;WACJ;SACF;OACF;;AAEC,QAAI,CAAC,EAAE,GAAG,IAAI,OAAO,CACnB,QAAQ,CAAC,cAAc,CAAC,OAAO,CAAC,EAChC,cAAc,GAAG,WAAW,EAC5B;AACE,YAAM,EAAE,SAAS,GAAG,IAAI,GAAG,GAAG;;AAE9B,iBAAW,EAAE,CAAC;;AAEd,WAAK,EAAE,gBAAgB;AACvB,eAAS,EAAE,IAAI;AACf,mBAAa,EAAE,gBAAgB;AAC/B,uBAAiB,EAAE,IAAI;AACvB,yBAAmB,EAAE,EAAE;AACvB,gCAA0B,EAAE,gBAAgB;AAC5C,kCAA4B,EAAE,gBAAgB;;KAK/C,CACF,CAAC;GACH;;;;;AAED,mBAAiB,EAAE,YAAU;AAC3B,QAAI,CAAC,aAAa,EAAE,CAAC;GACtB;AACD,oBAAkB,EAAE,YAAU;AAC5B,QAAI,CAAC,aAAa,EAAE,CAAC;GACtB;;AAGD,QAAM,EAAA,YAAE;;;;;AAKN,WACE;;QAAK,SAAS,EAAC,qBAAqB;MAClC;;UAAK,SAAS,EAAC,eAAe;QAC5B;;YAAI,SAAS,EAAC,yBAAyB;;SAAQ;OAC3C;MACN;;UAAK,SAAS,EAAC,YAAY;QAC3B,6BAAK,EAAE,EAAC,OAAO,EAAC,SAAS,EAAC,UAAU,EAAC,GAAG,EAAC,WAAW,GAAO;OACrD;KACF,CACP;GACF;CACF,CAAC,CAAA","file":"/client/components/dashboard/graph/GraphRh.jsx.map","sourcesContent":["GraphRh = React.createClass({\n\n  mixins:[ReactMeteorData],\n\n  getMeteorData(){\n    var data = [];\n    var handle = Meteor.subscribe('sensors');\n\n    //Use ready() so data dont log before Sensors.find().fetch() is done\n    if(handle.ready()){\n      data = Sensors.find({type:\"rh\"}).fetch();\n      //console.log(\"This is rh\",data);\n    }\n    return{\n      sensors: Sensors.find({type:\"rh\"}).fetch()\n    }\n\n  },\n\n  _createGraph2: function(data){\n\n  var graphString = \"\";\n  var type;\n  var allValues = this.data.sensors;\n\n  if(Object.keys(allValues).length > 1){ //if data contains more than one day\n    type = allValues[0].type;\n    for(var i = 0; i < allValues.length; i++){\n      var dayDate = allValues[i].day;\n      for(var key in allValues[i]){\n        if(key === \"values\"){\n          for(var j in allValues[i][key]){ // i = hours\n            var hour = j;\n              for(var k in allValues[i][key][j]){ // j = minutes\n                var minute = k;\n                for(var h in allValues[i][key][j][k]){ // k = seconds\n                  var second = h;\n                  var value = allValues[i][key][j][k][h];\n                  graphString += dayDate + \" \" + hour + \":\" + minute + \":\" + second + \",\" + value + \"\\n\";\n                  break; //Every minute\n                }\n              }\n          }\n        }\n      }\n    }\n  }\n  else if(Object.keys(allValues).length === 1){ //if data contains only one day\n    allValues = allValues[0];\n    type = allValues.type;\n    var day = allValues.day;\n    for(var key in allValues){\n      if(key === \"values\")\n      for(var i in allValues[key]){ // i = hours\n        var hour = i;\n          for(var j in allValues[key][i]){ // j = minutes\n            var minute = j;\n            for(var k in allValues[key][i][j]){ // k = seconds\n              var second = k;\n              var value = allValues[key][i][j][k];\n              graphString += day + \" \" + hour + \":\" + minute + \":\" + second + \",\" + value + \"\\n\";\n              break; //Every minute\n            }\n          }\n      }\n    }\n  }\n\n    this.g2 = new Dygraph(\n      document.getElementById('test2'),\n      \"Date,Value\\n\" + graphString,\n      {\n        ylabel: 'Value (' + type + \")\",\n        //title: allValues.type,\n        strokeWidth: 2,\n        //gridLineColor: 'rgb(204,0,255)',\n        color: 'rgb(204,0,255)',\n        fillGraph: true,\n        axisLineColor: 'rgb(204,0,255)',\n        showRangeSelector: true,\n        rangeSelectorHeight: 30,\n        rangeSelectorPlotFillColor: 'rgb(204,0,255)',\n        rangeSelectorPlotStrokeColor: 'rgb(204,0,255)',\n\n        //fillGraph:true,\n        //showRangeSelector:true\n        //connectSeparatedPoints:true,\n      }\n    );\n  },\n\n  componentDidMount: function(){\n    this._createGraph2();\n  },\n  componentDidUpdate: function(){\n    this._createGraph2();\n  },\n\n\n  render(){\n    /*if(this.data.sensors){\n      var testVar = <div>Hei test</div>\n    }*/\n\n    return(\n      <div className=\"panel panel-default\">\n        <div className=\"panel-heading\">\n          <h3 className=\"panel-title text-center\">rh</h3>\n        </div>\n        <div className=\"panel-body\">\n        <div id=\"test2\" className=\"testgraf\" ref=\"graphDiv2\"></div>\n        </div>\n      </div>\n    )\n  }\n})\n"]},"hash":"25fd1a34295cc4a1f03a6fda75d205d7c3360768"}
