{"metadata":{"modules":{"imports":[],"exports":{"exported":[],"specifiers":[]}},"usedHelpers":[]},"ignored":false,"code":"ParentGraph = React.createClass({\n  displayName: \"ParentGraph\",\n\n  mixins: [ReactMeteorData],\n  getMeteorData: function () {\n    //TODO subscribe to data from Mongo. From Readings\n    //Fetch data with params from user\n    // readings = Meteor.subscribe(<name>);\n    var subscription = Meteor.subscribe('sensors');\n    /*if ( subscription.ready()) {\n      return {\n        sensors: Sensors.find({}).fetch(),\n      }\n    }*/\n    return {\n      sensors: Sensors.find({ type: \"rh\", day: \"2016-03-15\" }).fetch()\n    };\n  },\n\n  render: function () {\n    //return Graph.jsx with data from getMeteorData\n    // this.props.<name>\n    if (this.data.sensors) {\n      console.log(\"INSIDE IF THIS.DATA.SENSORS\");\n\n      /* TODO map through results in readings and create a Graph component\n        for every results\n      */\n      return React.createElement(\n        \"div\",\n        null,\n        \"//\",\n        this.data.sensors.map(function (graph) {\n          return React.createElement(Graph, { sensors: graph.values, key: graph.index });\n        }),\n        React.createElement(Graph, { sensors: this.data.sensors })\n      );\n    } else {\n      //TODO Return spinner\n      return React.createElement(\n        \"div\",\n        { className: \"jumbotron\" },\n        \" Loading...\"\n      );\n    }\n  }\n});","ast":null,"map":{"version":3,"sources":["/client/components/dashboard/graph/ParentGraph.jsx"],"names":[],"mappings":"AAAA,WAAW,GAAG,KAAK,CAAC,WAAW,CAAC;;;AAC9B,QAAM,EAAE,CAAC,eAAe,CAAC;AACzB,eAAa,EAAA,YAAG;;;;AAId,QAAM,YAAY,GAAG,MAAM,CAAC,SAAS,CAAC,SAAS,CAAC,CAAC;;;;;;AAMjD,WAAM;AACJ,aAAO,EAAE,OAAO,CAAC,IAAI,CAAC,EAAC,IAAI,EAAC,IAAI,EAAC,GAAG,EAAC,YAAY,EAAC,CAAC,CAAC,KAAK,EAAE;KAC5D,CAAA;GACF;;AAED,QAAM,EAAA,YAAG;;;AAGL,QAAI,IAAI,CAAC,IAAI,CAAC,OAAO,EAAE;AACrB,aAAO,CAAC,GAAG,CAAC,6BAA6B,CAAC,CAAC;;;;;AAK3C,aACE;;;;QACK,IAAI,CAAC,IAAI,CAAC,OAAO,CAAC,GAAG,CAAE,UAAA,KAAK;iBAAI,oBAAC,KAAK,IAAC,OAAO,EAAE,KAAK,CAAC,MAAM,AAAC,EAAC,GAAG,EAAE,KAAK,CAAC,KAAK,AAAC,GAAG;SAAA,CAAE;QACvF,oBAAC,KAAK,IAAC,OAAO,EAAE,IAAI,CAAC,IAAI,CAAC,OAAO,AAAC,GAAG;OACjC,CACP;KACF,MAAM;;AAEL,aACE;;UAAK,SAAS,EAAC,WAAW;;OAAkB,CAC7C;KACF;GACJ;CACF,CAAC,CAAA","file":"/client/components/dashboard/graph/ParentGraph.jsx.map","sourcesContent":["ParentGraph = React.createClass({\n  mixins: [ReactMeteorData],\n  getMeteorData() {\n    //TODO subscribe to data from Mongo. From Readings\n    //Fetch data with params from user\n    // readings = Meteor.subscribe(<name>);\n    const subscription = Meteor.subscribe('sensors');\n    /*if ( subscription.ready()) {\n      return {\n        sensors: Sensors.find({}).fetch(),\n      }\n    }*/\n    return{\n      sensors: Sensors.find({type:\"rh\",day:\"2016-03-15\"}).fetch()\n    }\n  },\n\n  render() {\n      //return Graph.jsx with data from getMeteorData\n      // this.props.<name>\n      if (this.data.sensors) {\n        console.log(\"INSIDE IF THIS.DATA.SENSORS\");\n\n        /* TODO map through results in readings and create a Graph component\n          for every results\n        */\n        return(\n          <div>\n            //{this.data.sensors.map((graph => <Graph sensors={graph.values} key={graph.index} />))}\n            <Graph sensors={this.data.sensors} />\n          </div>\n        )\n      } else {\n        //TODO Return spinner\n        return (\n          <div className=\"jumbotron\"> Loading...</div>\n        )\n      }\n  }\n})\n"]},"hash":"26a8dff724f261f42158a05c98c5d5357ec73ff0"}
