{"metadata":{"modules":{"imports":[],"exports":{"exported":[],"specifiers":[]}},"usedHelpers":[]},"ignored":false,"code":"Navbar = React.createClass({\n  displayName: \"Navbar\",\n\n  render: function () {\n    return React.createElement(\"nav\", { className: \"navbar navbar-default navbar-fixed-top\" });\n  }\n});","ast":null,"map":{"version":3,"sources":["/client/components/navbar/Navbar.jsx"],"names":[],"mappings":"AAAA,MAAM,GAAG,KAAK,CAAC,WAAW,CAAC;;;AACzB,QAAM,EAAA,YAAE;AACN,WACE,6BAAK,SAAS,EAAC,wCAAwC,GAEjD,CACP;GACF;CACF,CAAC,CAAA","file":"/client/components/navbar/Navbar.jsx.map","sourcesContent":["Navbar = React.createClass({\n  render(){\n    return(\n      <nav className=\"navbar navbar-default navbar-fixed-top\">\n        \n      </nav>\n    )\n  }\n})\n"]},"hash":"26e9851c2058fdbbd63a157d922eba5f87cd955e"}
