{"metadata":{"modules":{"imports":[],"exports":{"exported":[],"specifiers":[]}},"usedHelpers":[]},"ignored":false,"code":"Footer = React.createClass({\n  displayName: \"Footer\",\n\n  render: function () {\n    return React.createElement(\n      \"footer\",\n      { className: \"footer\" },\n      React.createElement(\n        \"p\",\n        { className: \"text-center text-muted small\" },\n        React.createElement(\n          \"a\",\n          { href: \"http://www.Biogrid.no\", className: \"text-muted\", target: \"_blank\" },\n          \"Biogrid AS \"\n        ),\n        \"| StartupLab, Gaustadalléen 21 | N-0349 Oslo \",\n        React.createElement(\"br\", null),\n        \"Orgnr. 915 161 618 MVA\"\n      )\n    );\n  }\n});","ast":null,"map":{"version":3,"sources":["/client/components/footer/footer.jsx"],"names":[],"mappings":"AAAA,MAAM,GAAG,KAAK,CAAC,WAAW,CAAC;;;AACzB,QAAM,EAAA,YAAE;AACN,WACE;;QAAQ,SAAS,EAAC,QAAQ;MACpB;;UAAG,SAAS,EAAC,8BAA8B;QACzC;;YAAG,IAAI,EAAC,uBAAuB,EAAC,SAAS,EAAC,YAAY,EAAC,MAAM,EAAC,QAAQ;;SACrD;;QAA6C,+BAAK;;OAEjE;KACD,CACV;GACF;CACF,CAAC,CAAC","file":"/client/components/footer/footer.jsx.map","sourcesContent":["Footer = React.createClass({\n  render(){\n    return(\n      <footer className=\"footer\">\n            <p className=\"text-center text-muted small\">\n              <a href=\"http://www.Biogrid.no\" className=\"text-muted\" target=\"_blank\">\n                Biogrid AS </a>| StartupLab, Gaustadalléen 21 | N-0349 Oslo <br/>\n              Orgnr. 915 161 618 MVA\n            </p>\n      </footer>\n    )\n  }\n});\n"]},"hash":"26f55f79a9c0da0cb14f43d1042abde75aa0ec12"}
