{"metadata":{"modules":{"imports":[],"exports":{"exported":[],"specifiers":[]}},"usedHelpers":[]},"ignored":false,"code":"SubNavbar = React.createClass({\n  displayName: \"SubNavbar\",\n\n  mixins: [ReactMeteorData],\n  getMeteorData: function () {\n    var siteId = FlowRouter.getParam(\"siteId\");\n    var subscription = Meteor.subscribe('sites');\n    return {\n      ready: subscription.ready(),\n      sites: Sites.find().fetch(),\n      siteId: siteId\n    };\n  },\n\n  render: function () {\n    var sitesList = [];\n    var currentSite = \"\";\n    var temp = this.data.siteId;\n\n    if (this.data.ready) {\n      sitesList = this.data.sites.map(function (site) {\n        var id = site._id;\n        var link = \"/dashboard/\" + id;\n        if (temp === id) {\n          currentSite = site.name;\n        }\n        return React.createElement(\n          \"div\",\n          { key: site._id },\n          React.createElement(\n            \"li\",\n            null,\n            React.createElement(\n              \"a\",\n              { className: \"queryLinks\", href: link },\n              \" \",\n              site.name,\n              \" \"\n            )\n          )\n        );\n      });\n    } else {\n      sitesList = React.createElement(\n        \"li\",\n        null,\n        \" Sorry, no sites available or loading \"\n      );\n    }\n    return React.createElement(\n      \"div\",\n      null,\n      React.createElement(\n        \"nav\",\n        { className: \"navbar navbar-inverse visible-xs visible-sm visible-md\", id: \"subNavbar\" },\n        React.createElement(\n          \"div\",\n          { className: \"container-fluid\" },\n          React.createElement(CustomRange, null),\n          React.createElement(\n            \"h5\",\n            { id: \"smallSites\", className: \"dropdown-toggle\", \"data-toggle\": \"dropdown\", role: \"button\", \"aria-haspopup\": \"true\", \"aria-expanded\": \"false\" },\n            \"Change site\",\n            React.createElement(\"i\", { className: \"fa fa-caret-down blueIcon\" }),\n            React.createElement(\n              \"span\",\n              { className: \"pull-right\" },\n              currentSite\n            )\n          ),\n          React.createElement(\n            \"ul\",\n            { className: \"dropdown-menu\", id: \"yourSites\" },\n            sitesList\n          )\n        )\n      ),\n      React.createElement(\n        \"nav\",\n        { className: \"navbar navbar-inverse hidden-xs hidden-sm\", id: \"subNavbar\" },\n        React.createElement(\n          \"div\",\n          { className: \"container-fluid\" },\n          React.createElement(\n            \"div\",\n            { className: \"navbar-header\" },\n            React.createElement(\n              \"button\",\n              { type: \"button\", className: \"navbar-toggle\", \"data-toggle\": \"collapse\", \"data-target\": \"#myNavbar\" },\n              React.createElement(\"span\", { className: \"icon-bar\" }),\n              React.createElement(\"span\", { className: \"icon-bar\" }),\n              React.createElement(\"span\", { className: \"icon-bar\" })\n            )\n          ),\n          React.createElement(\n            \"div\",\n            { className: \"collapse navbar-collapse\", id: \"myNavbar\" },\n            React.createElement(\n              \"ul\",\n              { className: \"nav navbar-nav\" },\n              React.createElement(\n                \"li\",\n                { className: \"dropdown subNavbarLi\" },\n                React.createElement(\n                  \"a\",\n                  { href: \"#\", className: \"dropdown-toggle\", \"data-toggle\": \"dropdown\", role: \"button\", \"aria-haspopup\": \"true\", \"aria-expanded\": \"false\" },\n                  currentSite,\n                  \" \",\n                  React.createElement(\"i\", { className: \"fa fa-caret-down blueIcon\" })\n                ),\n                React.createElement(\n                  \"ul\",\n                  { className: \"dropdown-menu\", id: \"yourSites\" },\n                  sitesList\n                )\n              )\n            ),\n            React.createElement(CustomRange, null)\n          )\n        )\n      )\n    );\n  }\n});","ast":null,"map":{"version":3,"sources":["/client/components/navbar/subNavbar.jsx"],"names":[],"mappings":"AAAA,SAAS,GAAG,KAAK,CAAC,WAAW,CAAC;;;AAC5B,QAAM,EAAC,CAAC,eAAe,CAAC;AACxB,eAAa,EAAA,YAAG;AACd,QAAM,MAAM,GAAG,UAAU,CAAC,QAAQ,CAAC,QAAQ,CAAC,CAAC;AAC7C,QAAM,YAAY,GAAG,MAAM,CAAC,SAAS,CAAC,OAAO,CAAC,CAAC;AAC/C,WAAO;AACL,WAAK,EAAE,YAAY,CAAC,KAAK,EAAE;AAC3B,WAAK,EAAE,KAAK,CAAC,IAAI,EAAE,CAAC,KAAK,EAAE;AAC3B,YAAM,EAAE,MAAM;KACf,CAAA;GACF;;AAED,QAAM,EAAA,YAAG;AACP,QAAI,SAAS,GAAG,EAAE,CAAC;AACnB,QAAI,WAAW,GAAG,EAAE,CAAC;AACrB,QAAI,IAAI,GAAG,IAAI,CAAC,IAAI,CAAC,MAAM,CAAC;;AAE5B,QAAI,IAAI,CAAC,IAAI,CAAC,KAAK,EAAE;AACnB,eAAS,GAAG,IAAI,CAAC,IAAI,CAAC,KAAK,CAAC,GAAG,CAAC,UAAS,IAAI,EAAC;AAC5C,YAAI,EAAE,GAAG,IAAI,CAAC,GAAG,CAAC;AAClB,YAAI,IAAI,GAAG,aAAa,GAAC,EAAE,CAAC;AAC5B,YAAI,IAAI,KAAK,EAAE,EAAE;AACf,qBAAW,GAAG,IAAI,CAAC,IAAI,CAAC;SACzB;AACD,eACE;;YAAK,GAAG,EAAE,IAAI,CAAC,GAAG,AAAC;UACjB;;;YAAI;;gBAAG,SAAS,EAAC,YAAY,EAAC,IAAI,EAAE,IAAI,AAAC;;cAAG,IAAI,CAAC,IAAI;;aAAM;WAAK;SAC5D,CACP;OACF,CAAC,CAAA;KACH,MAAM;AACL,eAAS,GAAG;;;;OAA+C,CAAA;KAC5D;AACD,WACE;;;MACE;;UAAK,SAAS,EAAC,wDAAwD,EAAC,EAAE,EAAC,WAAW;QACpF;;YAAK,SAAS,EAAC,iBAAiB;UAC5B,oBAAC,WAAW,OAAE;UAChB;;cAAI,EAAE,EAAC,YAAY,EAAC,SAAS,EAAC,iBAAiB,EAAC,eAAY,UAAU,EAAC,IAAI,EAAC,QAAQ,EAAC,iBAAc,MAAM,EAAC,iBAAc,OAAO;;YAE7H,2BAAG,SAAS,EAAC,2BAA2B,GAAK;YAC7C;;gBAAM,SAAS,EAAC,YAAY;cAAG,WAAW;aAAQ;WAC/C;UACL;;cAAI,SAAS,EAAC,eAAe,EAAC,EAAE,EAAC,WAAW;YACzC,SAAS;WACP;SACD;OACF;MAEN;;UAAK,SAAS,EAAC,2CAA2C,EAAC,EAAE,EAAC,WAAW;QACvE;;YAAK,SAAS,EAAC,iBAAiB;UAC9B;;cAAK,SAAS,EAAC,eAAe;YAC5B;;gBAAQ,IAAI,EAAC,QAAQ,EAAC,SAAS,EAAC,eAAe,EAAC,eAAY,UAAU,EAAC,eAAY,WAAW;cAC5F,8BAAM,SAAS,EAAC,UAAU,GAAQ;cAClC,8BAAM,SAAS,EAAC,UAAU,GAAQ;cAClC,8BAAM,SAAS,EAAC,UAAU,GAAQ;aAC3B;WACL;UACN;;cAAK,SAAS,EAAC,0BAA0B,EAAC,EAAE,EAAC,UAAU;YACrD;;gBAAI,SAAS,EAAC,gBAAgB;cAC5B;;kBAAI,SAAS,EAAC,sBAAsB;gBAClC;;oBAAG,IAAI,EAAC,GAAG,EAAC,SAAS,EAAC,iBAAiB,EAAC,eAAY,UAAU,EAAC,IAAI,EAAC,QAAQ,EAAC,iBAAc,MAAM,EAAC,iBAAc,OAAO;kBACpH,WAAW;;kBAAE,2BAAG,SAAS,EAAC,2BAA2B,GAAK;iBAAI;gBACjE;;oBAAI,SAAS,EAAC,eAAe,EAAC,EAAE,EAAC,WAAW;kBACzC,SAAS;iBACP;eACF;aACF;YACL,oBAAC,WAAW,OAAE;WACV;SACF;OACF;KAEF,CAGP;GACF;CACF,CAAC,CAAC","file":"/client/components/navbar/subNavbar.jsx.map","sourcesContent":["SubNavbar = React.createClass({\n  mixins:[ReactMeteorData],\n  getMeteorData() {\n    const siteId = FlowRouter.getParam(\"siteId\");\n    const subscription = Meteor.subscribe('sites');\n    return {\n      ready: subscription.ready(),\n      sites: Sites.find().fetch(),\n      siteId: siteId\n    }\n  },\n\n  render() {\n    let sitesList = [];\n    let currentSite = \"\";\n    let temp = this.data.siteId;\n\n    if( this.data.ready) {\n      sitesList = this.data.sites.map(function(site){\n        let id = site._id;\n        let link = \"/dashboard/\"+id;\n        if (temp === id) {\n          currentSite = site.name;\n        }\n        return(\n          <div key={site._id}>\n            <li><a className=\"queryLinks\" href={link}> {site.name} </a></li>\n          </div>\n        )\n      })\n    } else {\n      sitesList = <li> Sorry, no sites available or loading </li>\n    }\n    return(\n      <div>\n        <nav className=\"navbar navbar-inverse visible-xs visible-sm visible-md\" id=\"subNavbar\">\n          <div className=\"container-fluid\">\n              <CustomRange/>\n            <h5 id=\"smallSites\" className=\"dropdown-toggle\" data-toggle=\"dropdown\" role=\"button\" aria-haspopup=\"true\" aria-expanded=\"false\">\n              Change site\n              <i className=\"fa fa-caret-down blueIcon\"></i>\n              <span className=\"pull-right\" >{currentSite}</span>\n            </h5>\n            <ul className=\"dropdown-menu\" id=\"yourSites\">\n              {sitesList}\n            </ul>\n          </div>\n        </nav>\n\n        <nav className=\"navbar navbar-inverse hidden-xs hidden-sm\" id=\"subNavbar\">\n          <div className=\"container-fluid\">\n            <div className=\"navbar-header\">\n              <button type=\"button\" className=\"navbar-toggle\" data-toggle=\"collapse\" data-target=\"#myNavbar\">\n                <span className=\"icon-bar\"></span>\n                <span className=\"icon-bar\"></span>\n                <span className=\"icon-bar\"></span>\n              </button>\n            </div>\n            <div className=\"collapse navbar-collapse\" id=\"myNavbar\">\n              <ul className=\"nav navbar-nav\">\n                <li className=\"dropdown subNavbarLi\">\n                  <a href=\"#\" className=\"dropdown-toggle\" data-toggle=\"dropdown\" role=\"button\" aria-haspopup=\"true\" aria-expanded=\"false\">\n                    {currentSite} <i className=\"fa fa-caret-down blueIcon\"></i></a>\n                  <ul className=\"dropdown-menu\" id=\"yourSites\">\n                    {sitesList}\n                  </ul>\n                </li>\n              </ul>\n              <CustomRange/>\n            </div>\n          </div>\n        </nav>\n\n      </div>\n\n\n    )\n  }\n});\n"]},"hash":"28526f0d8b630a9ac195a6d67a6f185a43a98eea"}
