{"metadata":{"modules":{"imports":[],"exports":{"exported":[],"specifiers":[]}},"usedHelpers":[]},"ignored":false,"code":"DashboardPage = React.createClass({\n  displayName: \"DashboardPage\",\n\n  render: function () {\n    return React.createElement(\n      \"div\",\n      { className: \"\" },\n      React.createElement(Navbar, null),\n      React.createElement(\n        \"div\",\n        { className: \"row\" },\n        React.createElement(\n          \"div\",\n          { className: \"col-md-2\" },\n          React.createElement(Metadata, null)\n        ),\n        React.createElement(\n          \"div\",\n          { className: \"col-md-10\" },\n          \"Interactive components\",\n          React.createElement(\n            \"div\",\n            { className: \"row graphRow\" },\n            React.createElement(\n              \"div\",\n              { className: \"col-md-5\" },\n              React.createElement(Graph, null)\n            ),\n            React.createElement(\n              \"div\",\n              { className: \"col-md-5\" },\n              \"Second graph\"\n            )\n          ),\n          React.createElement(\n            \"div\",\n            { className: \"row extraFunctionality\" },\n            React.createElement(\n              \"div\",\n              { className: \"col-md-5\" },\n              \"Weather\"\n            ),\n            React.createElement(\n              \"div\",\n              { className: \"col-md-5\" },\n              \"Google maps\"\n            )\n          )\n        )\n      ),\n      React.createElement(\"script\", { src: \"//cdnjs.cloudflare.com/ajax/libs/dygraph/1.1.1/dygraph-combined.js\" })\n    );\n  }\n});","ast":null,"map":{"version":3,"sources":["/client/components/dashboard/DashboardPage.jsx"],"names":[],"mappings":"AAAA,aAAa,GAAG,KAAK,CAAC,WAAW,CAAC;;;AAChC,QAAM,EAAA,YAAE;AACN,WAEE;;QAAK,SAAS,EAAC,EAAE;MACf,oBAAC,MAAM,OAAG;MACV;;UAAK,SAAS,EAAC,KAAK;QAClB;;YAAK,SAAS,EAAC,UAAU;UACvB,oBAAC,QAAQ,OAAG;SACR;QACN;;YAAK,SAAS,EAAC,WAAW;;UAExB;;cAAK,SAAS,EAAC,cAAc;YAC3B;;gBAAK,SAAS,EAAC,UAAU;cACvB,oBAAC,KAAK,OAAE;aACJ;YACN;;gBAAK,SAAS,EAAC,UAAU;;aAEnB;WACF;UACN;;cAAK,SAAS,EAAC,wBAAwB;YACrC;;gBAAK,SAAS,EAAC,UAAU;;aAEnB;YACN;;gBAAK,SAAS,EAAC,UAAU;;aAEnB;WACF;SACF;OACF;MACN,gCAAQ,GAAG,EAAC,oEAAoE,GAAU;KAEtF,CACP;GACF;CACF,CAAC,CAAA","file":"/client/components/dashboard/DashboardPage.jsx.map","sourcesContent":["DashboardPage = React.createClass({\n  render(){\n    return(\n\n      <div className=\"\">\n        <Navbar />\n        <div className=\"row\">\n          <div className=\"col-md-2\">\n            <Metadata />\n          </div>\n          <div className=\"col-md-10\">\n            Interactive components\n            <div className=\"row graphRow\">\n              <div className=\"col-md-5\">\n                <Graph/>\n              </div>\n              <div className=\"col-md-5\">\n                Second graph\n              </div>\n            </div>\n            <div className=\"row extraFunctionality\">\n              <div className=\"col-md-5\">\n                Weather\n              </div>\n              <div className=\"col-md-5\">\n                Google maps\n              </div>\n            </div>\n          </div>\n        </div>\n        <script src=\"//cdnjs.cloudflare.com/ajax/libs/dygraph/1.1.1/dygraph-combined.js\"></script>\n\n      </div>\n    )\n  }\n})\n"]},"hash":"289f1eefe7aebf01a0f84d79fe527211c4b0afdb"}
