{"metadata":{"modules":{"imports":[],"exports":{"exported":[],"specifiers":[]}},"usedHelpers":[]},"ignored":false,"code":"Graph = React.createClass({\n  displayName: \"Graph\",\n\n  mixins: [ReactMeteorData],\n  getMeteorData: function () {\n\n    //let data = {};\n\n    //SensorsCollection = new Mongo.Collection('sensors');\n    //console.log(SensorsCollection);\n\n    //Meteor.subscribe('sensors');\n    //data = SensorsCollection.find();\n    //return data;\n    //console.log(SensorsCollection.find());\n    var data;\n    //  data.array = [];\n\n    //SensorCollection = new Mongo.Collection('testCollection');\n    Meteor.subscribe('test');\n    var obj = sensors.find({});\n    console.log(\"THIS IS OBJECT: \" + obj);\n  },\n\n  render: function () {\n\n    if (this.data) {\n      var testVar = React.createElement(\n        \"div\",\n        null,\n        \"Hei test\"\n      );\n    }\n\n    return React.createElement(\n      \"div\",\n      { className: \"jumbotron\" },\n      testVar\n    );\n  }\n});","ast":null,"map":{"version":3,"sources":["/client/components/dashboard/graph/Graph.jsx"],"names":[],"mappings":"AAAA,KAAK,GAAG,KAAK,CAAC,WAAW,CAAC;;;AAExB,QAAM,EAAC,CAAC,eAAe,CAAC;AACxB,eAAa,EAAA,YAAE;;;;;;;;;;;AAWb,QAAI,IAAI,CAAC;;;;AAIT,UAAM,CAAC,SAAS,CAAC,MAAM,CAAC,CAAC;AACzB,QAAI,GAAG,GAAG,OAAO,CAAC,IAAI,CAAC,EAAE,CAAC,CAAC;AAC3B,WAAO,CAAC,GAAG,CAAC,kBAAkB,GAAG,GAAG,CAAC,CAAC;GACvC;;AAED,QAAM,EAAA,YAAE;;AAEN,QAAG,IAAI,CAAC,IAAI,EAAC;AACX,UAAI,OAAO,GAAG;;;;OAAmB,CAAA;KAClC;;AAED,WACE;;QAAK,SAAS,EAAC,WAAW;MACvB,OAAO;KACJ,CACP;GACF;CACF,CAAC,CAAA","file":"/client/components/dashboard/graph/Graph.jsx.map","sourcesContent":["Graph = React.createClass({\n\n  mixins:[ReactMeteorData],\n  getMeteorData(){\n\n    //let data = {};\n\n    //SensorsCollection = new Mongo.Collection('sensors');\n    //console.log(SensorsCollection);\n\n    //Meteor.subscribe('sensors');\n    //data = SensorsCollection.find();\n    //return data;\n    //console.log(SensorsCollection.find());\n    var data;\n  //  data.array = [];\n\n    //SensorCollection = new Mongo.Collection('testCollection');\n    Meteor.subscribe('test');\n    var obj = sensors.find({});\n    console.log(\"THIS IS OBJECT: \" + obj);\n  },\n\n  render(){\n\n    if(this.data){\n      var testVar = <div>Hei test</div>\n    }\n\n    return(\n      <div className=\"jumbotron\">\n        {testVar}\n      </div>\n    )\n  }\n})\n"]},"hash":"29ac4555b9c1c6c356267f0e4c8507b7002f7e09"}
