{"metadata":{"modules":{"imports":[],"exports":{"exported":[],"specifiers":[]}},"usedHelpers":[]},"ignored":false,"code":"DashboardPage = React.createClass({\n  displayName: \"DashboardPage\",\n\n  render: function () {\n    return React.createElement(\n      \"div\",\n      { className: \"\" },\n      React.createElement(Navbar, null),\n      React.createElement(\n        \"div\",\n        { className: \"row\" },\n        React.createElement(\n          \"div\",\n          { className: \"col-md-2\" },\n          React.createElement(Metadata, null)\n        ),\n        React.createElement(\n          \"div\",\n          { className: \"col-md-10\" },\n          \"Interactive components\",\n          React.createElement(\n            \"div\",\n            { className: \"row\" },\n            React.createElement(\n              \"div\",\n              { className: \"col-md-5\" },\n              \"First graph\"\n            ),\n            React.createElement(\n              \"div\",\n              { className: \"col-md-5\" },\n              \"Second graph\"\n            )\n          ),\n          React.createElement(\n            \"div\",\n            { className: \"row\" },\n            React.createElement(\n              \"div\",\n              { className: \"col-md-5\" },\n              \"Weather\"\n            ),\n            React.createElement(\n              \"div\",\n              { className: \"col-md-5\" },\n              \"Google maps\"\n            )\n          )\n        )\n      )\n    );\n  }\n});","ast":null,"map":{"version":3,"sources":["/client/components/dashboardPage/DashboardPage.jsx"],"names":[],"mappings":"AAAA,aAAa,GAAG,KAAK,CAAC,WAAW,CAAC;;;AAChC,QAAM,EAAA,YAAE;AACN,WACE;;QAAK,SAAS,EAAC,EAAE;MACf,oBAAC,MAAM,OAAG;MACV;;UAAK,SAAS,EAAC,KAAK;QAClB;;YAAK,SAAS,EAAC,UAAU;UACvB,oBAAC,QAAQ,OAAG;SACR;QACN;;YAAK,SAAS,EAAC,WAAW;;UAExB;;cAAK,SAAS,EAAC,KAAK;YAClB;;gBAAK,SAAS,EAAC,UAAU;;aAEnB;YACN;;gBAAK,SAAS,EAAC,UAAU;;aAEnB;WACF;UACN;;cAAK,SAAS,EAAC,KAAK;YAClB;;gBAAK,SAAS,EAAC,UAAU;;aAEnB;YACN;;gBAAK,SAAS,EAAC,UAAU;;aAEnB;WACF;SACF;OACF;KACF,CACP;GACF;CACF,CAAC,CAAA","file":"/client/components/dashboardPage/DashboardPage.jsx.map","sourcesContent":["DashboardPage = React.createClass({\n  render(){\n    return(\n      <div className=\"\">\n        <Navbar />\n        <div className=\"row\">\n          <div className=\"col-md-2\">\n            <Metadata />\n          </div>\n          <div className=\"col-md-10\">\n            Interactive components\n            <div className=\"row\">\n              <div className=\"col-md-5\">\n                First graph\n              </div>\n              <div className=\"col-md-5\">\n                Second graph\n              </div>\n            </div>\n            <div className=\"row\">\n              <div className=\"col-md-5\">\n                Weather\n              </div>\n              <div className=\"col-md-5\">\n                Google maps\n              </div>\n            </div>\n          </div>\n        </div>\n      </div>\n    )\n  }\n})\n"]},"hash":"29f90775aa9729d918c92399d49d43cf7cefaf90"}
