{"metadata":{"modules":{"imports":[],"exports":{"exported":[],"specifiers":[]}},"usedHelpers":[]},"ignored":false,"code":"Hub = React.createClass({\n  displayName: 'Hub',\n\n  mixins: [ReactMeteorData],\n  getMeteorData: function () {\n    var data = {};\n    data.sensor = {}; //_id, sensorType, graph{}, uuid, hubId, thingId\n\n    //subscribe to Sensors1 with this.props.hubId\n    var subscriptionSensors1 = Meteor.subscribe('sensors1', this.props.hubId);\n    if (subscriptionSensors1.ready()) {\n      data.sensor = Sensors1.find().fetch();\n\n      data.sensor.map(function (sensor) {\n        //console.log(\"one sensor: \", sensor);\n\n        //FIXME things.find returns two objects. Should check out callback and make functions\n        var subscriptionReading = Meteor.subscribe('readings', sensor._id);\n        if (subscriptionReading.ready()) {\n          sensor.reading = Readings.find().fetch();\n          var subscriptionThings = Meteor.subscribe('things', sensor.thingId);\n          if (subscriptionThings.ready()) {\n            var tmp = Things.find().fetch();\n            //console.log(\"things.find\", tmp);\n            //data.sensors.thingDescription = tmp.description\n          }\n        }\n        //console.log(\"sensor: \", sensor);\n      });\n    }\n    console.log(\"this is data: \", data);\n\n    return data;\n  },\n  /*subscribeSensor() {\n    const subscrSensors1 = Meteor.subscribe('sensors1',this.props.hubId);\n    if(subscrSensors1.ready()) {\n      data.sensor = Sensors1.find().fetch();\n    }\n  },*/\n\n  //TODO return ParentGraph. Map through this.data\n  render: function () {\n    return React.createElement(\n      'div',\n      null,\n      'tom'\n    );\n  }\n});","ast":null,"map":{"version":3,"sources":["/client/components/dashboard/hubs/Hub.jsx"],"names":[],"mappings":"AAAA,GAAG,GAAG,KAAK,CAAC,WAAW,CAAC;;;AACtB,QAAM,EAAC,CAAC,eAAe,CAAC;AACxB,eAAa,EAAA,YAAE;AACb,QAAI,IAAI,GAAG,EAAE,CAAC;AACd,QAAI,CAAC,MAAM,GAAG,EAAE,CAAC;;;AAGjB,QAAM,oBAAoB,GAAG,MAAM,CAAC,SAAS,CAAC,UAAU,EAAE,IAAI,CAAC,KAAK,CAAC,KAAK,CAAC,CAAC;AAC5E,QAAG,oBAAoB,CAAC,KAAK,EAAE,EAAE;AAC/B,UAAI,CAAC,MAAM,GAAG,QAAQ,CAAC,IAAI,EAAE,CAAC,KAAK,EAAE,CAAC;;AAEtC,UAAI,CAAC,MAAM,CAAC,GAAG,CAAC,UAAS,MAAM,EAAC;;;;AAI9B,YAAI,mBAAmB,GAAG,MAAM,CAAC,SAAS,CAAC,UAAU,EAAE,MAAM,CAAC,GAAG,CAAC,CAAC;AACnE,YAAG,mBAAmB,CAAC,KAAK,EAAE,EAAE;AAC9B,gBAAM,CAAC,OAAO,GAAG,QAAQ,CAAC,IAAI,EAAE,CAAC,KAAK,EAAE,CAAC;AACzC,cAAI,kBAAkB,GAAG,MAAM,CAAC,SAAS,CAAC,QAAQ,EAAE,MAAM,CAAC,OAAO,CAAC,CAAC;AACpE,cAAG,kBAAkB,CAAC,KAAK,EAAE,EAAE;AAC7B,gBAAI,GAAG,GAAG,MAAM,CAAC,IAAI,EAAE,CAAC,KAAK,EAAE,CAAC;;;WAGjC;SACF;;OAEF,CAAC,CAAA;KACH;AACD,WAAO,CAAC,GAAG,CAAC,gBAAgB,EAAE,IAAI,CAAC,CAAC;;AAEpC,WAAO,IAAI,CAAC;GACb;;;;;;;;;AASD,QAAM,EAAA,YAAE;AACN,WACE;;;;KAAc,CACf;GACF;CACF,CAAC,CAAA","file":"/client/components/dashboard/hubs/Hub.jsx.map","sourcesContent":["Hub = React.createClass({\n  mixins:[ReactMeteorData],\n  getMeteorData(){\n    let data = {};\n    data.sensor = {}; //_id, sensorType, graph{}, uuid, hubId, thingId\n\n    //subscribe to Sensors1 with this.props.hubId\n    const subscriptionSensors1 = Meteor.subscribe('sensors1', this.props.hubId);\n    if(subscriptionSensors1.ready()) {\n      data.sensor = Sensors1.find().fetch();\n\n      data.sensor.map(function(sensor){\n        //console.log(\"one sensor: \", sensor);\n\n        //FIXME things.find returns two objects. Should check out callback and make functions\n        let subscriptionReading = Meteor.subscribe('readings', sensor._id);\n        if(subscriptionReading.ready()) {\n          sensor.reading = Readings.find().fetch();\n          let subscriptionThings = Meteor.subscribe('things', sensor.thingId);\n          if(subscriptionThings.ready()) {\n            let tmp = Things.find().fetch();\n            //console.log(\"things.find\", tmp);\n            //data.sensors.thingDescription = tmp.description\n          }\n        }\n        //console.log(\"sensor: \", sensor);\n      })\n    }\n    console.log(\"this is data: \", data);\n\n    return data;\n  },\n  /*subscribeSensor() {\n    const subscrSensors1 = Meteor.subscribe('sensors1',this.props.hubId);\n    if(subscrSensors1.ready()) {\n      data.sensor = Sensors1.find().fetch();\n    }\n  },*/\n\n  //TODO return ParentGraph. Map through this.data\n  render(){\n    return(\n      <div>tom</div>\n    )\n  }\n})\n"]},"hash":"2b20212cd20e5d3486bc72076f0c772e36af5710"}
