{"metadata":{"modules":{"imports":[],"exports":{"exported":[],"specifiers":[]}},"usedHelpers":[]},"ignored":false,"code":"Graph = React.createClass({\n  displayName: 'Graph',\n\n  mixins: [ReactMeteorData],\n  getMeteorData: function () {\n\n    //let data = {};\n\n    //SensorsCollection = new Mongo.Collection('sensors');\n    //console.log(SensorsCollection);\n\n    //Meteor.subscribe('sensors');\n    //data = SensorsCollection.find();\n    //return data;\n    //console.log(SensorsCollection.find());\n\n    SensorCollection = new Mongo.Collection('sensors');\n    var handle = Meteor.subscribe('sensors');\n\n    console.log(\"THIS :\" + SensorCollection.find());\n  },\n\n  render: function () {\n    return React.createElement(\n      'div',\n      { className: 'jumbotron' },\n      'hei'\n    );\n  }\n});","ast":null,"map":{"version":3,"sources":["/client/components/dashboard/graph/Graph.jsx"],"names":[],"mappings":"AAAA,KAAK,GAAG,KAAK,CAAC,WAAW,CAAC;;;AAExB,QAAM,EAAC,CAAC,eAAe,CAAC;AACxB,eAAa,EAAA,YAAE;;;;;;;;;;;;AAYb,oBAAgB,GAAG,IAAI,KAAK,CAAC,UAAU,CAAC,SAAS,CAAC,CAAC;AACnD,QAAI,MAAM,GAAG,MAAM,CAAC,SAAS,CAAC,SAAS,CAAC,CAAC;;AAEvC,WAAO,CAAC,GAAG,CAAC,QAAQ,GAAG,gBAAgB,CAAC,IAAI,EAAE,CAAC,CAAC;GAEnD;;AAED,QAAM,EAAA,YAAE;AACN,WACE;;QAAK,SAAS,EAAC,WAAW;;KAEpB,CACP;GACF;CACF,CAAC,CAAA","file":"/client/components/dashboard/graph/Graph.jsx.map","sourcesContent":["Graph = React.createClass({\n\n  mixins:[ReactMeteorData],\n  getMeteorData(){\n\n    //let data = {};\n\n    //SensorsCollection = new Mongo.Collection('sensors');\n    //console.log(SensorsCollection);\n\n    //Meteor.subscribe('sensors');\n    //data = SensorsCollection.find();\n    //return data;\n    //console.log(SensorsCollection.find());\n\n    SensorCollection = new Mongo.Collection('sensors');\n    var handle = Meteor.subscribe('sensors');\n\n      console.log(\"THIS :\" + SensorCollection.find());\n\n  },\n\n  render(){\n    return(\n      <div className=\"jumbotron\">\n        hei\n      </div>\n    )\n  }\n})\n"]},"hash":"2c6eb5e41e2fa9325e8af3d27872aa9bcd07e8e5"}
