{"metadata":{"modules":{"imports":[],"exports":{"exported":[],"specifiers":[]}},"usedHelpers":[]},"ignored":false,"code":"GraphRh = React.createClass({\n  displayName: \"GraphRh\",\n\n  mixins: [ReactMeteorData],\n\n  getMeteorData: function () {\n    var data = [];\n    var handle = Meteor.subscribe('sensors');\n\n    //Use ready() so data dont log before Sensors.find().fetch() is done\n    if (handle.ready()) {\n      data = Sensors.find({ type: \"rh\" }).fetch();\n      console.log(\"This is rh\", data);\n    }\n    return {\n      sensors: Sensors.find({ type: \"rh\" }).fetch()\n    };\n  },\n\n  _createGraph2: function (data) {\n\n    var graphString = \"\";\n\n    var allValues = this.data.sensors[0];\n\n    //FIXME day is hardcoded, get day from allValues\n    var day = allValues.day;\n    for (var key in babelHelpers.sanitizeForInObject(allValues)) {\n      if (key === \"values\") for (var i in babelHelpers.sanitizeForInObject(allValues[key])) {\n        // i = hours\n        var hour = i;\n        for (var j in babelHelpers.sanitizeForInObject(allValues[key][i])) {\n          // j = minutes\n          var minute = j;\n          for (var k in babelHelpers.sanitizeForInObject(allValues[key][i][j])) {\n            // k = seconds\n            var second = k;\n            var value = allValues[key][i][j][k];\n            graphString += day + \" \" + hour + \":\" + minute + \":\" + second + \",\" + value + \"\\n\";\n          }\n        }\n      }\n    }\n    this.g2 = new Dygraph(document.getElementById('test2'), \"Date,Value\\n\" + graphString, {\n      ylabel: 'Value (' + allValues.type + \")\",\n      title: allValues.type,\n      strokeWidth: 2,\n      //gridLineColor: 'rgb(204,0,255)',\n      color: 'rgb(204,0,255)',\n      fillGraph: true,\n      axisLineColor: 'rgb(204,0,255)',\n      showRangeSelector: true,\n      rangeSelectorHeight: 30,\n      rangeSelectorPlotFillColor: 'rgb(204,0,255)',\n      rangeSelectorPlotStrokeColor: 'rgb(204,0,255)'\n\n    });\n  },\n\n  //fillGraph:true,\n  //showRangeSelector:true\n  //connectSeparatedPoints:true,\n  componentDidMount: function () {\n    this._createGraph2();\n    console.log(\"cdm2\");\n  },\n  componentDidUpdate: function () {\n    //this._createGraph2();\n    this.g2.updateOptions({\n      file: graphString\n    });\n    console.log(\"cdu2\");\n  },\n\n  render: function () {\n    /*if(this.data.sensors){\n      var testVar = <div>Hei test</div>\n    }*/\n\n    return React.createElement(\"div\", { id: \"test2\", className: \"testgraf\", ref: \"graphDiv2\" });\n  }\n});","ast":null,"map":{"version":3,"sources":["/client/components/dashboard/graph/GraphRh.jsx"],"names":[],"mappings":"AAAA,OAAO,GAAG,KAAK,CAAC,WAAW,CAAC;;;AAE1B,QAAM,EAAC,CAAC,eAAe,CAAC;;AAExB,eAAa,EAAA,YAAE;AACb,QAAI,IAAI,GAAG,EAAE,CAAC;AACd,QAAI,MAAM,GAAG,MAAM,CAAC,SAAS,CAAC,SAAS,CAAC,CAAC;;;AAGzC,QAAG,MAAM,CAAC,KAAK,EAAE,EAAC;AAChB,UAAI,GAAG,OAAO,CAAC,IAAI,CAAC,EAAC,IAAI,EAAC,IAAI,EAAC,CAAC,CAAC,KAAK,EAAE,CAAC;AACzC,aAAO,CAAC,GAAG,CAAC,YAAY,EAAC,IAAI,CAAC,CAAC;KAChC;AACD,WAAM;AACJ,aAAO,EAAE,OAAO,CAAC,IAAI,CAAC,EAAC,IAAI,EAAC,IAAI,EAAC,CAAC,CAAC,KAAK,EAAE;KAC3C,CAAA;GAEF;;AAED,eAAa,EAAE,UAAS,IAAI,EAAC;;AAE7B,QAAI,WAAW,GAAG,EAAE,CAAC;;AAErB,QAAI,SAAS,GAAG,IAAI,CAAC,IAAI,CAAC,OAAO,CAAC,CAAC,CAAC,CAAC;;;AAGrC,QAAI,GAAG,GAAG,SAAS,CAAC,GAAG,CAAC;AACxB,SAAI,IAAI,GAAG,qCAAI,SAAS,GAAC;AACvB,UAAG,GAAG,KAAK,QAAQ,EACnB,KAAI,IAAI,CAAC,qCAAI,SAAS,CAAC,GAAG,CAAC,GAAC;;AAC1B,YAAI,IAAI,GAAG,CAAC,CAAC;AACX,aAAI,IAAI,CAAC,qCAAI,SAAS,CAAC,GAAG,CAAC,CAAC,CAAC,CAAC,GAAC;;AAC7B,cAAI,MAAM,GAAG,CAAC,CAAC;AACf,eAAI,IAAI,CAAC,qCAAI,SAAS,CAAC,GAAG,CAAC,CAAC,CAAC,CAAC,CAAC,CAAC,CAAC,GAAC;;AAChC,gBAAI,MAAM,GAAG,CAAC,CAAC;AACf,gBAAI,KAAK,GAAG,SAAS,CAAC,GAAG,CAAC,CAAC,CAAC,CAAC,CAAC,CAAC,CAAC,CAAC,CAAC,CAAC,CAAC;AACpC,uBAAW,IAAI,GAAG,GAAG,GAAG,GAAG,IAAI,GAAG,GAAG,GAAG,MAAM,GAAG,GAAG,GAAG,MAAM,GAAG,GAAG,GAAG,KAAK,GAAG,IAAI,CAAC;WACpF;SACF;OACJ;KACF;AACG,QAAI,CAAC,EAAE,GAAG,IAAI,OAAO,CACrB,QAAQ,CAAC,cAAc,CAAC,OAAO,CAAC,EAChC,cAAc,GAAG,WAAW,EAC5B;AACE,YAAM,EAAE,SAAS,GAAG,SAAS,CAAC,IAAI,GAAG,GAAG;AACxC,WAAK,EAAE,SAAS,CAAC,IAAI;AACrB,iBAAW,EAAE,CAAC;;AAEd,WAAK,EAAE,gBAAgB;AACvB,eAAS,EAAE,IAAI;AACf,mBAAa,EAAE,gBAAgB;AAC/B,uBAAiB,EAAE,IAAI;AACvB,yBAAmB,EAAE,EAAE;AACvB,gCAA0B,EAAE,gBAAgB;AAC5C,kCAA4B,EAAE,gBAAgB;;KAK/C,CACF,CAAC;GACH;;;;;AAED,mBAAiB,EAAE,YAAU;AAC3B,QAAI,CAAC,aAAa,EAAE,CAAC;AACrB,WAAO,CAAC,GAAG,CAAC,MAAM,CAAC,CAAC;GACrB;AACD,oBAAkB,EAAE,YAAU;;AAE5B,QAAI,CAAC,EAAE,CAAC,aAAa,CAAC;AACpB,UAAI,EAAE,WAAW;KAClB,CAAC,CAAC;AACH,WAAO,CAAC,GAAG,CAAC,MAAM,CAAC,CAAC;GACrB;;AAGD,QAAM,EAAA,YAAE;;;;;AAKN,WACE,6BAAK,EAAE,EAAC,OAAO,EAAC,SAAS,EAAC,UAAU,EAAC,GAAG,EAAC,WAAW,GAAO,CAC5D;GACF;CACF,CAAC,CAAA","file":"/client/components/dashboard/graph/GraphRh.jsx.map","sourcesContent":["GraphRh = React.createClass({\n\n  mixins:[ReactMeteorData],\n\n  getMeteorData(){\n    var data = [];\n    var handle = Meteor.subscribe('sensors');\n\n    //Use ready() so data dont log before Sensors.find().fetch() is done\n    if(handle.ready()){\n      data = Sensors.find({type:\"rh\"}).fetch();\n      console.log(\"This is rh\",data);\n    }\n    return{\n      sensors: Sensors.find({type:\"rh\"}).fetch()\n    }\n\n  },\n\n  _createGraph2: function(data){\n\n  var graphString = \"\";\n\n  var allValues = this.data.sensors[0];\n\n  //FIXME day is hardcoded, get day from allValues\n  var day = allValues.day;\n  for(var key in allValues){\n    if(key === \"values\")\n    for(var i in allValues[key]){ // i = hours\n      var hour = i;\n        for(var j in allValues[key][i]){ // j = minutes\n          var minute = j;\n          for(var k in allValues[key][i][j]){ // k = seconds\n            var second = k;\n            var value = allValues[key][i][j][k];\n            graphString += day + \" \" + hour + \":\" + minute + \":\" + second + \",\" + value + \"\\n\";\n          }\n        }\n    }\n  }\n      this.g2 = new Dygraph(\n      document.getElementById('test2'),\n      \"Date,Value\\n\" + graphString,\n      {\n        ylabel: 'Value (' + allValues.type + \")\",\n        title: allValues.type,\n        strokeWidth: 2,\n        //gridLineColor: 'rgb(204,0,255)',\n        color: 'rgb(204,0,255)',\n        fillGraph: true,\n        axisLineColor: 'rgb(204,0,255)',\n        showRangeSelector: true,\n        rangeSelectorHeight: 30,\n        rangeSelectorPlotFillColor: 'rgb(204,0,255)',\n        rangeSelectorPlotStrokeColor: 'rgb(204,0,255)',\n\n        //fillGraph:true,\n        //showRangeSelector:true\n        //connectSeparatedPoints:true,\n      }\n    );\n  },\n\n  componentDidMount: function(){\n    this._createGraph2();\n    console.log(\"cdm2\");\n  },\n  componentDidUpdate: function(){\n    //this._createGraph2();\n    this.g2.updateOptions({\n      file: graphString\n    });\n    console.log(\"cdu2\");\n  },\n\n\n  render(){\n    /*if(this.data.sensors){\n      var testVar = <div>Hei test</div>\n    }*/\n\n    return(\n      <div id=\"test2\" className=\"testgraf\" ref=\"graphDiv2\"></div>\n    )\n  }\n})\n"]},"hash":"2c8d3af88207a7b7291c12b80b633f5fe48cae5a"}
