{"metadata":{"modules":{"imports":[],"exports":{"exported":[],"specifiers":[]}},"usedHelpers":[]},"ignored":false,"code":"privateRoutes = FlowRouter.group({\n  name: \"privateroutes\",\n  triggersEnter: [function (context, redirect) {\n    if (!Meteor.userId()) {\n      redirect(\"/\");\n    }\n  }]\n});\n\npublicRoutes = FlowRouter.group({\n  name: \"publicroutes\"\n});\n\npublicRoutes.route(\"/\", {\n  name: \"Login\",\n  action: function () {\n    {\n      Meteor.userId() ? FlowRouter.redirect(\"/site\") : ReactLayout.render(Loginlayout, {});\n    }\n  }\n});\n\npublicRoutes.route(\"/logout\", {\n  name: \"logout\",\n  action: function () {\n    Meteor.logout(function () {\n      FlowRouter.redirect(\"/\");\n    });\n  }\n});\n\nprivateRoutes.route(\"/site\", {\n  name: \"Site\",\n  action: function () {\n    ReactLayout.render(Site, {});\n  }\n});\n\nprivateRoutes.route(\"/dashboard/:siteId\", {\n  name: \"Dashboard\",\n  action: function () {\n    ReactLayout.render(Dashboard, {});\n  }\n});\n\nFlowRouter.notFound = {\n  action: function () {\n    ReactLayout.render(PageNotFound, {}), Meteor.setTimeout(function () {\n      FlowRouter.go(\"/site\");\n    }, 6000);\n  }\n};","ast":null,"map":{"version":3,"sources":["/lib/routing/routes.jsx"],"names":[],"mappings":"AAAA,aAAa,GAAG,UAAU,CAAC,KAAK,CAAC;AAC/B,MAAI,EAAC,eAAe;AACpB,eAAa,EAAC,CAAC,UAAU,OAAO,EAAC,QAAQ,EAAE;AACzC,QAAG,CAAC,MAAM,CAAC,MAAM,EAAE,EAAE;AACnB,cAAQ,CAAC,GAAG,CAAC,CAAC;KACf;GACF,CAAC;CACH,CAAC,CAAC;;AAEH,YAAY,GAAG,UAAU,CAAC,KAAK,CAAC;AAC9B,MAAI,EAAC,cAAc;CACpB,CAAC,CAAC;;AAEH,YAAY,CAAC,KAAK,CAAC,GAAG,EAAE;AACtB,MAAI,EAAE,OAAO;AACb,QAAM,EAAA,YAAG;AACP;AAAE,YAAM,CAAC,MAAM,EAAE,GAAG,UAAU,CAAC,QAAQ,CAAC,OAAO,CAAC,GAAG,WAAW,CAAC,MAAM,CAAC,WAAW,EAAE,EAAE,CAAC,CAAA;KAAE;GACzF;CACF,CAAC,CAAC;;AAEH,YAAY,CAAC,KAAK,CAAC,SAAS,EAAE;AAC5B,MAAI,EAAE,QAAQ;AACd,QAAM,EAAA,YAAG;AACP,UAAM,CAAC,MAAM,CAAC,YAAM;AAClB,gBAAU,CAAC,QAAQ,CAAC,GAAG,CAAC,CAAC;KAC1B,CAAC,CAAC;GACJ;CACF,CAAC,CAAC;;AAEH,aAAa,CAAC,KAAK,CAAC,OAAO,EAAE;AAC3B,MAAI,EAAE,MAAM;AACZ,QAAM,EAAE,YAAW;AACjB,eAAW,CAAC,MAAM,CAAC,IAAI,EAAE,EAAE,CAAC,CAAC;GAC9B;CACF,CAAC,CAAC;;AAEH,aAAa,CAAC,KAAK,CAAC,oBAAoB,EAAE;AACxC,MAAI,EAAC,WAAW;AAChB,QAAM,EAAC,YAAW;AAChB,eAAW,CAAC,MAAM,CAAC,SAAS,EAAE,EAAE,CAAC,CAAA;GAClC;CACF,CAAC,CAAC;;AAEH,UAAU,CAAC,QAAQ,GAAG;AACpB,QAAM,EAAE,YAAW;AACjB,eAAW,CAAC,MAAM,CAAC,YAAY,EAAE,EAAE,CAAC,EACpC,MAAM,CAAC,UAAU,CAAC,YAAW;AAC3B,gBAAU,CAAC,EAAE,CAAC,OAAO,CAAC,CAAC;KACxB,EAAE,IAAI,CAAC,CAAC;GACV;CACF,CAAC","file":"/lib/routing/routes.jsx.map","sourcesContent":["privateRoutes = FlowRouter.group({\n  name:\"privateroutes\",\n  triggersEnter:[function (context,redirect) {\n    if(!Meteor.userId()) {\n      redirect(\"/\");\n    }\n  }]\n});\n\npublicRoutes = FlowRouter.group({\n  name:\"publicroutes\",\n});\n\npublicRoutes.route(\"/\", {\n  name: \"Login\",\n  action() {\n    { Meteor.userId() ? FlowRouter.redirect(\"/site\") : ReactLayout.render(Loginlayout, {}) }\n  }\n});\n\npublicRoutes.route(\"/logout\", {\n  name: \"logout\",\n  action() {\n    Meteor.logout(() => {\n      FlowRouter.redirect(\"/\");\n    });\n  }\n});\n\nprivateRoutes.route(\"/site\", {\n  name: \"Site\",\n  action: function() {\n    ReactLayout.render(Site, {});\n  }\n});\n\nprivateRoutes.route(\"/dashboard/:siteId\", {\n  name:\"Dashboard\",\n  action:function() {\n    ReactLayout.render(Dashboard, {})\n  }\n});\n\nFlowRouter.notFound = {\n  action: function() {\n    ReactLayout.render(PageNotFound, {}),\n    Meteor.setTimeout(function() {\n      FlowRouter.go(\"/site\");\n    }, 6000);\n  }\n};\n"]},"hash":"2cc1f2a0a275f004c4b99bd84a461d93324a63c7"}
