{"metadata":{"modules":{"imports":[],"exports":{"exported":[],"specifiers":[]}},"usedHelpers":[]},"ignored":false,"code":"DashboardPage = React.createClass({\n  displayName: \"DashboardPage\",\n\n  render: function () {\n    return React.createElement(\n      \"div\",\n      null,\n      React.createElement(Navbar, null),\n      React.createElement(\n        \"div\",\n        { className: \"row\" },\n        React.createElement(\n          \"div\",\n          { className: \"col-md-4 col-sm-12\" },\n          React.createElement(GraphCo2, null)\n        ),\n        React.createElement(\"div\", { className: \"col-md-4 col-sm-12\" }),\n        React.createElement(\n          \"div\",\n          { className: \"col-md-4 col-sm-12\" },\n          \"test3\"\n        )\n      )\n    );\n  }\n});","ast":null,"map":{"version":3,"sources":["/client/components/dashboard/DashboardPage.jsx"],"names":[],"mappings":"AAAA,aAAa,GAAG,KAAK,CAAC,WAAW,CAAC;;;AAChC,QAAM,EAAA,YAAE;AACN,WACE;;;MACE,oBAAC,MAAM,OAAG;MACV;;UAAK,SAAS,EAAC,KAAK;QAClB;;YAAK,SAAS,EAAC,oBAAoB;UACjC,oBAAC,QAAQ,OAAG;SACR;QACN,6BAAK,SAAS,EAAC,oBAAoB,GAE7B;QACN;;YAAK,SAAS,EAAC,oBAAoB;;SAE7B;OACF;KACF,CACP;GACF;CACF,CAAC,CAAA","file":"/client/components/dashboard/DashboardPage.jsx.map","sourcesContent":["DashboardPage = React.createClass({\n  render(){\n    return(\n      <div>\n        <Navbar />\n        <div className=\"row\">\n          <div className=\"col-md-4 col-sm-12\">\n            <GraphCo2 />\n          </div>\n          <div className=\"col-md-4 col-sm-12\">\n              \n          </div>\n          <div className=\"col-md-4 col-sm-12\">\n            test3\n          </div>\n        </div>\n      </div>\n    )\n  }\n})\n"]},"hash":"2ce874e25bf420d1d05823f06d32367b1f46020c"}
