{"metadata":{"modules":{"imports":[],"exports":{"exported":[],"specifiers":[]}},"usedHelpers":[]},"ignored":false,"code":"Site = React.createClass({\n  displayName: \"Site\",\n\n  mixins: [ReactMeteorData],\n  getMeteorData: function () {\n    //let data = {};\n    //data.sites = [];\n    var subscription = Meteor.subscribe('sites');\n\n    /*FIXME added message when sites not available, but the message renders first\n    even though the sites are available. Think a solution is more like the one\n    underneath the return. Just as solved in Hub-component\n    */\n    return {\n      ready: subscription.ready(),\n      sites: Sites.find().fetch()\n    };\n    /*if(subscription.ready()) {\n      data.sites = Sites.find({}).fetch();\n    }\n    return data;*/\n  },\n\n  render: function () {\n    /*let sitesList;\n    if( this.data.ready) {\n      sitesList = this.data.sites.map(function(site){\n        let id = site._id;\n        let link = \"/dashboard/\"+id;\n        return(\n          <div key={site._id} className=\"col-md-6 col-sm-12\">\n            <div className=\"col-md-12 siteWrapper\">\n              <a className=\"site-links\" href={link}>\n                <h4 className=\"text-center\"> {site.name}  </h4>\n                <Map lat={site.latitude} lng={site.longitude} />\n              </a>\n            </div>\n          </div>\n        )\n      })\n    }\n    else {\n      sitesList = <div className=\"col-md-4 col-md-offset-4 col-sm-12 noDataMessage\">\n                    <NoDataMessage datatype={\"sites\"} />\n                  </div>\n    }*/\n    if (!this.data.ready) return React.createElement(\n      \"div\",\n      { className: \"jumbotron\" },\n      \"Loading...\"\n    );\n    if (!this.data.sites) return React.createElement(\n      \"div\",\n      { className: \"jumbotron\" },\n      \" Not found data\"\n    );\n\n    return React.createElement(\n      \"div\",\n      { className: \"\" },\n      React.createElement(Navbar, null),\n      React.createElement(\n        \"div\",\n        { className: \"row\" },\n        React.createElement(\n          \"div\",\n          { className: \"col-md-12 col-sm-12\" },\n          React.createElement(\n            \"div\",\n            { className: \"jumbotron\" },\n            \" data\"\n          )\n        )\n      )\n    );\n  }\n});","ast":null,"map":{"version":3,"sources":["/client/components/site/site.jsx"],"names":[],"mappings":"AAAA,IAAI,GAAG,KAAK,CAAC,WAAW,CAAC;;;AACvB,QAAM,EAAC,CAAC,eAAe,CAAC;AACxB,eAAa,EAAA,YAAG;;;AAGd,QAAM,YAAY,GAAG,MAAM,CAAC,SAAS,CAAC,OAAO,CAAC,CAAC;;;;;;AAM/C,WAAO;AACL,WAAK,EAAE,YAAY,CAAC,KAAK,EAAE;AAC3B,WAAK,EAAE,KAAK,CAAC,IAAI,EAAE,CAAC,KAAK,EAAE;KAC5B,CAAA;;;;;GAKF;;AAED,QAAM,EAAA,YAAG;;;;;;;;;;;;;;;;;;;;;;;AAuBP,QAAG,CAAE,IAAI,CAAC,IAAI,CAAC,KAAK,EAAG,OAAO;;QAAK,SAAS,EAAC,WAAW;;KAAiB,CAAA;AACzE,QAAG,CAAE,IAAI,CAAC,IAAI,CAAC,KAAK,EAAE,OAAO;;QAAK,SAAS,EAAC,WAAW;;KAAsB,CAAA;;AAE7E,WACE;;QAAK,SAAS,EAAC,EAAE;MACf,oBAAC,MAAM,OAAG;MACV;;UAAK,SAAS,EAAC,KAAK;QAClB;;YAAK,SAAS,EAAC,qBAAqB;UAClC;;cAAK,SAAS,EAAC,WAAW;;WAAY;SAClC;OACF;KACF,CACP;GACF;CACF,CAAC,CAAA","file":"/client/components/site/site.jsx.map","sourcesContent":["Site = React.createClass({\n  mixins:[ReactMeteorData],\n  getMeteorData() {\n    //let data = {};\n    //data.sites = [];\n    const subscription = Meteor.subscribe('sites');\n\n    /*FIXME added message when sites not available, but the message renders first\n    even though the sites are available. Think a solution is more like the one\n    underneath the return. Just as solved in Hub-component\n    */\n    return {\n      ready: subscription.ready(),\n      sites: Sites.find().fetch()\n    }\n    /*if(subscription.ready()) {\n      data.sites = Sites.find({}).fetch();\n    }\n    return data;*/\n  },\n\n  render() {\n    /*let sitesList;\n    if( this.data.ready) {\n      sitesList = this.data.sites.map(function(site){\n        let id = site._id;\n        let link = \"/dashboard/\"+id;\n        return(\n          <div key={site._id} className=\"col-md-6 col-sm-12\">\n            <div className=\"col-md-12 siteWrapper\">\n              <a className=\"site-links\" href={link}>\n                <h4 className=\"text-center\"> {site.name}  </h4>\n                <Map lat={site.latitude} lng={site.longitude} />\n              </a>\n            </div>\n          </div>\n        )\n      })\n    }\n    else {\n      sitesList = <div className=\"col-md-4 col-md-offset-4 col-sm-12 noDataMessage\">\n                    <NoDataMessage datatype={\"sites\"} />\n                  </div>\n    }*/\n    if(! this.data.ready ) return <div className=\"jumbotron\">Loading...</div>\n    if(! this.data.sites) return <div className=\"jumbotron\"> Not found data</div>\n\n    return(\n      <div className=\"\">\n        <Navbar />\n        <div className=\"row\">\n          <div className=\"col-md-12 col-sm-12\">\n            <div className=\"jumbotron\"> data</div>\n          </div>\n        </div>\n      </div>\n    )\n  }\n})\n"]},"hash":"2d84b3a554a32b8b860ea81d8e7fb658453a0aa4"}
