{"metadata":{"modules":{"imports":[],"exports":{"exported":[],"specifiers":[]}},"usedHelpers":[]},"ignored":false,"code":"FrameGraphCo2 = React.createClass({\n  displayName: 'FrameGraphCo2',\n\n  _getTodaysDate: function () {\n    var today = new Date();\n    var dd = today.getDate();\n    var mm = today.getMonth() + 1;\n    var yyyy = today.getFullYear();\n\n    if (dd < 10) dd = '0' + dd;\n    if (mm < 10) mm = '0' + mm;\n    return yyyy + \"-\" + mm + \"-\" + dd;\n  },\n\n  mixins: [ReactMeteorData],\n  getMeteorData: function () {\n\n    var subscription = Meteor.subscribe('sensors');\n    var day = this._getTodaysDate();\n\n    return {\n      ready: subscription.ready(),\n      sensors: Sensors.find({ type: \"co2\", day: day }).fetch()\n    };\n  },\n\n  render: function () {\n    return React.createElement(\n      'div',\n      null,\n      React.createElement(Graph, { sensors: this.data.sensors })\n    );\n  }\n});\n\n/*const handle = Meteor.subscribe('sensors');\nlet data = {};\nconst sensors = [];\n\nif(handle.ready())\n{\n  sensors = Sensors.find({type:\"co2\"}).fetch();\n  console.log(\"sensors in fgco2: \", sensors);\n}\n//console.log(\"sensors in fgco2 after if: \", sensors);\nreturn sensors;*/","ast":null,"map":{"version":3,"sources":["/client/components/dashboard/graph/FrameGraphCo2.jsx"],"names":[],"mappings":"AAAA,aAAa,GAAG,KAAK,CAAC,WAAW,CAAC;;;AAEhC,gBAAc,EAAE,YAAU;AACxB,QAAM,KAAK,GAAG,IAAI,IAAI,EAAE,CAAC;AACzB,QAAI,EAAE,GAAG,KAAK,CAAC,OAAO,EAAE,CAAC;AACzB,QAAI,EAAE,GAAG,KAAK,CAAC,QAAQ,EAAE,GAAC,CAAC,CAAC;AAC5B,QAAI,IAAI,GAAG,KAAK,CAAC,WAAW,EAAE,CAAC;;AAE/B,QAAG,EAAE,GAAC,EAAE,EACN,EAAE,GAAC,GAAG,GAAC,EAAE,CAAA;AACX,QAAG,EAAE,GAAC,EAAE,EACN,EAAE,GAAC,GAAG,GAAC,EAAE,CAAA;AACX,WAAO,IAAI,GAAG,GAAG,GAAG,EAAE,GAAG,GAAG,GAAG,EAAE,CAAC;GACnC;;AAED,QAAM,EAAE,CAAC,eAAe,CAAC;AACzB,eAAa,EAAA,YAAE;;AAEb,QAAM,YAAY,GAAG,MAAM,CAAC,SAAS,CAAC,SAAS,CAAC,CAAC;AACjD,QAAM,GAAG,GAAG,IAAI,CAAC,cAAc,EAAE,CAAC;;AAElC,WAAM;AACJ,WAAK,EAAE,YAAY,CAAC,KAAK,EAAE;AAC3B,aAAO,EAAE,OAAO,CAAC,IAAI,CAAC,EAAC,IAAI,EAAC,KAAK,EAAE,GAAG,EAAE,GAAG,EAAE,CAAC,CAAC,KAAK,EAAE;KACvD,CAAA;GACF;;AAED,QAAM,EAAA,YAAE;AACN,WACE;;;MACE,oBAAC,KAAK,IAAC,OAAO,EAAE,IAAI,CAAC,IAAI,CAAC,OAAO,AAAC,GAAE;KAChC,CACP;GACF;CACF,CAAC,CAAA","file":"/client/components/dashboard/graph/FrameGraphCo2.jsx.map","sourcesContent":["FrameGraphCo2 = React.createClass({\n\n  _getTodaysDate: function(){\n    const today = new Date();\n    let dd = today.getDate();\n    let mm = today.getMonth()+1;\n    let yyyy = today.getFullYear();\n\n    if(dd<10)\n      dd='0'+dd\n    if(mm<10)\n      mm='0'+mm\n    return yyyy + \"-\" + mm + \"-\" + dd;\n  },\n\n  mixins: [ReactMeteorData],\n  getMeteorData(){\n\n    const subscription = Meteor.subscribe('sensors');\n    const day = this._getTodaysDate();\n\n    return{\n      ready: subscription.ready(),\n      sensors: Sensors.find({type:\"co2\", day: day }).fetch()\n    }\n  },\n\n  render(){\n    return(\n      <div>\n        <Graph sensors={this.data.sensors}/>\n      </div>\n    )\n  }\n})\n\n\n\n\n/*const handle = Meteor.subscribe('sensors');\nlet data = {};\nconst sensors = [];\n\nif(handle.ready())\n{\n  sensors = Sensors.find({type:\"co2\"}).fetch();\n  console.log(\"sensors in fgco2: \", sensors);\n}\n//console.log(\"sensors in fgco2 after if: \", sensors);\nreturn sensors;*/\n"]},"hash":"2e1e62b59b60f1ac49aedb94f8f1a544ac7c5502"}
