{"metadata":{"modules":{"imports":[],"exports":{"exported":[],"specifiers":[]}},"usedHelpers":[]},"ignored":false,"code":"//Route to Login-page\nFlowRouter.route(\"/\", {\n  name: \"Login\",\n  action: function () {\n    ReactLayout.render(Login, {});\n  }\n});\n\nFlowRouter.route(\"/locationPage\", {\n  name: \"LocationPage\",\n  action: function () {\n    ReactLayout.render(LocationPage, {});\n  }\n});\n\nFlowRouter.go(\"/dashboardPage\", {\n  name: \"DashboardPage\",\n  action: function () {\n    ReactLayout.render(DashboardPage, {});\n  }\n});","ast":null,"map":{"version":3,"sources":["/lib/routes.jsx"],"names":[],"mappings":";AACA,UAAU,CAAC,KAAK,CAAC,GAAG,EAAC;AACnB,MAAI,EAAC,OAAO;AACZ,QAAM,EAAC,YAAU;AACf,eAAW,CAAC,MAAM,CAAC,KAAK,EAAC,EAAE,CAAC,CAAA;GAC7B;CACF,CAAC,CAAA;;AAEF,UAAU,CAAC,KAAK,CAAC,eAAe,EAAC;AAC/B,MAAI,EAAC,cAAc;AACnB,QAAM,EAAC,YAAU;AACf,eAAW,CAAC,MAAM,CAAC,YAAY,EAAC,EAAE,CAAC,CAAA;GACpC;CACF,CAAC,CAAA;;AAEF,UAAU,CAAC,EAAE,CAAC,gBAAgB,EAAC;AAC7B,MAAI,EAAC,eAAe;AACpB,QAAM,EAAC,YAAU;AACf,eAAW,CAAC,MAAM,CAAC,aAAa,EAAC,EAAE,CAAC,CAAA;GACrC;CACF,CAAC,CAAA","file":"/lib/routes.jsx.map","sourcesContent":["//Route to Login-page\nFlowRouter.route(\"/\",{\n  name:\"Login\",\n  action:function(){\n    ReactLayout.render(Login,{})\n  }\n})\n\nFlowRouter.route(\"/locationPage\",{\n  name:\"LocationPage\",\n  action:function(){\n    ReactLayout.render(LocationPage,{})\n  }\n})\n\nFlowRouter.go(\"/dashboardPage\",{\n  name:\"DashboardPage\",\n  action:function(){\n    ReactLayout.render(DashboardPage,{})\n  }\n})\n"]},"hash":"2edd86dbce9c1dd4809444c48ec270bf39e179bc"}
