{"metadata":{"modules":{"imports":[],"exports":{"exported":[],"specifiers":[]}},"usedHelpers":[]},"ignored":false,"code":"Map = React.createClass({\n  displayName: \"Map\",\n\n  mixins: [ReactMeteorData],\n  componentDidMount: function () {\n    GoogleMaps.load();\n  },\n  getMeteorData: function () {\n    return {\n      loaded: GoogleMaps.loaded(),\n      mapOptions: GoogleMaps.loaded() && this.mapOptions()\n    };\n  },\n  mapOptions: function () {\n    return {\n      center: new google.maps.LatLng(this.props.lat, this.props.lng),\n      //FIXME id is now a combination of lat and long. Not good?\n      id: this.props.lat + this.props.lng,\n      zoom: 13,\n      scrollwheel: false,\n      disableDefaultUI: true,\n      draggable: false,\n      styles: [\n      /*{\"featureType\":\"water\",\"stylers\":[{\"saturation\":43},{\"lightness\":-10},{\"hue\":\"#2aa9dc\"}]},\n      {\"featureType\":\"road\",\"elementType\":\"geometry.fill\",\"stylers\":[{\"hue\":\"#ff0000\"},{\"saturation\":-100},{\"lightness\":99}]},\n      {\"featureType\":\"road\",\"elementType\":\"geometry.stroke\",\"stylers\":[{\"color\":\"#808080\"},{\"lightness\":54}]},\n      {\"featureType\":\"road\",\"elementType\":\"labels.text.fill\",\"stylers\":[{\"color\":\"#767676\"}]},\n      {\"featureType\":\"road\",\"elementType\":\"labels.icon\",\"stylers\":[{\"visibility\":\"off\"}]},\n      {\"featureType\":\"poi\",\"stylers\":[{\"visibility\":\"off\"}]},\n      {\"featureType\":\"landscape.natural\",\"elementType\":\"geometry.fill\",\"stylers\":[{\"visibility\":\"on\"},{\"color\":\"#b8cb93\"}]},\n      {\"featureType\":\"transit\",\"stylers\":[{\"visibility\":\"off\"}]}*/\n      {\n        \"stylers\": [{\n          \"hue\": \"#ff1a00\"\n        }, {\n          \"invert_lightness\": true\n        }, {\n          \"saturation\": -90\n        }, {\n          \"lightness\": 33\n        }, {\n          \"gamma\": 0.5\n        }]\n      }, {\n        \"featureType\": \"water\",\n        \"elementType\": \"geometry\",\n        \"stylers\": [{\n          \"color\": \"#2aa9dc\"\n        }]\n      }]\n    };\n  },\n  render: function () {\n    if (this.data.loaded) {\n      return React.createElement(GoogleMap, { name: this.data.mapOptions.id, options: this.data.mapOptions });\n    }\n    return React.createElement(\n      \"div\",\n      { className: \"text-center\" },\n      \"Loading Map\"\n    );\n  }\n});\n\nGoogleMap = React.createClass({\n  displayName: \"GoogleMap\",\n\n  propTypes: {\n    name: React.PropTypes.string.isRequired,\n    options: React.PropTypes.object.isRequired\n  },\n  componentDidMount: function () {\n    GoogleMaps.create({\n      name: this.props.name,\n      element: ReactDOM.findDOMNode(this),\n      options: this.props.options\n    });\n\n    GoogleMaps.ready(this.props.name, function (map) {\n      var marker = new google.maps.Marker({\n        position: map.options.center,\n        map: map.instance\n      });\n    });\n  },\n  componentWillUnmount: function () {\n    if (GoogleMaps.maps[this.props.name]) {\n      google.maps.event.clearInstanceListeners(GoogleMaps.maps[this.props.name].instance);\n      delete GoogleMaps.maps[this.props.name];\n    }\n  },\n  render: function () {\n    return React.createElement(\"div\", { className: \"map-container\" });\n  }\n});","ast":null,"map":{"version":3,"sources":["/client/components/map/map.jsx"],"names":[],"mappings":"AAAA,GAAG,GAAG,KAAK,CAAC,WAAW,CAAC;;;AACtB,QAAM,EAAE,CAAC,eAAe,CAAC;AACzB,mBAAiB,EAAA,YAAG;AAClB,cAAU,CAAC,IAAI,EAAE,CAAC;GACnB;AACD,eAAa,EAAA,YAAG;AACd,WAAO;AACL,YAAM,EAAE,UAAU,CAAC,MAAM,EAAE;AAC3B,gBAAU,EAAE,UAAU,CAAC,MAAM,EAAE,IAAI,IAAI,CAAC,UAAU,EAAE;KACrD,CAAC;GACH;AACD,YAAU,EAAA,YAAG;AACX,WAAO;AACL,YAAM,EAAE,IAAI,MAAM,CAAC,IAAI,CAAC,MAAM,CAAC,IAAI,CAAC,KAAK,CAAC,GAAG,EAAE,IAAI,CAAC,KAAK,CAAC,GAAG,CAAC;;AAE9D,QAAE,EAAE,IAAI,CAAC,KAAK,CAAC,GAAG,GAAG,IAAI,CAAC,KAAK,CAAC,GAAG;AACnC,UAAI,EAAE,EAAE;AACR,iBAAW,EAAE,KAAK;AAClB,sBAAgB,EAAE,IAAI;AACtB,eAAS,EAAC,KAAK;AACf,YAAM,EAAE;;;;;;;;;AASN;AACA,iBAAS,EAAE,CACP;AACI,eAAK,EAAE,SAAS;SACnB,EACD;AACI,4BAAkB,EAAE,IAAI;SAC3B,EACD;AACI,sBAAY,EAAE,CAAC,EAAE;SACpB,EACD;AACI,qBAAW,EAAE,EAAE;SAClB,EACD;AACI,iBAAO,EAAE,GAAG;SACf,CACJ;OACJ,EACD;AACI,qBAAa,EAAE,OAAO;AACtB,qBAAa,EAAE,UAAU;AACzB,iBAAS,EAAE,CACP;AACI,iBAAO,EAAE,SAAS;SACrB,CACJ;OACJ,CACE;KACF,CAAC;GACH;AACD,QAAM,EAAA,YAAG;AACP,QAAG,IAAI,CAAC,IAAI,CAAC,MAAM,EAAE;AACnB,aAAO,oBAAC,SAAS,IAAC,IAAI,EAAE,IAAI,CAAC,IAAI,CAAC,UAAU,CAAC,EAAE,AAAC,EAAC,OAAO,EAAE,IAAI,CAAC,IAAI,CAAC,UAAU,AAAC,GAAG,CAAC;KACpF;AACD,WAAO;;QAAK,SAAS,EAAC,aAAa;;KAAkB,CAAC;GACvD;CACF,CAAC,CAAC;;AAEH,SAAS,GAAG,KAAK,CAAC,WAAW,CAAC;;;AAC5B,WAAS,EAAE;AACT,QAAI,EAAE,KAAK,CAAC,SAAS,CAAC,MAAM,CAAC,UAAU;AACvC,WAAO,EAAE,KAAK,CAAC,SAAS,CAAC,MAAM,CAAC,UAAU;GAC3C;AACD,mBAAiB,EAAA,YAAG;AAClB,cAAU,CAAC,MAAM,CAAC;AAChB,UAAI,EAAE,IAAI,CAAC,KAAK,CAAC,IAAI;AACrB,aAAO,EAAE,QAAQ,CAAC,WAAW,CAAC,IAAI,CAAC;AACnC,aAAO,EAAE,IAAI,CAAC,KAAK,CAAC,OAAO;KAC5B,CAAC,CAAC;;AAEH,cAAU,CAAC,KAAK,CAAC,IAAI,CAAC,KAAK,CAAC,IAAI,EAAE,UAAS,GAAG,EAAE;AAC9C,UAAI,MAAM,GAAG,IAAI,MAAM,CAAC,IAAI,CAAC,MAAM,CAAC;AAClC,gBAAQ,EAAC,GAAG,CAAC,OAAO,CAAC,MAAM;AAC3B,WAAG,EAAE,GAAG,CAAC,QAAQ;OAClB,CAAC,CAAC;KACJ,CAAC,CAAC;GACJ;AACD,sBAAoB,EAAA,YAAG;AACrB,QAAI,UAAU,CAAC,IAAI,CAAC,IAAI,CAAC,KAAK,CAAC,IAAI,CAAC,EAAE;AACpC,YAAM,CAAC,IAAI,CAAC,KAAK,CAAC,sBAAsB,CAAC,UAAU,CAAC,IAAI,CAAC,IAAI,CAAC,KAAK,CAAC,IAAI,CAAC,CAAC,QAAQ,CAAC,CAAC;AACpF,aAAO,UAAU,CAAC,IAAI,CAAC,IAAI,CAAC,KAAK,CAAC,IAAI,CAAC,CAAC;KACzC;GACF;AACD,QAAM,EAAA,YAAG;AACP,WAAO,6BAAK,SAAS,EAAC,eAAe,GAAO,CAAC;GAC9C;CACF,CAAC,CAAC","file":"/client/components/map/map.jsx.map","sourcesContent":["Map = React.createClass({\n  mixins: [ReactMeteorData],\n  componentDidMount() {\n    GoogleMaps.load();\n  },\n  getMeteorData() {\n    return {\n      loaded: GoogleMaps.loaded(),\n      mapOptions: GoogleMaps.loaded() && this.mapOptions()\n    };\n  },\n  mapOptions() {\n    return {\n      center: new google.maps.LatLng(this.props.lat, this.props.lng),\n      //FIXME id is now a combination of lat and long. Not good?\n      id: this.props.lat + this.props.lng,\n      zoom: 13,\n      scrollwheel: false,\n      disableDefaultUI: true,\n      draggable:false,\n      styles: [\n        /*{\"featureType\":\"water\",\"stylers\":[{\"saturation\":43},{\"lightness\":-10},{\"hue\":\"#2aa9dc\"}]},\n        {\"featureType\":\"road\",\"elementType\":\"geometry.fill\",\"stylers\":[{\"hue\":\"#ff0000\"},{\"saturation\":-100},{\"lightness\":99}]},\n        {\"featureType\":\"road\",\"elementType\":\"geometry.stroke\",\"stylers\":[{\"color\":\"#808080\"},{\"lightness\":54}]},\n        {\"featureType\":\"road\",\"elementType\":\"labels.text.fill\",\"stylers\":[{\"color\":\"#767676\"}]},\n        {\"featureType\":\"road\",\"elementType\":\"labels.icon\",\"stylers\":[{\"visibility\":\"off\"}]},\n        {\"featureType\":\"poi\",\"stylers\":[{\"visibility\":\"off\"}]},\n        {\"featureType\":\"landscape.natural\",\"elementType\":\"geometry.fill\",\"stylers\":[{\"visibility\":\"on\"},{\"color\":\"#b8cb93\"}]},\n        {\"featureType\":\"transit\",\"stylers\":[{\"visibility\":\"off\"}]}*/\n        {\n        \"stylers\": [\n            {\n                \"hue\": \"#ff1a00\"\n            },\n            {\n                \"invert_lightness\": true\n            },\n            {\n                \"saturation\": -90\n            },\n            {\n                \"lightness\": 33\n            },\n            {\n                \"gamma\": 0.5\n            }\n        ]\n    },\n    {\n        \"featureType\": \"water\",\n        \"elementType\": \"geometry\",\n        \"stylers\": [\n            {\n                \"color\": \"#2aa9dc\"\n            }\n        ]\n    }\n      ]\n    };\n  },\n  render() {\n    if(this.data.loaded) {\n      return <GoogleMap name={this.data.mapOptions.id} options={this.data.mapOptions} />;\n    }\n    return <div className=\"text-center\">Loading Map</div>;\n  }\n});\n\nGoogleMap = React.createClass({\n  propTypes: {\n    name: React.PropTypes.string.isRequired,\n    options: React.PropTypes.object.isRequired\n  },\n  componentDidMount() {\n    GoogleMaps.create({\n      name: this.props.name,\n      element: ReactDOM.findDOMNode(this),\n      options: this.props.options\n    });\n\n    GoogleMaps.ready(this.props.name, function(map) {\n      let marker = new google.maps.Marker({\n        position:map.options.center,\n        map: map.instance,\n      });\n    });\n  },\n  componentWillUnmount() {\n    if (GoogleMaps.maps[this.props.name]) {\n      google.maps.event.clearInstanceListeners(GoogleMaps.maps[this.props.name].instance);\n      delete GoogleMaps.maps[this.props.name];\n    }\n  },\n  render() {\n    return <div className=\"map-container\"></div>;\n  }\n});\n"]},"hash":"2fc28ba49a13274c7ea930958cec0183044d02ee"}
