{"metadata":{"modules":{"imports":[],"exports":{"exported":[],"specifiers":[]}},"usedHelpers":[]},"ignored":false,"code":"Graph = React.createClass({\n  displayName: \"Graph\",\n\n  _makeGraph: function () {\n    var allValues = \"test\";\n    console.log(allValues);\n  },\n\n  componentDidMount: function () {\n    _makeGraph();\n    console.log(\"TESTTEST\");\n  },\n  /*  var allValues = \"\";\n    //console.log(allValues);\n  \n  \n    for(var key in allValues){\n      if(key === \"values\")\n      for(var i in allValues[key]){ // i = hours\n        var hour = i;\n          for(var j in allValues[key][i]){ // j = minutes\n            var minute = j;\n            for(var k in allValues[key][i][j]){ // k = seconds\n              var second = k;\n              var value = allValues[key][i][j][k];\n              graphString += day + \" \" + hour + \":\" + minute + \":\" + second + \",\" + value + \"\\n\";\n            }\n          }\n      }\n    }\n        this.g2 = new Dygraph(\n        document.getElementById('graf1'),\n        \"Date,Value\\n\" + graphString,\n        {\n          ylabel: 'Value (' + allValues.type + \")\",\n          title: allValues.type,\n          strokeWidth: 2,\n          //gridLineColor: 'rgb(204,0,255)',\n          color: 'rgb(204,0,255)',\n          fillGraph: true,\n          axisLineColor: 'rgb(204,0,255)',\n          showRangeSelector: true,\n          rangeSelectorHeight: 30,\n          rangeSelectorPlotFillColor: 'rgb(204,0,255)',\n          rangeSelectorPlotStrokeColor: 'rgb(204,0,255)',\n  \n          //fillGraph:true,\n          //showRangeSelector:true\n          //connectSeparatedPoints:true,\n        }\n      );\n    },\n  */\n\n  render: function () {\n    if (this.props.sensors) {\n      var testVar = this.props.sensors.values;\n      console.log(testVar);\n    }\n\n    return(\n      //<div id=\"graf1\" className=\"testgraf\" ref=\"graphDiv2\"></div>\n      React.createElement(\n        \"div\",\n        null,\n        \" test\"\n      )\n    );\n  }\n\n});","ast":null,"map":{"version":3,"sources":["/client/components/dashboard/graph/Graph.jsx"],"names":[],"mappings":"AAAA,KAAK,GAAG,KAAK,CAAC,WAAW,CAAC;;;AAG1B,YAAU,EAAC,YAAU;AACnB,QAAI,SAAS,GAAG,MAAM,CAAC;AACvB,WAAO,CAAC,GAAG,CAAC,SAAS,CAAC,CAAC;GAExB;;AAED,mBAAiB,EAAC,YAAU;AAC1B,cAAU,EAAE,CAAC;AACb,WAAO,CAAC,GAAG,CAAC,UAAU,CAAC,CAAC;GAEzB;;;;;;;;;;;;;;;;;;;;;;;;;;;;;;;;;;;;;;;;;;;AA2CC,QAAM,EAAA,YAAE;AACN,QAAG,IAAI,CAAC,KAAK,CAAC,OAAO,EAAC;AACpB,UAAI,OAAO,GAAG,IAAI,CAAC,KAAK,CAAC,OAAO,CAAC,MAAM,CAAC;AACxC,aAAO,CAAC,GAAG,CAAC,OAAO,CAAC,CAAC;KACtB;;AAED;;AAEE;;;;OAAgB;MACjB;GACF;;CAEF,CAAC,CAAA","file":"/client/components/dashboard/graph/Graph.jsx.map","sourcesContent":["Graph = React.createClass({\n\n\n_makeGraph:function(){\n  var allValues = \"test\";\n  console.log(allValues);\n\n},\n\ncomponentDidMount:function(){\n  _makeGraph();\n  console.log(\"TESTTEST\");\n\n},\n/*  var allValues = \"\";\n  //console.log(allValues);\n\n\n  for(var key in allValues){\n    if(key === \"values\")\n    for(var i in allValues[key]){ // i = hours\n      var hour = i;\n        for(var j in allValues[key][i]){ // j = minutes\n          var minute = j;\n          for(var k in allValues[key][i][j]){ // k = seconds\n            var second = k;\n            var value = allValues[key][i][j][k];\n            graphString += day + \" \" + hour + \":\" + minute + \":\" + second + \",\" + value + \"\\n\";\n          }\n        }\n    }\n  }\n      this.g2 = new Dygraph(\n      document.getElementById('graf1'),\n      \"Date,Value\\n\" + graphString,\n      {\n        ylabel: 'Value (' + allValues.type + \")\",\n        title: allValues.type,\n        strokeWidth: 2,\n        //gridLineColor: 'rgb(204,0,255)',\n        color: 'rgb(204,0,255)',\n        fillGraph: true,\n        axisLineColor: 'rgb(204,0,255)',\n        showRangeSelector: true,\n        rangeSelectorHeight: 30,\n        rangeSelectorPlotFillColor: 'rgb(204,0,255)',\n        rangeSelectorPlotStrokeColor: 'rgb(204,0,255)',\n\n        //fillGraph:true,\n        //showRangeSelector:true\n        //connectSeparatedPoints:true,\n      }\n    );\n  },\n*/\n\n  render(){\n    if(this.props.sensors){\n      var testVar = this.props.sensors.values;\n      console.log(testVar);\n    }\n\n    return(\n      //<div id=\"graf1\" className=\"testgraf\" ref=\"graphDiv2\"></div>\n      <div> test</div>\n    )\n  }\n\n})\n"]},"hash":"2ffaddf8868806a77289495ae2500aad1cafc7e7"}
