{"metadata":{"modules":{"imports":[],"exports":{"exported":[],"specifiers":[]}},"usedHelpers":[]},"ignored":false,"code":"LocationPage = React.createClass({\n  displayName: \"LocationPage\",\n\n  render: function () {\n    return React.createElement(\n      \"div\",\n      { className: \"jumbotron text-center\" },\n      React.createElement(\n        \"div\",\n        null,\n        React.createElement(\n          \"div\",\n          { className: \"row\" },\n          React.createElement(\n            \"a\",\n            { href: \"/locationPage\" },\n            \"Oslo\"\n          ),\n          React.createElement(\n            \"a\",\n            { href: \"/locationPage\" },\n            \"Bergen\"\n          ),\n          React.createElement(\n            \"a\",\n            { href: \"/locationPage\" },\n            \"Trondheim\"\n          )\n        )\n      )\n    );\n  }\n});","ast":null,"map":{"version":3,"sources":["/client/components/locationPage/LocationPage.jsx"],"names":[],"mappings":"AAAA,YAAY,GAAG,KAAK,CAAC,WAAW,CAAC;;;AAC/B,QAAM,EAAA,YAAE;AACN,WACE;;QAAK,SAAS,EAAC,uBAAuB;MACpC;;;QACE;;YAAK,SAAS,EAAC,KAAK;UAClB;;cAAG,IAAI,EAAC,eAAe;;WAAS;UAChC;;cAAG,IAAI,EAAC,eAAe;;WAAW;UAClC;;cAAG,IAAI,EAAC,eAAe;;WAAc;SACjC;OACF;KACF,CACP;GACF;CACF,CAAC,CAAA","file":"/client/components/locationPage/LocationPage.jsx.map","sourcesContent":["LocationPage = React.createClass({\n  render(){\n    return(\n      <div className=\"jumbotron text-center\">\n        <div>\n          <div className=\"row\">\n            <a href=\"/locationPage\">Oslo</a>\n            <a href=\"/locationPage\">Bergen</a>\n            <a href=\"/locationPage\">Trondheim</a>\n          </div>\n        </div>\n      </div>\n    )\n  }\n})\n"]},"hash":"30016a4b56889508cef9256f1794ca0f4cd0f9c1"}
