{"metadata":{"modules":{"imports":[],"exports":{"exported":[],"specifiers":[]}},"usedHelpers":[]},"ignored":false,"code":"Graph = React.createClass({\n  displayName: \"Graph\",\n\n  _createGraph: function () {\n    var allValues = this.props.sensors;\n    console.log(\"test inn _createGraph\");\n\n    for (var key in babelHelpers.sanitizeForInObject(allValues)) {\n      if (key === \"values\") for (var i in babelHelpers.sanitizeForInObject(allValues[key])) {\n        // i = hours\n        var hour = i;\n        for (var j in babelHelpers.sanitizeForInObject(allValues[key][i])) {\n          // j = minutes\n          var minute = j;\n          for (var k in babelHelpers.sanitizeForInObject(allValues[key][i][j])) {\n            // k = seconds\n            var second = k;\n            var value = allValues[key][i][j][k];\n            graphString += day + \" \" + hour + \":\" + minute + \":\" + second + \",\" + value + \"\\n\";\n          }\n        }\n      }\n    }\n    this.g2 = new Dygraph(document.getElementById('gr'), \"Date,Value\\n\" + graphString, {\n      ylabel: 'Value (' + allValues.type + \")\",\n      title: allValues.type,\n      strokeWidth: 2,\n      //gridLineColor: 'rgb(204,0,255)',\n      color: 'rgb(204,0,255)',\n      fillGraph: true,\n      axisLineColor: 'rgb(204,0,255)',\n      showRangeSelector: true,\n      rangeSelectorHeight: 30,\n      rangeSelectorPlotFillColor: 'rgb(204,0,255)',\n      rangeSelectorPlotStrokeColor: 'rgb(204,0,255)'\n\n    });\n  },\n\n  //fillGraph:true,\n  //showRangeSelector:true\n  //connectSeparatedPoints:true,\n  componentDidMount: function () {\n    this._createGraph();\n    console.log(\"after _createGraph\");\n  },\n\n  componentDidUpdate: function () {\n    this._createGraph();\n  },\n\n  render: function () {\n    return React.createElement(\"div\", { id: \"gr\", className: \"testgraf\", ref: \"graphDiv4\" });\n  }\n\n});","ast":null,"map":{"version":3,"sources":["/client/components/dashboard/graph/Graph.jsx"],"names":[],"mappings":"AAAA,KAAK,GAAG,KAAK,CAAC,WAAW,CAAC;;;AAE1B,cAAY,EAAC,YAAU;AACrB,QAAI,SAAS,GAAG,IAAI,CAAC,KAAK,CAAC,OAAO,CAAC;AACnC,WAAO,CAAC,GAAG,CAAC,uBAAuB,CAAC,CAAC;;AAErC,SAAI,IAAI,GAAG,qCAAI,SAAS,GAAC;AACvB,UAAG,GAAG,KAAK,QAAQ,EACnB,KAAI,IAAI,CAAC,qCAAI,SAAS,CAAC,GAAG,CAAC,GAAC;;AAC1B,YAAI,IAAI,GAAG,CAAC,CAAC;AACX,aAAI,IAAI,CAAC,qCAAI,SAAS,CAAC,GAAG,CAAC,CAAC,CAAC,CAAC,GAAC;;AAC7B,cAAI,MAAM,GAAG,CAAC,CAAC;AACf,eAAI,IAAI,CAAC,qCAAI,SAAS,CAAC,GAAG,CAAC,CAAC,CAAC,CAAC,CAAC,CAAC,CAAC,GAAC;;AAChC,gBAAI,MAAM,GAAG,CAAC,CAAC;AACf,gBAAI,KAAK,GAAG,SAAS,CAAC,GAAG,CAAC,CAAC,CAAC,CAAC,CAAC,CAAC,CAAC,CAAC,CAAC,CAAC,CAAC;AACpC,uBAAW,IAAI,GAAG,GAAG,GAAG,GAAG,IAAI,GAAG,GAAG,GAAG,MAAM,GAAG,GAAG,GAAG,MAAM,GAAG,GAAG,GAAG,KAAK,GAAG,IAAI,CAAC;WACpF;SACF;OACJ;KACF;AACG,QAAI,CAAC,EAAE,GAAG,IAAI,OAAO,CACrB,QAAQ,CAAC,cAAc,CAAC,IAAI,CAAC,EAC7B,cAAc,GAAG,WAAW,EAC5B;AACE,YAAM,EAAE,SAAS,GAAG,SAAS,CAAC,IAAI,GAAG,GAAG;AACxC,WAAK,EAAE,SAAS,CAAC,IAAI;AACrB,iBAAW,EAAE,CAAC;;AAEd,WAAK,EAAE,gBAAgB;AACvB,eAAS,EAAE,IAAI;AACf,mBAAa,EAAE,gBAAgB;AAC/B,uBAAiB,EAAE,IAAI;AACvB,yBAAmB,EAAE,EAAE;AACvB,gCAA0B,EAAE,gBAAgB;AAC5C,kCAA4B,EAAE,gBAAgB;;KAK/C,CACF,CAAC;GACL;;;;;AAED,mBAAiB,EAAC,YAAU;AAC1B,QAAI,CAAC,YAAY,EAAE,CAAC;AACpB,WAAO,CAAC,GAAG,CAAC,oBAAoB,CAAC,CAAC;GACnC;;AAED,oBAAkB,EAAC,YAAU;AAC3B,QAAI,CAAC,YAAY,EAAE,CAAC;GACrB;;AAGC,QAAM,EAAA,YAAE;AACN,WACE,6BAAK,EAAE,EAAC,IAAI,EAAC,SAAS,EAAC,UAAU,EAAC,GAAG,EAAC,WAAW,GAAO,CACzD;GACF;;CAEF,CAAC,CAAA","file":"/client/components/dashboard/graph/Graph.jsx.map","sourcesContent":["Graph = React.createClass({\n\n_createGraph:function(){\n  var allValues = this.props.sensors;\n  console.log(\"test inn _createGraph\");\n\n  for(var key in allValues){\n    if(key === \"values\")\n    for(var i in allValues[key]){ // i = hours\n      var hour = i;\n        for(var j in allValues[key][i]){ // j = minutes\n          var minute = j;\n          for(var k in allValues[key][i][j]){ // k = seconds\n            var second = k;\n            var value = allValues[key][i][j][k];\n            graphString += day + \" \" + hour + \":\" + minute + \":\" + second + \",\" + value + \"\\n\";\n          }\n        }\n    }\n  }\n      this.g2 = new Dygraph(\n      document.getElementById('gr'),\n      \"Date,Value\\n\" + graphString,\n      {\n        ylabel: 'Value (' + allValues.type + \")\",\n        title: allValues.type,\n        strokeWidth: 2,\n        //gridLineColor: 'rgb(204,0,255)',\n        color: 'rgb(204,0,255)',\n        fillGraph: true,\n        axisLineColor: 'rgb(204,0,255)',\n        showRangeSelector: true,\n        rangeSelectorHeight: 30,\n        rangeSelectorPlotFillColor: 'rgb(204,0,255)',\n        rangeSelectorPlotStrokeColor: 'rgb(204,0,255)',\n\n        //fillGraph:true,\n        //showRangeSelector:true\n        //connectSeparatedPoints:true,\n      }\n    );\n},\n\ncomponentDidMount:function(){\n  this._createGraph();\n  console.log(\"after _createGraph\");\n},\n\ncomponentDidUpdate:function(){\n  this._createGraph();\n},\n\n\n  render(){\n    return(\n      <div id=\"gr\" className=\"testgraf\" ref=\"graphDiv4\"></div>\n    )\n  }\n\n})\n"]},"hash":"309066ffb35d3b9d5819d93c3d352581562c4fae"}
