{"metadata":{"modules":{"imports":[],"exports":{"exported":[],"specifiers":[]}},"usedHelpers":[]},"ignored":false,"code":"Map = React.createClass({\n  displayName: \"Map\",\n\n  mixins: [ReactMeteorData],\n  componentDidMount: function () {\n    GoogleMaps.load();\n  },\n  getMeteorData: function () {\n    return {\n      loaded: GoogleMaps.loaded(),\n      mapOptions: GoogleMaps.loaded() && this._mapOptions()\n    };\n  },\n  _mapOptions: function () {\n    return {\n      center: new google.maps.LatLng(this.props.lat, this.props.lng),\n      zoom: 13,\n      scrollwheel: false,\n      styles: [{\n        stylers: [{ hue: \"#00ffe6\" }, { saturation: -20 }]\n      }, {\n        featureType: \"road\",\n        elementType: \"geometry\",\n        stylers: [{ lightness: 100 }, { visibility: \"simplified\" }]\n      }, {\n        featureType: \"road\",\n        elementType: \"labels\",\n        stylers: [{ visibility: \"off\" }]\n      }]\n    };\n  },\n  render: function () {\n    if (this.data.loaded) {\n      return React.createElement(GoogleMap, { name: \"mymap\", options: this.data.mapOptions });\n    }\n    return React.createElement(\n      \"div\",\n      null,\n      \"Loading Map\"\n    );\n  }\n});\n\nGoogleMap = React.createClass({\n  displayName: \"GoogleMap\",\n\n  propTypes: {\n    name: React.PropTypes.string.isRequired,\n    options: React.PropTypes.object.isRequired\n  },\n  componentDidMount: function () {\n    GoogleMaps.create({\n      name: this.props.name,\n      element: ReactDOM.findDOMNode(this),\n      options: this.props.options\n    });\n\n    GoogleMaps.ready(this.props.name, function (map) {\n      var marker = new google.maps.Marker({\n        position: map.options.center,\n        map: map.instance\n      });\n    });\n  },\n  componentWillUnmount: function () {\n    if (GoogleMaps.maps[this.props.name]) {\n      google.maps.event.clearInstanceListeners(GoogleMaps.maps[this.props.name].instance);\n      delete GoogleMaps.maps[this.props.name];\n    }\n  },\n  render: function () {\n    return React.createElement(\"div\", { className: \"map-container\" });\n  }\n});","ast":null,"map":{"version":3,"sources":["/client/components/sites/map.jsx"],"names":[],"mappings":"AAAA,GAAG,GAAG,KAAK,CAAC,WAAW,CAAC;;;AACtB,QAAM,EAAE,CAAC,eAAe,CAAC;AACzB,mBAAiB,EAAA,YAAG;AAClB,cAAU,CAAC,IAAI,EAAE,CAAC;GACnB;AACD,eAAa,EAAA,YAAG;AACd,WAAO;AACL,YAAM,EAAE,UAAU,CAAC,MAAM,EAAE;AAC3B,gBAAU,EAAE,UAAU,CAAC,MAAM,EAAE,IAAI,IAAI,CAAC,WAAW,EAAE;KACtD,CAAC;GACH;AACD,aAAW,EAAA,YAAG;AACZ,WAAO;AACL,YAAM,EAAE,IAAI,MAAM,CAAC,IAAI,CAAC,MAAM,CAAC,IAAI,CAAC,KAAK,CAAC,GAAG,EAAE,IAAI,CAAC,KAAK,CAAC,GAAG,CAAC;AAC9D,UAAI,EAAE,EAAE;AACR,iBAAW,EAAE,KAAK;AAClB,YAAM,EAAE,CACN;AACE,eAAO,EAAE,CACP,EAAE,GAAG,EAAE,SAAS,EAAE,EAClB,EAAE,UAAU,EAAE,CAAC,EAAE,EAAE,CACpB;OACF,EAAC;AACA,mBAAW,EAAE,MAAM;AACnB,mBAAW,EAAE,UAAU;AACvB,eAAO,EAAE,CACP,EAAE,SAAS,EAAE,GAAG,EAAE,EAClB,EAAE,UAAU,EAAE,YAAY,EAAE,CAC7B;OACF,EAAC;AACA,mBAAW,EAAE,MAAM;AACnB,mBAAW,EAAE,QAAQ;AACrB,eAAO,EAAE,CACP,EAAE,UAAU,EAAE,KAAK,EAAE,CACtB;OACF,CACI;KACF,CAAC;GACT;AACD,QAAM,EAAA,YAAG;AACP,QAAI,IAAI,CAAC,IAAI,CAAC,MAAM,EAAE;AACpB,aAAO,oBAAC,SAAS,IAAC,IAAI,EAAC,OAAO,EAAC,OAAO,EAAE,IAAI,CAAC,IAAI,CAAC,UAAU,AAAC,GAAG,CAAC;KAClE;AACD,WAAO;;;;KAAsB,CAAC;GAC/B;CACF,CAAC,CAAC;;AAEH,SAAS,GAAG,KAAK,CAAC,WAAW,CAAC;;;AAC5B,WAAS,EAAE;AACT,QAAI,EAAE,KAAK,CAAC,SAAS,CAAC,MAAM,CAAC,UAAU;AACvC,WAAO,EAAE,KAAK,CAAC,SAAS,CAAC,MAAM,CAAC,UAAU;GAC3C;AACD,mBAAiB,EAAA,YAAG;AAClB,cAAU,CAAC,MAAM,CAAC;AAChB,UAAI,EAAE,IAAI,CAAC,KAAK,CAAC,IAAI;AACrB,aAAO,EAAE,QAAQ,CAAC,WAAW,CAAC,IAAI,CAAC;AACnC,aAAO,EAAE,IAAI,CAAC,KAAK,CAAC,OAAO;KAC5B,CAAC,CAAC;;AAEH,cAAU,CAAC,KAAK,CAAC,IAAI,CAAC,KAAK,CAAC,IAAI,EAAE,UAAS,GAAG,EAAE;AAC9C,UAAI,MAAM,GAAG,IAAI,MAAM,CAAC,IAAI,CAAC,MAAM,CAAC;AAClC,gBAAQ,EAAC,GAAG,CAAC,OAAO,CAAC,MAAM;AAC3B,WAAG,EAAE,GAAG,CAAC,QAAQ;OAClB,CAAC,CAAC;KACJ,CAAC,CAAC;GACJ;AACD,sBAAoB,EAAA,YAAG;AACrB,QAAI,UAAU,CAAC,IAAI,CAAC,IAAI,CAAC,KAAK,CAAC,IAAI,CAAC,EAAE;AACpC,YAAM,CAAC,IAAI,CAAC,KAAK,CAAC,sBAAsB,CAAC,UAAU,CAAC,IAAI,CAAC,IAAI,CAAC,KAAK,CAAC,IAAI,CAAC,CAAC,QAAQ,CAAC,CAAC;AACpF,aAAO,UAAU,CAAC,IAAI,CAAC,IAAI,CAAC,KAAK,CAAC,IAAI,CAAC,CAAC;KACzC;GACF;AACD,QAAM,EAAA,YAAG;AACP,WAAO,6BAAK,SAAS,EAAC,eAAe,GAAO,CAAC;GAC9C;CACF,CAAC,CAAC","file":"/client/components/sites/map.jsx.map","sourcesContent":["Map = React.createClass({\n  mixins: [ReactMeteorData],\n  componentDidMount() {\n    GoogleMaps.load();\n  },\n  getMeteorData() {\n    return {\n      loaded: GoogleMaps.loaded(),\n      mapOptions: GoogleMaps.loaded() && this._mapOptions()\n    };\n  },\n  _mapOptions() {\n    return {\n      center: new google.maps.LatLng(this.props.lat, this.props.lng),\n      zoom: 13,\n      scrollwheel: false,\n      styles: [\n        {\n          stylers: [\n            { hue: \"#00ffe6\" },\n            { saturation: -20 }\n          ]\n        },{\n          featureType: \"road\",\n          elementType: \"geometry\",\n          stylers: [\n            { lightness: 100 },\n            { visibility: \"simplified\" }\n          ]\n        },{\n          featureType: \"road\",\n          elementType: \"labels\",\n          stylers: [\n            { visibility: \"off\" }\n          ]\n        }\n            ]\n          };\n  },\n  render() {\n    if (this.data.loaded) {\n      return <GoogleMap name=\"mymap\" options={this.data.mapOptions} />;\n    }\n    return <div>Loading Map</div>;\n  }\n});\n\nGoogleMap = React.createClass({\n  propTypes: {\n    name: React.PropTypes.string.isRequired,\n    options: React.PropTypes.object.isRequired\n  },\n  componentDidMount() {\n    GoogleMaps.create({\n      name: this.props.name,\n      element: ReactDOM.findDOMNode(this),\n      options: this.props.options\n    });\n\n    GoogleMaps.ready(this.props.name, function(map) {\n      let marker = new google.maps.Marker({\n        position:map.options.center,\n        map: map.instance\n      });\n    });\n  },\n  componentWillUnmount() {\n    if (GoogleMaps.maps[this.props.name]) {\n      google.maps.event.clearInstanceListeners(GoogleMaps.maps[this.props.name].instance);\n      delete GoogleMaps.maps[this.props.name];\n    }\n  },\n  render() {\n    return <div className=\"map-container\"></div>;\n  }\n});\n"]},"hash":"30b0274d6dd3b803a4bc880be610b754216c0f5e"}
