{"metadata":{"modules":{"imports":[],"exports":{"exported":[],"specifiers":[]}},"usedHelpers":[]},"ignored":false,"code":"Graph = React.createClass({\n  displayName: 'Graph',\n\n  mixins: [ReactMeteorData],\n  getMeteorData: function () {\n\n    //let data = {};\n\n    //SensorsCollection = new Mongo.Collection('sensors');\n    //console.log(SensorsCollection);\n\n    //Meteor.subscribe('sensors');\n    //data = SensorsCollection.find();\n    //return data;\n    //console.log(SensorsCollection.find());\n    var data = {};\n    data.array = [];\n\n    SensorCollection = new Mongo.Collection('testCollection');\n    Meteor.subscribe('testCollection');\n\n    data.array = SensorCollection.find({ name: 1 }).fetch();\n\n    return data;\n  },\n\n  render: function () {\n\n    if (this.data) {\n      var testVar = React.createElement(\n        'div',\n        null,\n        this.data.array\n      );\n    }\n\n    return React.createElement(\n      'div',\n      { className: 'jumbotron' },\n      testVar\n    );\n  }\n});","ast":null,"map":{"version":3,"sources":["/client/components/dashboard/graph/Graph.jsx"],"names":[],"mappings":"AAAA,KAAK,GAAG,KAAK,CAAC,WAAW,CAAC;;;AAExB,QAAM,EAAC,CAAC,eAAe,CAAC;AACxB,eAAa,EAAA,YAAE;;;;;;;;;;;AAWb,QAAI,IAAI,GAAE,EAAE,CAAC;AACb,QAAI,CAAC,KAAK,GAAG,EAAE,CAAC;;AAEhB,oBAAgB,GAAG,IAAI,KAAK,CAAC,UAAU,CAAC,gBAAgB,CAAC,CAAC;AAC1D,UAAM,CAAC,SAAS,CAAC,gBAAgB,CAAC,CAAC;;AAEjC,QAAI,CAAC,KAAK,GAAG,gBAAgB,CAAC,IAAI,CAAC,EAAC,IAAI,EAAC,CAAC,EAAC,CAAC,CAAC,KAAK,EAAE,CAAA;;AAEpD,WAAO,IAAI,CAAC;GACf;;AAED,QAAM,EAAA,YAAE;;AAEN,QAAG,IAAI,CAAC,IAAI,EAAC;AACX,UAAI,OAAO,GAAG;;;QAAM,IAAI,CAAC,IAAI,CAAC,KAAK;OAAO,CAAA;KAC3C;;AAED,WACE;;QAAK,SAAS,EAAC,WAAW;MACvB,OAAO;KACJ,CACP;GACF;CACF,CAAC,CAAA","file":"/client/components/dashboard/graph/Graph.jsx.map","sourcesContent":["Graph = React.createClass({\n\n  mixins:[ReactMeteorData],\n  getMeteorData(){\n\n    //let data = {};\n\n    //SensorsCollection = new Mongo.Collection('sensors');\n    //console.log(SensorsCollection);\n\n    //Meteor.subscribe('sensors');\n    //data = SensorsCollection.find();\n    //return data;\n    //console.log(SensorsCollection.find());\n    let data ={};\n    data.array = [];\n\n    SensorCollection = new Mongo.Collection('testCollection');\n    Meteor.subscribe('testCollection');\n\n      data.array = SensorCollection.find({name:1}).fetch()\n\n      return data;\n  },\n\n  render(){\n\n    if(this.data){\n      var testVar = <div>{this.data.array}</div>\n    }\n\n    return(\n      <div className=\"jumbotron\">\n        {testVar}\n      </div>\n    )\n  }\n})\n"]},"hash":"30ec1db769a6e6bcfeb738389c7ad3b93edf033b"}
