{"metadata":{"modules":{"imports":[],"exports":{"exported":[],"specifiers":[]}},"usedHelpers":[]},"ignored":false,"code":"GraphCo2 = React.createClass({\n  displayName: \"GraphCo2\",\n\n  mixins: [ReactMeteorData],\n\n  getMeteorData: function () {\n    var data = [];\n    var handle = Meteor.subscribe('sensors');\n\n    //Use ready() so data dont log before Sensors.find().fetch() is done\n    if (handle.ready()) {\n      data = Sensors.find({ type: \"co2\" }).fetch();\n      console.log(\"This is Co2\", data);\n    }\n    return {\n      sensors: Sensors.find({ type: \"co2\" }).fetch()\n    };\n  },\n\n  _createGraph: function (data) {\n\n    var graphString = \"\";\n\n    var allValues = this.data.sensors[0];\n\n    //FIXME day is hardcoded, get day from allValues\n    var day = allValues.day;\n    for (var key in babelHelpers.sanitizeForInObject(allValues)) {\n      if (key === \"values\") for (var i in babelHelpers.sanitizeForInObject(allValues[key])) {\n        // i = hours\n        var hour = i;\n        for (var j in babelHelpers.sanitizeForInObject(allValues[key][i])) {\n          // j = minutes\n          var minute = j;\n          for (var k in babelHelpers.sanitizeForInObject(allValues[key][i][j])) {\n            // k = seconds\n            var second = k;\n            var value = allValues[key][i][j][k];\n            graphString += day + \" \" + hour + \":\" + minute + \":\" + second + \",\" + value + \"\\n\";\n            break; //Every minute\n          }\n        }\n      }\n    }\n    this.g = new Dygraph(document.getElementById('test1'), \"Date,Value\\n\" + graphString, {\n      ylabel: 'Value (' + allValues.type + \")\",\n      //title: allValues.type,\n      strokeWidth: 2,\n      //gridLineColor: 'rgb(33,150,119)',\n      color: 'rgb(33,150,119)',\n      fillGraph: true,\n      axisLineColor: 'rgb(33,150,119)',\n      showRangeSelector: true,\n      rangeSelectorHeight: 30,\n      rangeSelectorPlotFillColor: 'rgb(33,150,119)',\n      rangeSelectorPlotStrokeColor: 'rgb(33,150,119)'\n\n    });\n  },\n\n  //fillGraph:true,\n  //showRangeSelector:true\n  //connectSeparatedPoints:true,\n  componentDidMount: function () {\n    this._createGraph();\n    console.log(\"cdm1 called\");\n  },\n  componentDidUpdate: function () {\n    this._createGraph();\n    console.log(\"cdu1 called\");\n  },\n\n  render: function () {\n    /*if(this.data.sensors){\n      var testVar = <div>Hei test</div>\n    }*/\n\n    return React.createElement(\n      \"div\",\n      { className: \"panel panel-default\" },\n      React.createElement(\n        \"div\",\n        { className: \"panel-heading\" },\n        React.createElement(\n          \"h3\",\n          { className: \"panel-title text-center\" },\n          \"co2\"\n        )\n      ),\n      React.createElement(\n        \"div\",\n        { className: \"panel-body\" },\n        React.createElement(\"div\", { id: \"test1\", className: \"testgraf\", ref: \"graphDiv\" })\n      )\n    );\n  }\n});","ast":null,"map":{"version":3,"sources":["/client/components/dashboard/graph/GraphCo2.jsx"],"names":[],"mappings":"AAAA,QAAQ,GAAG,KAAK,CAAC,WAAW,CAAC;;;AAE3B,QAAM,EAAC,CAAC,eAAe,CAAC;;AAExB,eAAa,EAAA,YAAE;AACb,QAAI,IAAI,GAAG,EAAE,CAAC;AACd,QAAI,MAAM,GAAG,MAAM,CAAC,SAAS,CAAC,SAAS,CAAC,CAAC;;;AAGzC,QAAG,MAAM,CAAC,KAAK,EAAE,EAAC;AAChB,UAAI,GAAG,OAAO,CAAC,IAAI,CAAC,EAAC,IAAI,EAAC,KAAK,EAAC,CAAC,CAAC,KAAK,EAAE,CAAC;AAC1C,aAAO,CAAC,GAAG,CAAC,aAAa,EAAC,IAAI,CAAC,CAAC;KACjC;AACD,WAAM;AACJ,aAAO,EAAE,OAAO,CAAC,IAAI,CAAC,EAAC,IAAI,EAAC,KAAK,EAAC,CAAC,CAAC,KAAK,EAAE;KAC5C,CAAA;GAEF;;AAED,cAAY,EAAE,UAAS,IAAI,EAAC;;AAE5B,QAAI,WAAW,GAAG,EAAE,CAAC;;AAErB,QAAI,SAAS,GAAG,IAAI,CAAC,IAAI,CAAC,OAAO,CAAC,CAAC,CAAC,CAAC;;;AAGrC,QAAI,GAAG,GAAG,SAAS,CAAC,GAAG,CAAC;AACxB,SAAI,IAAI,GAAG,qCAAI,SAAS,GAAC;AACvB,UAAG,GAAG,KAAK,QAAQ,EACnB,KAAI,IAAI,CAAC,qCAAI,SAAS,CAAC,GAAG,CAAC,GAAC;;AAC1B,YAAI,IAAI,GAAG,CAAC,CAAC;AACX,aAAI,IAAI,CAAC,qCAAI,SAAS,CAAC,GAAG,CAAC,CAAC,CAAC,CAAC,GAAC;;AAC7B,cAAI,MAAM,GAAG,CAAC,CAAC;AACf,eAAI,IAAI,CAAC,qCAAI,SAAS,CAAC,GAAG,CAAC,CAAC,CAAC,CAAC,CAAC,CAAC,CAAC,GAAC;;AAChC,gBAAI,MAAM,GAAG,CAAC,CAAC;AACf,gBAAI,KAAK,GAAG,SAAS,CAAC,GAAG,CAAC,CAAC,CAAC,CAAC,CAAC,CAAC,CAAC,CAAC,CAAC,CAAC,CAAC;AACpC,uBAAW,IAAI,GAAG,GAAG,GAAG,GAAG,IAAI,GAAG,GAAG,GAAG,MAAM,GAAG,GAAG,GAAG,MAAM,GAAG,GAAG,GAAG,KAAK,GAAG,IAAI,CAAC;AACnF,kBAAM;WACP;SACF;OACJ;KACF;AACG,QAAI,CAAC,CAAC,GAAG,IAAI,OAAO,CACpB,QAAQ,CAAC,cAAc,CAAC,OAAO,CAAC,EAChC,cAAc,GAAG,WAAW,EAC5B;AACE,YAAM,EAAE,SAAS,GAAG,SAAS,CAAC,IAAI,GAAG,GAAG;;AAExC,iBAAW,EAAE,CAAC;;AAEd,WAAK,EAAE,iBAAiB;AACxB,eAAS,EAAE,IAAI;AACf,mBAAa,EAAE,iBAAiB;AAChC,uBAAiB,EAAE,IAAI;AACvB,yBAAmB,EAAE,EAAE;AACvB,gCAA0B,EAAE,iBAAiB;AAC7C,kCAA4B,EAAE,iBAAiB;;KAKhD,CACF,CAAC;GACH;;;;;AAED,mBAAiB,EAAE,YAAU;AAC3B,QAAI,CAAC,YAAY,EAAE,CAAC;AACpB,WAAO,CAAC,GAAG,CAAC,aAAa,CAAC,CAAC;GAC5B;AACD,oBAAkB,EAAE,YAAU;AAC5B,QAAI,CAAC,YAAY,EAAE,CAAC;AACpB,WAAO,CAAC,GAAG,CAAC,aAAa,CAAC,CAAC;GAC5B;;AAGD,QAAM,EAAA,YAAE;;;;;AAKN,WACE;;QAAK,SAAS,EAAC,qBAAqB;MAClC;;UAAK,SAAS,EAAC,eAAe;QAC5B;;YAAI,SAAS,EAAC,yBAAyB;;SAAS;OAC5C;MACN;;UAAK,SAAS,EAAC,YAAY;QAC3B,6BAAK,EAAE,EAAC,OAAO,EAAC,SAAS,EAAC,UAAU,EAAC,GAAG,EAAC,UAAU,GAAO;OACpD;KACF,CACP;GACF;CACF,CAAC,CAAA","file":"/client/components/dashboard/graph/GraphCo2.jsx.map","sourcesContent":["GraphCo2 = React.createClass({\n\n  mixins:[ReactMeteorData],\n\n  getMeteorData(){\n    var data = [];\n    var handle = Meteor.subscribe('sensors');\n\n    //Use ready() so data dont log before Sensors.find().fetch() is done\n    if(handle.ready()){\n      data = Sensors.find({type:\"co2\"}).fetch();\n      console.log(\"This is Co2\",data);\n    }\n    return{\n      sensors: Sensors.find({type:\"co2\"}).fetch()\n    }\n\n  },\n\n  _createGraph: function(data){\n\n  var graphString = \"\";\n\n  var allValues = this.data.sensors[0];\n\n  //FIXME day is hardcoded, get day from allValues\n  var day = allValues.day;\n  for(var key in allValues){\n    if(key === \"values\")\n    for(var i in allValues[key]){ // i = hours\n      var hour = i;\n        for(var j in allValues[key][i]){ // j = minutes\n          var minute = j;\n          for(var k in allValues[key][i][j]){ // k = seconds\n            var second = k;\n            var value = allValues[key][i][j][k];\n            graphString += day + \" \" + hour + \":\" + minute + \":\" + second + \",\" + value + \"\\n\";\n            break; //Every minute\n          }\n        }\n    }\n  }\n      this.g = new Dygraph(\n      document.getElementById('test1'),\n      \"Date,Value\\n\" + graphString,\n      {\n        ylabel: 'Value (' + allValues.type + \")\",\n        //title: allValues.type,\n        strokeWidth: 2,\n        //gridLineColor: 'rgb(33,150,119)',\n        color: 'rgb(33,150,119)',\n        fillGraph: true,\n        axisLineColor: 'rgb(33,150,119)',\n        showRangeSelector: true,\n        rangeSelectorHeight: 30,\n        rangeSelectorPlotFillColor: 'rgb(33,150,119)',\n        rangeSelectorPlotStrokeColor: 'rgb(33,150,119)',\n\n        //fillGraph:true,\n        //showRangeSelector:true\n        //connectSeparatedPoints:true,\n      }\n    );\n  },\n\n  componentDidMount: function(){\n    this._createGraph();\n    console.log(\"cdm1 called\");\n  },\n  componentDidUpdate: function(){\n    this._createGraph();\n    console.log(\"cdu1 called\");\n  },\n\n\n  render(){\n    /*if(this.data.sensors){\n      var testVar = <div>Hei test</div>\n    }*/\n\n    return(\n      <div className=\"panel panel-default\">\n        <div className=\"panel-heading\">\n          <h3 className=\"panel-title text-center\">co2</h3>\n        </div>\n        <div className=\"panel-body\">\n        <div id=\"test1\" className=\"testgraf\" ref=\"graphDiv\"></div>\n        </div>\n      </div>\n    )\n  }\n})\n"]},"hash":"31ea3df6a36653713291c3dcf8900a55ba27e261"}
