{"metadata":{"modules":{"imports":[],"exports":{"exported":[],"specifiers":[]}},"usedHelpers":[]},"ignored":false,"code":"Graph = React.createClass({\n  displayName: \"Graph\",\n\n  //check if object is empty\n  isEmpty: function (obj) {\n    var hasOwnProperty = Object.prototype.hasOwnProperty;\n\n    if (obj == null) return true;\n    if (obj.length > 0) return false;\n    if (obj.length === 0) return true;\n    for (var key in babelHelpers.sanitizeForInObject(obj)) {\n      if (hasOwnProperty.call(obj, key)) return false;\n    }\n    return true;\n  },\n\n  //check if object has more days than one\n  isObjectMoreThanOneDay: function (obj) {\n    return obj.length > 1;\n  },\n\n  writeGraphStringSeveralDays: function (allValues) {\n    var graphString = \"\";\n    var sensorType = undefined;\n    for (var day = 0; day < allValues.length; day++) {\n      var dayDate = allValues[day].day;\n      for (var key in babelHelpers.sanitizeForInObject(allValues[day])) {\n        if (key === \"values\") {\n          for (var hour in babelHelpers.sanitizeForInObject(allValues[day][key])) {\n            for (var minute in babelHelpers.sanitizeForInObject(allValues[day][key][hour])) {\n              for (var second in babelHelpers.sanitizeForInObject(allValues[day][key][hour][minute])) {\n                var value = allValues[day][key][hour][minute][second];\n                graphString += dayDate + \" \" + hour + \":\" + minute + \":\" + second + \",\" + value + \"\\n\";\n                break; //only 1 post pr minute, not every second\n              }\n            }\n          }\n        }\n      }\n    }\n    return graphString;\n  },\n\n  writeGraphStringOneDay: function (allValues) {\n    allValues = allValues[0];\n    var graphString = \"\";\n    var sensorType = undefined;\n    var dayDate = allValues.day;\n    for (var key in babelHelpers.sanitizeForInObject(allValues)) {\n      if (key === \"values\") {\n        for (var hour in babelHelpers.sanitizeForInObject(allValues[key])) {\n          for (var minute in babelHelpers.sanitizeForInObject(allValues[key][hour])) {\n            for (var second in babelHelpers.sanitizeForInObject(allValues[key][hour][minute])) {\n              var value = allValues[key][hour][minute][second];\n              graphString += dayDate + \" \" + hour + \":\" + minute + \":\" + second + \",\" + value + \"\\n\";\n              //break; //only 1 post pr minute, not every second\n            }\n          }\n        }\n      }\n    }\n    return graphString;\n  },\n\n  createGraph: function () {\n    var sensorData = this.props.sensors;\n    var graphString = undefined;\n    if (this.isEmpty(sensorData)) {\n      graphString = \",\\n0,0\";\n      this.g = new Dygraph(this.graf, graphString, {\n        title: 'No data available',\n        pointSize: 0,\n        highlightCircleSize: 0,\n        showLabelsOnHighlight: false\n      });\n    } else {\n      graphString = this.isObjectMoreThanOneDay(sensorData) ? this.writeGraphStringSeveralDays(sensorData) : this.writeGraphStringOneDay(sensorData);\n      this.g2 = new Dygraph(this.graf, \"Date,Value\\n\" + graphString, {\n        ylabel: this.props.graphType,\n        axisLabelColor: '#2aa9dc',\n        drawGrid: false,\n        title: sensorData.type,\n        drawPoints: true,\n        strokeWidth: 0,\n        pointSize: 0.5,\n        color: 'rgb(' + this.props.color + ')',\n        fillGraph: true,\n        axisLineColor: 'rgb(' + this.props.color + ')',\n        showRangeSelector: true,\n        rangeSelectorHeight: 30,\n        retainDateWindow: true,\n        rangeSelectorPlotFillColor: 'rgb(' + this.props.color + ')',\n        rangeSelectorPlotStrokeColor: 'rgb(' + this.props.color + ')'\n      });\n    }\n  },\n\n  componentDidUpdate: function () {\n    if (this.props.sensors) this.createGraph();\n  },\n\n  render: function () {\n    var _this = this;\n\n    return React.createElement(\n      \"div\",\n      null,\n      React.createElement(\n        \"h4\",\n        { className: \"text-center blueText\" },\n        this.props.thingDescription\n      ),\n      React.createElement(\"div\", { className: \"graph\", ref: function (ref) {\n          return _this.graf = ref;\n        } })\n    );\n  }\n});","ast":null,"map":{"version":3,"sources":["/client/components/graph/graph.jsx"],"names":[],"mappings":"AAAA,KAAK,GAAG,KAAK,CAAC,WAAW,CAAC;;;;AAExB,SAAO,EAAA,UAAC,GAAG,EAAE;AACX,QAAI,cAAc,GAAG,MAAM,CAAC,SAAS,CAAC,cAAc,CAAC;;AAErD,QAAI,GAAG,IAAI,IAAI,EAAE,OAAO,IAAI,CAAC;AAC7B,QAAI,GAAG,CAAC,MAAM,GAAG,CAAC,EAAE,OAAO,KAAK,CAAC;AACjC,QAAI,GAAG,CAAC,MAAM,KAAK,CAAC,EAAE,OAAO,IAAI,CAAC;AAClC,SAAI,IAAI,GAAG,qCAAI,GAAG,GAAE;AAClB,UAAI,cAAc,CAAC,IAAI,CAAC,GAAG,EAAE,GAAG,CAAC,EAAE,OAAO,KAAK,CAAC;KACjD;AACD,WAAO,IAAI,CAAC;GACb;;;AAGD,wBAAsB,EAAA,UAAC,GAAG,EAAE;AACxB,WAAO,GAAG,CAAC,MAAM,GAAG,CAAC,CAAA;GACxB;;AAED,6BAA2B,EAAA,UAAC,SAAS,EAAE;AACrC,QAAI,WAAW,GAAG,EAAE,CAAC;AACrB,QAAI,UAAU,YAAA,CAAC;AACf,SAAK,IAAI,GAAG,GAAG,CAAC,EAAE,GAAG,GAAG,SAAS,CAAC,MAAM,EAAE,GAAG,EAAE,EAAE;AAC/C,UAAI,OAAO,GAAG,SAAS,CAAC,GAAG,CAAC,CAAC,GAAG,CAAC;AACjC,WAAK,IAAI,GAAG,qCAAI,SAAS,CAAC,GAAG,CAAC,GAAE;AAC9B,YAAI,GAAG,KAAK,QAAQ,EAAE;AACpB,eAAK,IAAI,IAAI,qCAAI,SAAS,CAAC,GAAG,CAAC,CAAC,GAAG,CAAC,GAAE;AACpC,iBAAK,IAAI,MAAM,qCAAI,SAAS,CAAC,GAAG,CAAC,CAAC,GAAG,CAAC,CAAC,IAAI,CAAC,GAAE;AAC5C,mBAAK,IAAI,MAAM,qCAAI,SAAS,CAAC,GAAG,CAAC,CAAC,GAAG,CAAC,CAAC,IAAI,CAAC,CAAC,MAAM,CAAC,GAAE;AACpD,oBAAI,KAAK,GAAG,SAAS,CAAC,GAAG,CAAC,CAAC,GAAG,CAAC,CAAC,IAAI,CAAC,CAAC,MAAM,CAAC,CAAC,MAAM,CAAC,CAAC;AACtD,2BAAW,IAAI,OAAO,GAAG,GAAG,GAAG,IAAI,GAAG,GAAG,GAAG,MAAM,GAAG,GAAG,GAAG,MAAM,GAAG,GAAG,GAAG,KAAK,GAAG,IAAI,CAAC;AACvF,sBAAM;eACP;aACF;WACF;SACF;OACF;KACF;AACD,WAAO,WAAW,CAAC;GACpB;;AAED,wBAAsB,EAAA,UAAC,SAAS,EAAE;AAChC,aAAS,GAAG,SAAS,CAAC,CAAC,CAAC,CAAC;AACzB,QAAI,WAAW,GAAG,EAAE,CAAC;AACrB,QAAI,UAAU,YAAA,CAAC;AACf,QAAI,OAAO,GAAG,SAAS,CAAC,GAAG,CAAC;AAC5B,SAAK,IAAI,GAAG,qCAAI,SAAS,GAAE;AACzB,UAAI,GAAG,KAAK,QAAQ,EAAE;AACpB,aAAK,IAAI,IAAI,qCAAI,SAAS,CAAC,GAAG,CAAC,GAAE;AAC/B,eAAK,IAAI,MAAM,qCAAI,SAAS,CAAC,GAAG,CAAC,CAAC,IAAI,CAAC,GAAE;AACvC,iBAAK,IAAI,MAAM,qCAAI,SAAS,CAAC,GAAG,CAAC,CAAC,IAAI,CAAC,CAAC,MAAM,CAAC,GAAE;AAC/C,kBAAI,KAAK,GAAG,SAAS,CAAC,GAAG,CAAC,CAAC,IAAI,CAAC,CAAC,MAAM,CAAC,CAAC,MAAM,CAAC,CAAC;AACjD,yBAAW,IAAI,OAAO,GAAG,GAAG,GAAG,IAAI,GAAG,GAAG,GAAG,MAAM,GAAG,GAAG,GAAG,MAAM,GAAG,GAAG,GAAG,KAAK,GAAG,IAAI,CAAC;;aAExF;WACF;SACF;OACF;KACF;AACD,WAAO,WAAW,CAAC;GACpB;;AAED,aAAW,EAAA,YAAG;AACZ,QAAI,UAAU,GAAG,IAAI,CAAC,KAAK,CAAC,OAAO,CAAC;AACpC,QAAI,WAAW,YAAA,CAAC;AAChB,QAAI,IAAI,CAAC,OAAO,CAAC,UAAU,CAAC,EAAE;AAC5B,iBAAW,GAAG,QAAQ,CAAC;AACvB,UAAI,CAAC,CAAC,GAAG,IAAI,OAAO,CAClB,IAAI,CAAC,IAAI,EAAE,WAAW,EACtB;AACE,aAAK,EAAC,mBAAmB;AACzB,iBAAS,EAAE,CAAC;AACZ,2BAAmB,EAAE,CAAC;AACtB,6BAAqB,EAAC,KAAK;OAC5B,CACF,CAAC;KACH,MACI;AACH,iBAAW,GAAG,IAAI,CAAC,sBAAsB,CAAC,UAAU,CAAC,GAAG,IAAI,CAAC,2BAA2B,CAAC,UAAU,CAAC,GAAG,IAAI,CAAC,sBAAsB,CAAC,UAAU,CAAC,CAAC;AAC/I,UAAI,CAAC,EAAE,GAAG,IAAI,OAAO,CACnB,IAAI,CAAC,IAAI,EACT,cAAc,GAAG,WAAW,EAC5B;AACE,cAAM,EAAE,IAAI,CAAC,KAAK,CAAC,SAAS;AAC5B,sBAAc,EAAC,SAAS;AACxB,gBAAQ,EAAE,KAAK;AACf,aAAK,EAAE,UAAU,CAAC,IAAI;AACtB,kBAAU,EAAE,IAAI;AAChB,mBAAW,EAAE,CAAC;AACd,iBAAS,EAAE,GAAG;AACd,aAAK,EAAE,MAAM,GAAC,IAAI,CAAC,KAAK,CAAC,KAAK,GAAC,GAAG;AAClC,iBAAS,EAAE,IAAI;AACf,qBAAa,EAAE,MAAM,GAAC,IAAI,CAAC,KAAK,CAAC,KAAK,GAAC,GAAG;AAC1C,yBAAiB,EAAE,IAAI;AACvB,2BAAmB,EAAE,EAAE;AACvB,wBAAgB,EAAC,IAAI;AACrB,kCAA0B,EAAE,MAAM,GAAC,IAAI,CAAC,KAAK,CAAC,KAAK,GAAC,GAAG;AACvD,oCAA4B,EAAE,MAAM,GAAC,IAAI,CAAC,KAAK,CAAC,KAAK,GAAC,GAAG;OAC1D,CACF,CAAC;KACH;GACF;;AAED,oBAAkB,EAAA,YAAG;AACnB,QAAI,IAAI,CAAC,KAAK,CAAC,OAAO,EAAE,IAAI,CAAC,WAAW,EAAE,CAAC;GAC5C;;AAED,QAAM,EAAA,YAAG;;;AACP,WACE;;;MACE;;UAAI,SAAS,EAAC,sBAAsB;QAAE,IAAI,CAAC,KAAK,CAAC,gBAAgB;OAAM;MACvE,6BAAK,SAAS,EAAC,OAAO,EAAC,GAAG,EAAE,UAAC,GAAG;iBAAK,MAAK,IAAI,GAAG,GAAG;SAAA,AAAC,GAAO;KACxD,CACP;GACF;CACF,CAAC,CAAA","file":"/client/components/graph/graph.jsx.map","sourcesContent":["Graph = React.createClass({\n  //check if object is empty\n  isEmpty(obj) {\n    let hasOwnProperty = Object.prototype.hasOwnProperty;\n\n    if (obj == null) return true;\n    if (obj.length > 0) return false;\n    if (obj.length === 0) return true;\n    for(var key in obj) {\n      if (hasOwnProperty.call(obj, key)) return false;\n    }\n    return true;\n  },\n\n  //check if object has more days than one\n  isObjectMoreThanOneDay(obj) {\n      return obj.length > 1\n  },\n\n  writeGraphStringSeveralDays(allValues) {\n    let graphString = \"\";\n    let sensorType;\n    for (let day = 0; day < allValues.length; day++) {\n      let dayDate = allValues[day].day;\n      for (let key in allValues[day]) {\n        if (key === \"values\") {\n          for (let hour in allValues[day][key]) {\n            for (let minute in allValues[day][key][hour]) {\n              for (let second in allValues[day][key][hour][minute]) {\n                let value = allValues[day][key][hour][minute][second];\n                graphString += dayDate + \" \" + hour + \":\" + minute + \":\" + second + \",\" + value + \"\\n\";\n                break; //only 1 post pr minute, not every second\n              }\n            }\n          }\n        }\n      }\n    }\n    return graphString;\n  },\n\n  writeGraphStringOneDay(allValues) {\n    allValues = allValues[0];\n    let graphString = \"\";\n    let sensorType;\n    let dayDate = allValues.day;\n    for (let key in allValues) {\n      if (key === \"values\") {\n        for (let hour in allValues[key]) {\n          for (let minute in allValues[key][hour]) {\n            for (let second in allValues[key][hour][minute]) {\n              let value = allValues[key][hour][minute][second];\n              graphString += dayDate + \" \" + hour + \":\" + minute + \":\" + second + \",\" + value + \"\\n\";\n              //break; //only 1 post pr minute, not every second\n            }\n          }\n        }\n      }\n    }\n    return graphString;\n  },\n\n  createGraph() {\n    let sensorData = this.props.sensors;\n    let graphString;\n    if (this.isEmpty(sensorData)) {\n      graphString = \",\\n0,0\";\n      this.g = new Dygraph(\n        this.graf, graphString,\n        {\n          title:'No data available',\n          pointSize: 0,\n          highlightCircleSize: 0,\n          showLabelsOnHighlight:false\n        }\n      );\n    }\n    else {\n      graphString = this.isObjectMoreThanOneDay(sensorData) ? this.writeGraphStringSeveralDays(sensorData) : this.writeGraphStringOneDay(sensorData);\n      this.g2 = new Dygraph(\n        this.graf,\n        \"Date,Value\\n\" + graphString,\n        {\n          ylabel: this.props.graphType,\n          axisLabelColor:'#2aa9dc',\n          drawGrid: false,\n          title: sensorData.type,\n          drawPoints: true,\n          strokeWidth: 0,\n          pointSize: 0.5,\n          color: 'rgb('+this.props.color+')',\n          fillGraph: true,\n          axisLineColor: 'rgb('+this.props.color+')',\n          showRangeSelector: true,\n          rangeSelectorHeight: 30,\n          retainDateWindow:true,\n          rangeSelectorPlotFillColor: 'rgb('+this.props.color+')',\n          rangeSelectorPlotStrokeColor: 'rgb('+this.props.color+')',\n        }\n      );\n    }\n  },\n\n  componentDidUpdate() {\n    if (this.props.sensors) this.createGraph();\n  },\n\n  render() {\n    return(\n      <div>\n        <h4 className=\"text-center blueText\">{this.props.thingDescription}</h4>\n        <div className=\"graph\" ref={(ref) => this.graf = ref}></div>\n      </div>\n    )\n  }\n})\n"]},"hash":"32de69e4779a875056d56d55cfa7bc54a6b85d16"}
