{"metadata":{"modules":{"imports":[],"exports":{"exported":[],"specifiers":[]}},"usedHelpers":[]},"ignored":false,"code":"ParentGraph = React.createClass({\n  displayName: 'ParentGraph',\n\n  mixins: [ReactMeteorData],\n  getMeteorData: function () {\n    var data = {};\n    data.readings = [];\n    data.thing = [];\n    var subscriptionReadings = Meteor.subscribe('readings', this.props.sensorId);\n    var subscriptionThings = Meteor.subscribe('things', this.props.thingId);\n\n    if (subscriptionReadings.ready()) {\n      data.readings = Readings.find({ sensorId: this.props.sensorId }).fetch();\n    }\n    if (subscriptionThings.ready()) {\n      data.thing = Things.find({ _id: this.props.thingId }).fetch();\n      console.log(data.thing[0].description);\n    }\n\n    return data;\n  },\n\n  //TODO colors have to be choosen by graphType\n  render: function () {\n    var description = \"\";\n    if (!this.data.things) {\n      description = this.data.thing[0].description;\n    }\n    return React.createElement(\n      'div',\n      null,\n      description,\n      React.createElement(Graph, { sensors: this.data.readings, color: \"246,75,218\" })\n    );\n  }\n});","ast":null,"map":{"version":3,"sources":["/client/components/dashboard/graph/ParentGraph.jsx"],"names":[],"mappings":"AAAA,WAAW,GAAG,KAAK,CAAC,WAAW,CAAC;;;AAC9B,QAAM,EAAE,CAAC,eAAe,CAAC;AACzB,eAAa,EAAA,YAAG;AACd,QAAI,IAAI,GAAG,EAAE,CAAC;AACd,QAAI,CAAC,QAAQ,GAAG,EAAE,CAAC;AACnB,QAAI,CAAC,KAAK,GAAG,EAAE,CAAC;AAChB,QAAM,oBAAoB,GAAG,MAAM,CAAC,SAAS,CAAC,UAAU,EAAE,IAAI,CAAC,KAAK,CAAC,QAAQ,CAAC,CAAC;AAC/E,QAAM,kBAAkB,GAAG,MAAM,CAAC,SAAS,CAAC,QAAQ,EAAE,IAAI,CAAC,KAAK,CAAC,OAAO,CAAC,CAAC;;AAE1E,QAAG,oBAAoB,CAAC,KAAK,EAAE,EAAE;AAC/B,UAAI,CAAC,QAAQ,GAAG,QAAQ,CAAC,IAAI,CAAC,EAAC,QAAQ,EAAC,IAAI,CAAC,KAAK,CAAC,QAAQ,EAAC,CAAC,CAAC,KAAK,EAAE,CAAC;KACvE;AACD,QAAG,kBAAkB,CAAC,KAAK,EAAE,EAAE;AAC7B,UAAI,CAAC,KAAK,GAAG,MAAM,CAAC,IAAI,CAAC,EAAC,GAAG,EAAC,IAAI,CAAC,KAAK,CAAC,OAAO,EAAC,CAAC,CAAC,KAAK,EAAE,CAAC;AAC3D,aAAO,CAAC,GAAG,CAAC,IAAI,CAAC,KAAK,CAAC,CAAC,CAAC,CAAC,WAAW,CAAC,CAAC;KAExC;;AAED,WAAO,IAAI,CAAC;GACb;;;AAGD,QAAM,EAAA,YAAG;AACP,QAAI,WAAW,GAAG,EAAE,CAAC;AACrB,QAAG,CAAC,IAAI,CAAC,IAAI,CAAC,MAAM,EAAE;AACpB,iBAAW,GAAG,IAAI,CAAC,IAAI,CAAC,KAAK,CAAC,CAAC,CAAC,CAAC,WAAW,CAAC;KAC9C;AACC,WACE;;;MACG,WAAW;MACZ,oBAAC,KAAK,IAAC,OAAO,EAAE,IAAI,CAAC,IAAI,CAAC,QAAQ,AAAC,EAAC,KAAK,EAAE,YAAY,AAAC,GAAG;KACvD,CACP;GACF;CACJ,CAAC,CAAA","file":"/client/components/dashboard/graph/ParentGraph.jsx.map","sourcesContent":["ParentGraph = React.createClass({\n  mixins: [ReactMeteorData],\n  getMeteorData() {\n    let data = {};\n    data.readings = [];\n    data.thing = [];\n    const subscriptionReadings = Meteor.subscribe('readings', this.props.sensorId);\n    const subscriptionThings = Meteor.subscribe('things', this.props.thingId);\n\n    if(subscriptionReadings.ready()) {\n      data.readings = Readings.find({sensorId:this.props.sensorId}).fetch();\n    }\n    if(subscriptionThings.ready()) {\n      data.thing = Things.find({_id:this.props.thingId}).fetch();\n      console.log(data.thing[0].description);\n\n    }\n\n    return data;\n  },\n\n  //TODO colors have to be choosen by graphType\n  render() {\n    var description = \"\";\n    if(!this.data.things) {\n      description = this.data.thing[0].description;\n    }\n      return (\n        <div>\n          {description}\n          <Graph sensors={this.data.readings} color={\"246,75,218\"} />\n        </div>\n      )\n    }\n})\n"]},"hash":"32e30429d1b62f23e523ed9c436eac324d788082"}
