{"metadata":{"modules":{"imports":[],"exports":{"exported":[],"specifiers":[]}},"usedHelpers":[]},"ignored":false,"code":"Graph = React.createClass({\n  displayName: 'Graph',\n\n  mixins: [ReactMeteorData],\n  getMeteorData: function () {\n\n    //let data = {};\n\n    //SensorsCollection = new Mongo.Collection('sensors');\n    //console.log(SensorsCollection);\n\n    //Meteor.subscribe('sensors');\n    //data = SensorsCollection.find();\n    //return data;\n    //console.log(SensorsCollection.find());\n\n    SensorCollection = new Mongo.Collection('testCollection');\n    Meteor.subscribe('testCollection');\n    return {\n      nameList: SensorCollection.find({})\n    };\n  },\n\n  render: function () {\n\n    if (this.data.nameList) {\n      var testVar = React.createElement(\n        'div',\n        null,\n        'testdiv'\n      );\n    }\n\n    return React.createElement(\n      'div',\n      { className: 'jumbotron' },\n      testVar\n    );\n  }\n});","ast":null,"map":{"version":3,"sources":["/client/components/dashboard/graph/Graph.jsx"],"names":[],"mappings":"AAAA,KAAK,GAAG,KAAK,CAAC,WAAW,CAAC;;;AAExB,QAAM,EAAC,CAAC,eAAe,CAAC;AACxB,eAAa,EAAA,YAAE;;;;;;;;;;;;AAYb,oBAAgB,GAAG,IAAI,KAAK,CAAC,UAAU,CAAC,gBAAgB,CAAC,CAAC;AAC1D,UAAM,CAAC,SAAS,CAAC,gBAAgB,CAAC,CAAC;AACnC,WAAM;AACJ,cAAQ,EAAE,gBAAgB,CAAC,IAAI,CAAC,EAAE,CAAC;KACpC,CAAA;GAEF;;AAED,QAAM,EAAA,YAAE;;AAEN,QAAG,IAAI,CAAC,IAAI,CAAC,QAAQ,EAAC;AACpB,UAAI,OAAO,GAAG;;;;OAAkB,CAAA;KACjC;;AAED,WACE;;QAAK,SAAS,EAAC,WAAW;MACvB,OAAO;KACJ,CACP;GACF;CACF,CAAC,CAAA","file":"/client/components/dashboard/graph/Graph.jsx.map","sourcesContent":["Graph = React.createClass({\n\n  mixins:[ReactMeteorData],\n  getMeteorData(){\n\n    //let data = {};\n\n    //SensorsCollection = new Mongo.Collection('sensors');\n    //console.log(SensorsCollection);\n\n    //Meteor.subscribe('sensors');\n    //data = SensorsCollection.find();\n    //return data;\n    //console.log(SensorsCollection.find());\n\n    SensorCollection = new Mongo.Collection('testCollection');\n    Meteor.subscribe('testCollection');\n    return{\n      nameList: SensorCollection.find({}),\n    }\n\n  },\n\n  render(){\n\n    if(this.data.nameList){\n      var testVar = <div>testdiv</div>\n    }\n\n    return(\n      <div className=\"jumbotron\">\n        {testVar}\n      </div>\n    )\n  }\n})\n"]},"hash":"33bf6fad4ccc2876626cbc6a1888dc4d09b37fa2"}
